[01Jan2026 20:59:13.132] [main/INFO] [cpw.mods.modlauncher.Launcher/MODLAUNCHER]: ModLauncher running: args [--launchTarget, forgeserver, --fml.forgeVersion, 47.3.7, --fml.mcVersion, 1.20.1, --fml.forgeGroup, net.minecraftforge, --fml.mcpVersion, 20230612.114412, nogui]
[01Jan2026 20:59:13.136] [main/INFO] [cpw.mods.modlauncher.Launcher/MODLAUNCHER]: ModLauncher 10.0.9+10.0.9+main.dcd20f30 starting: java version 17.0.16 by Ubuntu; OS Linux arch amd64 version 6.8.0-1030-azure
[01Jan2026 20:59:15.588] [main/INFO] [net.minecraftforge.fml.loading.ImmediateWindowHandler/]: ImmediateWindowProvider not loading because launch target is forgeserver
[01Jan2026 20:59:15.630] [main/INFO] [mixin/]: SpongePowered MIXIN Subsystem Version=0.8.5 Source=union:/workspaces/maincra/servidor_minecraft/libraries/org/spongepowered/mixin/0.8.5/mixin-0.8.5.jar%2365!/ Service=ModLauncher Env=SERVER
[01Jan2026 20:59:15.971] [main/WARN] [net.minecraftforge.fml.loading.moddiscovery.ModFileParser/LOADING]: Mod file /workspaces/maincra/servidor_minecraft/libraries/net/minecraftforge/fmlcore/1.20.1-47.3.7/fmlcore-1.20.1-47.3.7.jar is missing mods.toml file
[01Jan2026 20:59:15.972] [main/WARN] [net.minecraftforge.fml.loading.moddiscovery.ModFileParser/LOADING]: Mod file /workspaces/maincra/servidor_minecraft/libraries/net/minecraftforge/javafmllanguage/1.20.1-47.3.7/javafmllanguage-1.20.1-47.3.7.jar is missing mods.toml file
[01Jan2026 20:59:15.972] [main/WARN] [net.minecraftforge.fml.loading.moddiscovery.ModFileParser/LOADING]: Mod file /workspaces/maincra/servidor_minecraft/libraries/net/minecraftforge/lowcodelanguage/1.20.1-47.3.7/lowcodelanguage-1.20.1-47.3.7.jar is missing mods.toml file
[01Jan2026 20:59:15.973] [main/WARN] [net.minecraftforge.fml.loading.moddiscovery.ModFileParser/LOADING]: Mod file /workspaces/maincra/servidor_minecraft/libraries/net/minecraftforge/mclanguage/1.20.1-47.3.7/mclanguage-1.20.1-47.3.7.jar is missing mods.toml file
[01Jan2026 20:59:16.292] [main/INFO] [net.minecraftforge.fml.loading.moddiscovery.JarInJarDependencyLocator/]: Found 8 dependencies adding them to mods collection
[01Jan2026 20:59:18.909] [main/INFO] [mixin/]: Compatibility level set to JAVA_17
[01Jan2026 20:59:19.071] [main/INFO] [cpw.mods.modlauncher.LaunchServiceHandler/MODLAUNCHER]: Launching target 'forgeserver' with arguments [nogui]
[01Jan2026 20:59:19.134] [main/WARN] [mixin/]: Reference map 'graveyard-FORGE-forge-refmap.json' for graveyard-forge.mixins.json could not be read. If this is a development environment you can ignore this message
[01Jan2026 20:59:19.189] [main/INFO] [Embeddium/]: Loaded configuration file for Embeddium: 130 options available, 0 override(s) found
[01Jan2026 20:59:19.207] [main/WARN] [mixin/]: Reference map 'mixins.block_factorys_bosses.refmap.json' for mixins.block_factorys_bosses.json could not be read. If this is a development environment you can ignore this message
[01Jan2026 20:59:19.234] [main/WARN] [mixin/]: Reference map 'mes-forge-refmap.json' for mes-forge.mixins.json could not be read. If this is a development environment you can ignore this message
[01Jan2026 20:59:19.252] [main/WARN] [mixin/]: Reference map 'mns-forge-refmap.json' for mns-forge.mixins.json could not be read. If this is a development environment you can ignore this message
[01Jan2026 20:59:19.255] [main/WARN] [mixin/]: Reference map 'Aquamirae.refmap.json' for aquamirae.mixins.json could not be read. If this is a development environment you can ignore this message
[01Jan2026 20:59:20.268] [main/WARN] [mixin/]: Error loading class: dev/latvian/mods/kubejs/recipe/RecipesEventJS (java.lang.ClassNotFoundException: dev.latvian.mods.kubejs.recipe.RecipesEventJS)
[01Jan2026 20:59:20.268] [main/WARN] [mixin/]: @Mixin target dev.latvian.mods.kubejs.recipe.RecipesEventJS was not found mixins.hammerlib.json:bs.kubejs.RecipeEventJSMixin
[01Jan2026 20:59:20.298] [main/ERROR] [net.minecraftforge.fml.loading.RuntimeDistCleaner/DISTXFORM]: Attempted to load class net/minecraft/client/renderer/ItemInHandRenderer for invalid dist DEDICATED_SERVER
[01Jan2026 20:59:20.299] [main/WARN] [mixin/]: Error loading class: net/minecraft/client/renderer/ItemInHandRenderer (java.lang.RuntimeException: Attempted to load class net/minecraft/client/renderer/ItemInHandRenderer for invalid dist DEDICATED_SERVER)
[01Jan2026 20:59:20.299] [main/WARN] [mixin/]: @Mixin target net.minecraft.client.renderer.ItemInHandRenderer was not found dungeonnowloading.forge.mixins.json:items.ItemInHandRendererMixin
[01Jan2026 20:59:20.722] [main/WARN] [mixin/]: Error loading class: net/minecraft/client/player/KeyboardInput (java.lang.ClassNotFoundException: net.minecraft.client.player.KeyboardInput)
[01Jan2026 20:59:20.724] [main/WARN] [mixin/]: @Mixin target net.minecraft.client.player.KeyboardInput was not found fdlib.mixins.json:KeyboardInputMixin
[01Jan2026 20:59:20.750] [main/WARN] [mixin/]: Error loading class: jeresources/api/util/LootConditionHelper (java.lang.ClassNotFoundException: jeresources.api.util.LootConditionHelper)
[01Jan2026 20:59:20.751] [main/WARN] [mixin/]: @Mixin target jeresources.api.util.LootConditionHelper was not found mixins.improvableskills.json:jer.LootConditionHelperMixin
[01Jan2026 20:59:21.154] [main/INFO] [MixinExtras|Service/]: Initializing MixinExtras via com.llamalad7.mixinextras.service.MixinExtrasServiceImpl(version=0.5.0).
[01Jan2026 20:59:27.946] [modloading-worker-0/INFO] [pingwheel/]: [Ping-Wheel] Init
[01Jan2026 20:59:27.970] [modloading-worker-0/INFO] [pingwheel/]: [Ping-Wheel] Loaded ServerConfig(defaultChannelMode=auto, playerTrackingEnabled=true, msToRegenerate=1000, rateLimit=5)
[01Jan2026 20:59:28.091] [modloading-worker-0/ERROR] [net.minecraftforge.eventbus.EventSubclassTransformer/EVENTBUS]: Could not find parent net/minecraft/client/renderer/entity/layers/RenderLayer for class com/obscuria/obscureapi/client/renderer/PatreonLayer in classloader cpw.mods.modlauncher.TransformingClassLoader@721d8ab5 on thread Thread[modloading-worker-0,5,main]
[01Jan2026 20:59:28.091] [modloading-worker-0/ERROR] [net.minecraftforge.eventbus.EventSubclassTransformer/EVENTBUS]: An error occurred building event handler
java.lang.ClassNotFoundException: net.minecraft.client.renderer.entity.layers.RenderLayer
	at cpw.mods.cl.ModuleClassLoader.loadClass(ModuleClassLoader.java:141) ~[securejarhandler-2.1.10.jar:?]
	at java.lang.ClassLoader.loadClass(ClassLoader.java:525) ~[?:?]
	at net.minecraftforge.eventbus.EventSubclassTransformer.buildEvents(EventSubclassTransformer.java:97) ~[eventbus-6.0.5.jar%2352!/:?]
	at net.minecraftforge.eventbus.EventSubclassTransformer.transform(EventSubclassTransformer.java:48) ~[eventbus-6.0.5.jar%2352!/:?]
	at net.minecraftforge.eventbus.EventBusEngine.processClass(EventBusEngine.java:26) ~[eventbus-6.0.5.jar%2352!/:?]
	at net.minecraftforge.eventbus.service.ModLauncherService.processClassWithFlags(ModLauncherService.java:32) ~[eventbus-6.0.5.jar%2352!/:6.0.5+6.0.5+master.eb8e549b]
	at cpw.mods.modlauncher.LaunchPluginHandler.offerClassNodeToPlugins(LaunchPluginHandler.java:88) ~[modlauncher-10.0.9.jar%2355!/:?]
	at cpw.mods.modlauncher.ClassTransformer.transform(ClassTransformer.java:120) ~[modlauncher-10.0.9.jar%2355!/:?]
	at cpw.mods.modlauncher.TransformingClassLoader.maybeTransformClassBytes(TransformingClassLoader.java:50) ~[modlauncher-10.0.9.jar%2355!/:?]
	at cpw.mods.cl.ModuleClassLoader.readerToClass(ModuleClassLoader.java:113) ~[securejarhandler-2.1.10.jar:?]
	at cpw.mods.cl.ModuleClassLoader.lambda$findClass$15(ModuleClassLoader.java:219) ~[securejarhandler-2.1.10.jar:?]
	at cpw.mods.cl.ModuleClassLoader.loadFromModule(ModuleClassLoader.java:229) ~[securejarhandler-2.1.10.jar:?]
	at cpw.mods.cl.ModuleClassLoader.findClass(ModuleClassLoader.java:219) ~[securejarhandler-2.1.10.jar:?]
	at cpw.mods.cl.ModuleClassLoader.loadClass(ModuleClassLoader.java:135) ~[securejarhandler-2.1.10.jar:?]
	at java.lang.ClassLoader.loadClass(ClassLoader.java:525) ~[?:?]
	at java.lang.ClassLoader.defineClass0(Native Method) ~[?:?]
	at java.lang.System$2.defineClass(System.java:2324) ~[?:?]
	at java.lang.invoke.MethodHandles$Lookup$ClassDefiner.defineClass(MethodHandles.java:2439) ~[?:?]
	at java.lang.invoke.MethodHandles$Lookup$ClassDefiner.defineClassAsLookup(MethodHandles.java:2420) ~[?:?]
	at java.lang.invoke.MethodHandles$Lookup.defineHiddenClass(MethodHandles.java:2127) ~[?:?]
	at java.lang.invoke.InnerClassLambdaMetafactory.generateInnerClass(InnerClassLambdaMetafactory.java:407) ~[?:?]
	at java.lang.invoke.InnerClassLambdaMetafactory.spinInnerClass(InnerClassLambdaMetafactory.java:315) ~[?:?]
	at java.lang.invoke.InnerClassLambdaMetafactory.buildCallSite(InnerClassLambdaMetafactory.java:228) ~[?:?]
	at java.lang.invoke.LambdaMetafactory.metafactory(LambdaMetafactory.java:341) ~[?:?]
	at java.lang.invoke.BootstrapMethodInvoker.invoke(BootstrapMethodInvoker.java:134) ~[?:?]
	at java.lang.invoke.CallSite.makeSite(CallSite.java:315) ~[?:?]
	at java.lang.invoke.MethodHandleNatives.linkCallSiteImpl(MethodHandleNatives.java:281) ~[?:?]
	at java.lang.invoke.MethodHandleNatives.linkCallSite(MethodHandleNatives.java:271) ~[?:?]
	at com.obscuria.obscureapi.client.renderer.PatreonLayer$Mode.<clinit>(PatreonLayer.java:55) ~[obscure_api-15.jar%23248!/:com.obscuria]
	at com.obscuria.obscureapi.ObscureAPIConfig$Client.<clinit>(ObscureAPIConfig.java:28) ~[obscure_api-15.jar%23248!/:com.obscuria]
	at com.obscuria.obscureapi.ObscureAPIConfig.register(ObscureAPIConfig.java:46) ~[obscure_api-15.jar%23248!/:com.obscuria]
	at com.obscuria.obscureapi.ObscureAPI.<init>(ObscureAPI.java:69) ~[obscure_api-15.jar%23248!/:com.obscuria]
	at jdk.internal.reflect.NativeConstructorAccessorImpl.newInstance0(Native Method) ~[?:?]
	at jdk.internal.reflect.NativeConstructorAccessorImpl.newInstance(NativeConstructorAccessorImpl.java:77) ~[?:?]
	at jdk.internal.reflect.DelegatingConstructorAccessorImpl.newInstance(DelegatingConstructorAccessorImpl.java:45) ~[?:?]
	at java.lang.reflect.Constructor.newInstanceWithCaller(Constructor.java:500) ~[?:?]
	at java.lang.reflect.Constructor.newInstance(Constructor.java:481) ~[?:?]
	at net.minecraftforge.fml.javafmlmod.FMLModContainer.constructMod(FMLModContainer.java:70) ~[javafmllanguage-1.20.1-47.3.7.jar%23267!/:?]
	at net.minecraftforge.fml.ModContainer.lambda$buildTransitionHandler$4(ModContainer.java:124) ~[fmlcore-1.20.1-47.3.7.jar%23266!/:?]
	at java.util.concurrent.CompletableFuture$AsyncRun.run(CompletableFuture.java:1804) ~[?:?]
	at java.util.concurrent.CompletableFuture$AsyncRun.exec(CompletableFuture.java:1796) ~[?:?]
	at java.util.concurrent.ForkJoinTask.doExec(ForkJoinTask.java:373) ~[?:?]
	at java.util.concurrent.ForkJoinPool$WorkQueue.topLevelExec(ForkJoinPool.java:1182) ~[?:?]
	at java.util.concurrent.ForkJoinPool.scan(ForkJoinPool.java:1655) ~[?:?]
	at java.util.concurrent.ForkJoinPool.runWorker(ForkJoinPool.java:1622) ~[?:?]
	at java.util.concurrent.ForkJoinWorkerThread.run(ForkJoinWorkerThread.java:165) ~[?:?]
[01Jan2026 20:59:28.097] [modloading-worker-0/ERROR] [net.minecraftforge.fml.loading.RuntimeDistCleaner/DISTXFORM]: Attempted to load class com/obscuria/obscureapi/client/renderer/PatreonLayer for invalid dist DEDICATED_SERVER
[01Jan2026 20:59:28.198] [modloading-worker-0/INFO] [graveyard/]: Registered JSON trade offer adapter.
[01Jan2026 20:59:28.931] [modloading-worker-0/INFO] [Dungeon Now Loading/]: Hello Forge world!
[01Jan2026 20:59:29.161] [modloading-worker-0/INFO] [HammerLib/]: Registered charge handler for type org.zeith.hammerlib.util.charging.fluid.FluidCharge - org.zeith.hammerlib.util.charging.impl.FluidChargeHandler@68b9ff16
[01Jan2026 20:59:29.165] [modloading-worker-0/INFO] [HammerLib/]: Registered charge handler for type org.zeith.hammerlib.util.charging.fe.FECharge - org.zeith.hammerlib.util.charging.impl.FEChargeHandler@5ea4cf0e
[01Jan2026 20:59:29.167] [modloading-worker-0/INFO] [HammerLib/]: Registered inventory lister org.zeith.hammerlib.util.charging.impl.VanillaPlayerInvLister
[01Jan2026 20:59:29.188] [modloading-worker-0/INFO] [HammerLib/]: Hooked Lorg/zeith/hammerlib/core/test/machine/TileTestMachine; from hammerlib to register it's stuff.
[01Jan2026 20:59:29.189] [modloading-worker-0/INFO] [HammerLib/]: Hooked Lorg/zeith/hammerlib/core/test/machine/RecipeTestMachine; from hammerlib to register it's stuff.
[01Jan2026 20:59:29.190] [modloading-worker-0/INFO] [HammerLib/]: Hooked Lorg/zeith/hammerlib/core/test/machine/BlockTestMachine; from hammerlib to register it's stuff.
[01Jan2026 20:59:29.190] [modloading-worker-0/INFO] [HammerLib/]: Hooked Lorg/zeith/hammerlib/core/recipes/replacers/WaterBottleReplacer; from hammerlib to register it's stuff.
[01Jan2026 20:59:29.190] [modloading-worker-0/INFO] [HammerLib/]: Hooked Lorg/zeith/hammerlib/core/recipes/replacers/RemainingReplacerRegistrar; from hammerlib to register it's stuff.
[01Jan2026 20:59:29.191] [modloading-worker-0/INFO] [HammerLib/]: Hooked Lorg/zeith/hammerlib/core/init/SourceTypesHL; from hammerlib to register it's stuff.
[01Jan2026 20:59:29.191] [modloading-worker-0/INFO] [HammerLib/]: Hooked Lorg/zeith/hammerlib/core/init/RecipesHL; from hammerlib to register it's stuff.
[01Jan2026 20:59:29.192] [modloading-worker-0/INFO] [HammerLib/]: Hooked Lorg/zeith/hammerlib/core/init/LevelActionTypesHL; from hammerlib to register it's stuff.
[01Jan2026 20:59:29.192] [modloading-worker-0/INFO] [HammerLib/]: Hooked Lorg/zeith/hammerlib/core/init/ItemsHL; from hammerlib to register it's stuff.
[01Jan2026 20:59:29.192] [modloading-worker-0/INFO] [HammerLib/]: Hooked Lorg/zeith/hammerlib/core/init/GearsHL; from hammerlib to register it's stuff.
[01Jan2026 20:59:29.193] [modloading-worker-0/INFO] [HammerLib/]: Hooked Lorg/zeith/hammerlib/api/forge/ContainerAPI; from hammerlib to register it's stuff.
[01Jan2026 20:59:29.194] [modloading-worker-0/INFO] [HammerLib/]: Injecting setup into org.zeith.hammerlib.net.Network
[01Jan2026 20:59:29.334] [modloading-worker-0/INFO] [HammerLib/]: Hooked Lorg/zeith/improvableskills/init/SkillsIS; from improvableskills to register it's stuff.
[01Jan2026 20:59:29.334] [modloading-worker-0/INFO] [HammerLib/]: Hooked Lorg/zeith/improvableskills/init/RecipeTypesIS; from improvableskills to register it's stuff.
[01Jan2026 20:59:29.335] [modloading-worker-0/INFO] [HammerLib/]: Hooked Lorg/zeith/improvableskills/init/ParticleTypesIS; from improvableskills to register it's stuff.
[01Jan2026 20:59:29.335] [modloading-worker-0/INFO] [HammerLib/]: Hooked Lorg/zeith/improvableskills/init/PageletsIS; from improvableskills to register it's stuff.
[01Jan2026 20:59:29.335] [modloading-worker-0/INFO] [HammerLib/]: Hooked Lorg/zeith/improvableskills/init/ItemsIS; from improvableskills to register it's stuff.
[01Jan2026 20:59:29.335] [modloading-worker-0/INFO] [HammerLib/]: Hooked Lorg/zeith/improvableskills/init/GuiHooksIS; from improvableskills to register it's stuff.
[01Jan2026 20:59:29.335] [modloading-worker-0/INFO] [HammerLib/]: Hooked Lorg/zeith/improvableskills/init/AbilitiesIS; from improvableskills to register it's stuff.
[01Jan2026 20:59:29.337] [modloading-worker-0/INFO] [HammerLib/]: Injecting config setup into class org.zeith.improvableskills.cfg.ConfigsIS
[01Jan2026 20:59:29.493] [modloading-worker-0/INFO] [net.minecraftforge.common.ForgeMod/FORGEMOD]: Forge mod loading, version 47.3.7, for MC 1.20.1 with MCP 20230612.114412
[01Jan2026 20:59:29.493] [modloading-worker-0/INFO] [net.minecraftforge.common.MinecraftForge/FORGE]: MinecraftForge v47.3.7 Initialized
[01Jan2026 20:59:29.527] [modloading-worker-0/INFO] [de.keksuccino.konkrete.Konkrete/]: [KONKRETE] Successfully initialized!
[01Jan2026 20:59:29.528] [modloading-worker-0/INFO] [de.keksuccino.konkrete.Konkrete/]: [KONKRETE] Server-side libs ready to use!
[01Jan2026 20:59:29.809] [modloading-worker-0/INFO] [com.teamdurt.netherdungeons.NetherDungeons/]: Nether Dungeons mod init finished.
[01Jan2026 20:59:30.989] [modloading-worker-0/INFO] [thedarkcolour.kotlinforforge.test.KotlinForForge/]: Kotlin For Forge Enabled!
[01Jan2026 20:59:31.560] [modloading-worker-0/INFO] [dev.architectury.networking.forge.NetworkManagerImpl/]: Registering C2S receiver with id architectury:sync_ids
[01Jan2026 20:59:31.642] [modloading-worker-0/INFO] [com.yellowbrossproductions.illageandspillage.IllageAndSpillage/]: Loading config: /workspaces/maincra/servidor_minecraft/config/illageandspillage-client.toml
[01Jan2026 20:59:31.644] [modloading-worker-0/INFO] [com.yellowbrossproductions.illageandspillage.IllageAndSpillage/]: Built config: /workspaces/maincra/servidor_minecraft/config/illageandspillage-client.toml
[01Jan2026 20:59:31.646] [modloading-worker-0/INFO] [com.yellowbrossproductions.illageandspillage.IllageAndSpillage/]: Loaded config: /workspaces/maincra/servidor_minecraft/config/illageandspillage-client.toml
[01Jan2026 20:59:31.650] [modloading-worker-0/INFO] [com.yellowbrossproductions.illageandspillage.IllageAndSpillage/]: Loading config: /workspaces/maincra/servidor_minecraft/config/illageandspillage-common.toml
[01Jan2026 20:59:31.650] [modloading-worker-0/INFO] [com.yellowbrossproductions.illageandspillage.IllageAndSpillage/]: Built config: /workspaces/maincra/servidor_minecraft/config/illageandspillage-common.toml
[01Jan2026 20:59:31.651] [modloading-worker-0/INFO] [com.yellowbrossproductions.illageandspillage.IllageAndSpillage/]: Loaded config: /workspaces/maincra/servidor_minecraft/config/illageandspillage-common.toml
[01Jan2026 20:59:31.717] [modloading-worker-0/INFO] [dev.architectury.networking.forge.NetworkManagerImpl/]: Registering C2S receiver with id farm_and_charm:set_text
[01Jan2026 20:59:40.243] [main/WARN] [net.minecraft.network.syncher.SynchedEntityData/]: defineId called for: class net.mcreator.borninchaosv.entity.BabySpiderEntity from class net.mcreator.borninchaosv.entity.MotherSpiderEntity
[01Jan2026 20:59:40.481] [modloading-worker-0/INFO] [HammerLib/]: Setup HammerLib networking!
[01Jan2026 20:59:40.594] [modloading-worker-0/INFO] [tn.naizo.jauml.JaumlCore/]: HELLO FROM COMMON SETUP
[01Jan2026 20:59:40.601] [Forge Version Check/INFO] [net.minecraftforge.fml.VersionChecker/]: [hammerlib] Starting version check at https://api.modrinth.com/updates/PlkSuVtM/forge_updates.json
[01Jan2026 20:59:40.799] [Forge Version Check/INFO] [net.minecraftforge.fml.VersionChecker/]: [hammerlib] Found status: UP_TO_DATE Current: 20.1.50 Target: null
[01Jan2026 20:59:40.800] [Forge Version Check/INFO] [net.minecraftforge.fml.VersionChecker/]: [obscure_api] Starting version check at https://raw.githubusercontent.com/ObscuriaLithium/Home/main/obscure_api/versions.json
[01Jan2026 20:59:40.850] [Forge Version Check/WARN] [net.minecraftforge.fml.VersionChecker/]: Failed to process update information
com.google.gson.JsonSyntaxException: java.lang.IllegalStateException: Expected BEGIN_OBJECT but was NUMBER at line 1 column 4 path $
	at com.google.gson.Gson.fromJson(Gson.java:1226) ~[gson-2.10.jar%2372!/:?]
	at com.google.gson.Gson.fromJson(Gson.java:1124) ~[gson-2.10.jar%2372!/:?]
	at com.google.gson.Gson.fromJson(Gson.java:1034) ~[gson-2.10.jar%2372!/:?]
	at com.google.gson.Gson.fromJson(Gson.java:969) ~[gson-2.10.jar%2372!/:?]
	at net.minecraftforge.fml.VersionChecker$1.process(VersionChecker.java:183) ~[fmlcore-1.20.1-47.3.7.jar%23266!/:?]
	at java.lang.Iterable.forEach(Iterable.java:75) ~[?:?]
	at net.minecraftforge.fml.VersionChecker$1.run(VersionChecker.java:114) ~[fmlcore-1.20.1-47.3.7.jar%23266!/:?]
Caused by: java.lang.IllegalStateException: Expected BEGIN_OBJECT but was NUMBER at line 1 column 4 path $
	at com.google.gson.stream.JsonReader.beginObject(JsonReader.java:393) ~[gson-2.10.jar%2372!/:?]
	at com.google.gson.internal.bind.MapTypeAdapterFactory$Adapter.read(MapTypeAdapterFactory.java:182) ~[gson-2.10.jar%2372!/:?]
	at com.google.gson.internal.bind.MapTypeAdapterFactory$Adapter.read(MapTypeAdapterFactory.java:144) ~[gson-2.10.jar%2372!/:?]
	at com.google.gson.Gson.fromJson(Gson.java:1214) ~[gson-2.10.jar%2372!/:?]
	... 6 more
[01Jan2026 20:59:40.853] [Forge Version Check/INFO] [net.minecraftforge.fml.VersionChecker/]: [piglinproliferation] Starting version check at https://api.modrinth.com/updates/piglin-proliferation/forge_updates.json
[01Jan2026 20:59:40.860] [main/INFO] [journeymap/]: Initializing Packet Registries
[01Jan2026 20:59:40.899] [Forge Version Check/INFO] [net.minecraftforge.fml.VersionChecker/]: [piglinproliferation] Found status: OUTDATED Current: 1.20.1-1.2.5 Target: 1.20.1-1.2.6
[01Jan2026 20:59:40.899] [Forge Version Check/INFO] [net.minecraftforge.fml.VersionChecker/]: [journeymap] Starting version check at https://forge.curseupdate.com/32274/journeymap
[01Jan2026 20:59:40.907] [main/INFO] [com.tiviacz.travelersbackpack.TravelersBackpack/]: Registered the FluidEffect with Unique ID of minecraft:water for Water (Fluid Amount Required: 1000) with the ID 0
[01Jan2026 20:59:40.907] [main/INFO] [com.tiviacz.travelersbackpack.TravelersBackpack/]: Registered the FluidEffect with Unique ID of minecraft:lava for Lava (Fluid Amount Required: 1000) with the ID 1
[01Jan2026 20:59:40.907] [main/INFO] [com.tiviacz.travelersbackpack.TravelersBackpack/]: Registered the FluidEffect with Unique ID of travelersbackpack:potion for Uncraftable Potion (Fluid Amount Required: 250) with the ID 2
[01Jan2026 20:59:40.908] [main/INFO] [com.tiviacz.travelersbackpack.TravelersBackpack/]: Registered the FluidEffect with Unique ID of minecraft:milk for Milk (Fluid Amount Required: 1000) with the ID 3
[01Jan2026 20:59:40.933] [main/INFO] [com.finderfeed.fdlib.FDLib/]: Loading FD animations...
[01Jan2026 20:59:40.933] [main/INFO] [com.finderfeed.fdlib.FDLib/]: Loading animation: fdbosses:chesed_idle
[01Jan2026 20:59:40.961] [main/INFO] [com.finderfeed.fdlib.FDLib/]: Loading animation: fdbosses:chesed_boom_attack
[01Jan2026 20:59:40.968] [main/INFO] [com.finderfeed.fdlib.FDLib/]: Loading animation: fdbosses:chesed_attack
[01Jan2026 20:59:40.979] [main/INFO] [com.finderfeed.fdlib.FDLib/]: Loading animation: fdbosses:chesed_roll_up
[01Jan2026 20:59:40.986] [main/INFO] [com.finderfeed.fdlib.FDLib/]: Loading animation: fdbosses:chesed_roll_up_end
[01Jan2026 20:59:40.994] [main/INFO] [com.finderfeed.fdlib.FDLib/]: Loading animation: fdbosses:chesed_second_phase_prepare
[01Jan2026 20:59:40.998] [main/INFO] [com.finderfeed.fdlib.FDLib/]: Loading animation: fdbosses:chesed_second_phase_strike_walls
[01Jan2026 20:59:41.001] [main/INFO] [com.finderfeed.fdlib.FDLib/]: Loading animation: fdbosses:chesed_roll_up_just_end
[01Jan2026 20:59:41.006] [main/INFO] [com.finderfeed.fdlib.FDLib/]: Loading animation: fdbosses:chesed_roll
[01Jan2026 20:59:41.007] [Forge Version Check/INFO] [net.minecraftforge.fml.VersionChecker/]: [journeymap] Found status: UP_TO_DATE Current: 5.10.3 Target: null
[01Jan2026 20:59:41.007] [Forge Version Check/INFO] [net.minecraftforge.fml.VersionChecker/]: [travelersbackpack] Starting version check at https://gist.githubusercontent.com/Tiviacz1337/906937677aa472285dff9d6c2a189d5e/raw
[01Jan2026 20:59:41.028] [main/INFO] [com.finderfeed.fdlib.FDLib/]: Loading animation: fdbosses:chesed_roll_roll
[01Jan2026 20:59:41.033] [main/INFO] [com.finderfeed.fdlib.FDLib/]: Loading animation: fdbosses:chesed_cast
[01Jan2026 20:59:41.049] [main/INFO] [com.finderfeed.fdlib.FDLib/]: Loading animation: fdbosses:chesed_earthquake_cast
[01Jan2026 20:59:41.054] [main/INFO] [com.finderfeed.fdlib.FDLib/]: Loading animation: fdbosses:chesed_rockfall_cast
[01Jan2026 20:59:41.067] [main/INFO] [com.finderfeed.fdlib.FDLib/]: Loading animation: fdbosses:electric_orb_idle
[01Jan2026 20:59:41.068] [Forge Version Check/INFO] [net.minecraftforge.fml.VersionChecker/]: [travelersbackpack] Found status: AHEAD Current: 9.1.39 Target: null
[01Jan2026 20:59:41.070] [main/INFO] [com.finderfeed.fdlib.FDLib/]: Loading animation: fdbosses:chesed_crystal_spawn
[01Jan2026 20:59:41.071] [main/INFO] [com.finderfeed.fdlib.FDLib/]: Loading animation: fdbosses:chesed_monolith_idle
[01Jan2026 20:59:41.073] [Forge Version Check/INFO] [net.minecraftforge.fml.VersionChecker/]: [forge] Starting version check at https://files.minecraftforge.net/net/minecraftforge/forge/promotions_slim.json
[01Jan2026 20:59:41.077] [main/INFO] [com.finderfeed.fdlib.FDLib/]: Loading animation: fdbosses:chesed_monolith_turn_off
[01Jan2026 20:59:41.081] [main/INFO] [com.finderfeed.fdlib.FDLib/]: Loading animation: fdbosses:kinetic_field_spawn
[01Jan2026 20:59:41.084] [main/INFO] [com.finderfeed.fdlib.FDLib/]: Loading animation: fdbosses:chesed_appear
[01Jan2026 20:59:41.095] [main/INFO] [com.finderfeed.fdlib.FDLib/]: Loading animation: fdbosses:chesed_screen_appear
[01Jan2026 20:59:41.100] [main/INFO] [com.finderfeed.fdlib.FDLib/]: Loading animation: fdbosses:chesed_death
[01Jan2026 20:59:41.112] [main/INFO] [com.finderfeed.fdlib.FDLib/]: Loading animation: fdbosses:ray_reflector_activate
[01Jan2026 20:59:41.112] [main/INFO] [com.finderfeed.fdlib.FDLib/]: Loading animation: fdbosses:test_malkuth
[01Jan2026 20:59:41.119] [main/INFO] [com.finderfeed.fdlib.FDLib/]: Loading animation: fdbosses:malkuth_idle
[01Jan2026 20:59:41.126] [main/INFO] [com.finderfeed.fdlib.FDLib/]: Loading animation: fdbosses:malkuth_slash_fire
[01Jan2026 20:59:41.133] [main/INFO] [com.finderfeed.fdlib.FDLib/]: Loading animation: fdbosses:malkuth_slash_ice
[01Jan2026 20:59:41.140] [main/INFO] [com.finderfeed.fdlib.FDLib/]: Loading animation: fdbosses:malkuth_jump_forward_prepare
[01Jan2026 20:59:41.147] [main/INFO] [com.finderfeed.fdlib.FDLib/]: Loading animation: fdbosses:malkuth_jump_crush_attack_start
[01Jan2026 20:59:41.153] [main/INFO] [com.finderfeed.fdlib.FDLib/]: Loading animation: fdbosses:malkuth_jump_crush_attack_midair
[01Jan2026 20:59:41.160] [main/INFO] [com.finderfeed.fdlib.FDLib/]: Loading animation: fdbosses:malkuth_jump_crush_attack_end
[01Jan2026 20:59:41.167] [main/INFO] [com.finderfeed.fdlib.FDLib/]: Loading animation: fdbosses:malkuth_pull_and_punch
[01Jan2026 20:59:41.174] [main/INFO] [com.finderfeed.fdlib.FDLib/]: Loading animation: fdbosses:malkuth_screen_appear
[01Jan2026 20:59:41.181] [main/INFO] [com.finderfeed.fdlib.FDLib/]: Loading animation: fdbosses:malkuth_screen_idle
[01Jan2026 20:59:41.188] [main/INFO] [com.finderfeed.fdlib.FDLib/]: Loading animation: fdbosses:malkuth_crush_attack_attack
[01Jan2026 20:59:41.191] [main/INFO] [com.finderfeed.fdlib.FDLib/]: Loading animation: fdbosses:malkuth_cannon_shoot
[01Jan2026 20:59:41.192] [main/INFO] [com.finderfeed.fdlib.FDLib/]: Loading animation: fdbosses:malkuth_cannon_break
[01Jan2026 20:59:41.192] [main/INFO] [com.finderfeed.fdlib.FDLib/]: Loading animation: fdbosses:malkuth_cannon_repair
[01Jan2026 20:59:41.193] [main/INFO] [com.finderfeed.fdlib.FDLib/]: Loading animation: fdbosses:malkuth_cannon_summon
[01Jan2026 20:59:41.193] [main/INFO] [com.finderfeed.fdlib.FDLib/]: Loading animation: fdbosses:malkuth_jump_and_land
[01Jan2026 20:59:41.199] [Forge Version Check/INFO] [net.minecraftforge.fml.VersionChecker/]: [forge] Found status: OUTDATED Current: 47.3.7 Target: 47.4.10
[01Jan2026 20:59:41.199] [Forge Version Check/INFO] [net.minecraftforge.fml.VersionChecker/]: [mr_tidal_towns] Starting version check at https://api.modrinth.com/updates/EEIwvQVo/forge_updates.json
[01Jan2026 20:59:41.203] [main/INFO] [com.finderfeed.fdlib.FDLib/]: Loading animation: fdbosses:malkuth_jump_with_crush
[01Jan2026 20:59:41.210] [main/INFO] [com.finderfeed.fdlib.FDLib/]: Loading animation: fdbosses:malkuth_jump_crush_attack_full
[01Jan2026 20:59:41.218] [main/INFO] [com.finderfeed.fdlib.FDLib/]: Loading animation: fdbosses:malkuth_sword_forward
[01Jan2026 20:59:41.225] [main/INFO] [com.finderfeed.fdlib.FDLib/]: Loading animation: fdbosses:malkuth_carousel_slash_1
[01Jan2026 20:59:41.232] [main/INFO] [com.finderfeed.fdlib.FDLib/]: Loading animation: fdbosses:malkuth_giant_sword_attack
[01Jan2026 20:59:41.240] [main/INFO] [com.finderfeed.fdlib.FDLib/]: Loading animation: fdbosses:malkuth_single_earthquake_fire
[01Jan2026 20:59:41.246] [Forge Version Check/INFO] [net.minecraftforge.fml.VersionChecker/]: [mr_tidal_towns] Found status: OUTDATED Current: 1.3.4 Target: 1.3.4+mod
[01Jan2026 20:59:41.247] [Forge Version Check/INFO] [net.minecraftforge.fml.VersionChecker/]: [improvableskills] Starting version check at https://api.modrinth.com/updates/9fT7HUaI/forge_updates.json
[01Jan2026 20:59:41.248] [main/INFO] [com.finderfeed.fdlib.FDLib/]: Loading animation: fdbosses:malkuth_single_earthquake_ice
[01Jan2026 20:59:41.254] [main/INFO] [com.finderfeed.fdlib.FDLib/]: Loading animation: fdbosses:malkuth_summon_throw_side_stones
[01Jan2026 20:59:41.262] [main/INFO] [com.finderfeed.fdlib.FDLib/]: Loading animation: fdbosses:malkuth_jump_to_float
[01Jan2026 20:59:41.269] [main/INFO] [com.finderfeed.fdlib.FDLib/]: Loading animation: fdbosses:malkuth_float
[01Jan2026 20:59:41.275] [main/INFO] [com.finderfeed.fdlib.FDLib/]: Loading animation: fdbosses:malkuth_summon_fireballs
[01Jan2026 20:59:41.282] [main/INFO] [com.finderfeed.fdlib.FDLib/]: Loading animation: fdbosses:malkuth_crystal_summon
[01Jan2026 20:59:41.283] [main/INFO] [com.finderfeed.fdlib.FDLib/]: Loading animation: fdbosses:malkuth_summon_anim
[01Jan2026 20:59:41.291] [main/INFO] [com.finderfeed.fdlib.FDLib/]: Loading animation: fdbosses:malkuth_warrior_idle
[01Jan2026 20:59:41.292] [Forge Version Check/INFO] [net.minecraftforge.fml.VersionChecker/]: [improvableskills] Found status: UP_TO_DATE Current: 20.1.13 Target: null
[01Jan2026 20:59:41.292] [Forge Version Check/INFO] [net.minecraftforge.fml.VersionChecker/]: [mr_dungeons_andtaverns] Starting version check at https://api.modrinth.com/updates/tpehi7ww/forge_updates.json
[01Jan2026 20:59:41.294] [main/INFO] [com.finderfeed.fdlib.FDLib/]: Loading animation: fdbosses:malkuth_warrior_attack
[01Jan2026 20:59:41.296] [main/INFO] [com.finderfeed.fdlib.FDLib/]: Loading animation: fdbosses:malkuth_warrior_walk
[01Jan2026 20:59:41.297] [main/INFO] [com.finderfeed.fdlib.FDLib/]: Loading animation: fdbosses:malkuth_warrior_slam_earth
[01Jan2026 20:59:41.299] [main/INFO] [com.finderfeed.fdlib.FDLib/]: Loading animation: fdbosses:malkuth_warrior_die
[01Jan2026 20:59:41.301] [main/INFO] [com.finderfeed.fdlib.FDLib/]: Loading animation: fdbosses:malkuth_death
[01Jan2026 20:59:41.309] [main/INFO] [com.finderfeed.fdlib.FDLib/]: Loading animation: fdlib:testanim
[01Jan2026 20:59:41.309] [main/INFO] [com.finderfeed.fdlib.FDLib/]: FD Animations loaded!
[01Jan2026 20:59:41.309] [main/INFO] [com.finderfeed.fdlib.FDLib/]: Loading FD models...
[01Jan2026 20:59:41.309] [main/INFO] [com.finderfeed.fdlib.FDLib/]: Loading model: fdbosses:chesed
[01Jan2026 20:59:41.322] [main/INFO] [com.finderfeed.fdlib.FDLib/]: Loading model: fdbosses:chesed
[01Jan2026 20:59:41.325] [main/INFO] [com.finderfeed.fdlib.FDLib/]: Loading model: fdbosses:chesed
[01Jan2026 20:59:41.328] [main/INFO] [com.finderfeed.fdlib.FDLib/]: Loading model: fdbosses:electric_orb
[01Jan2026 20:59:41.328] [main/INFO] [com.finderfeed.fdlib.FDLib/]: Loading model: fdbosses:chesed_crystal
[01Jan2026 20:59:41.330] [main/INFO] [com.finderfeed.fdlib.FDLib/]: Loading model: fdbosses:chesed_monolith
[01Jan2026 20:59:41.332] [main/INFO] [com.finderfeed.fdlib.FDLib/]: Loading model: fdbosses:chesed_kinetic_field
[01Jan2026 20:59:41.334] [main/INFO] [com.finderfeed.fdlib.FDLib/]: Loading model: fdbosses:boss_spawner
[01Jan2026 20:59:41.336] [main/INFO] [com.finderfeed.fdlib.FDLib/]: Loading model: fdbosses:boss_spawner
[01Jan2026 20:59:41.338] [main/INFO] [com.finderfeed.fdlib.FDLib/]: Loading model: fdbosses:chesed_ray_reflector
[01Jan2026 20:59:41.340] [main/INFO] [com.finderfeed.fdlib.FDLib/]: Loading model: fdbosses:wip
[01Jan2026 20:59:41.342] [main/INFO] [com.finderfeed.fdlib.FDLib/]: Loading model: fdbosses:malkuth
[01Jan2026 20:59:41.344] [main/INFO] [com.finderfeed.fdlib.FDLib/]: Loading model: fdbosses:malkuth_screen
[01Jan2026 20:59:41.348] [main/INFO] [com.finderfeed.fdlib.FDLib/]: Loading model: fdbosses:malkuth_sword
[01Jan2026 20:59:41.349] [main/INFO] [com.finderfeed.fdlib.FDLib/]: Loading model: fdbosses:malkuth_crush_attack
[01Jan2026 20:59:41.355] [main/INFO] [com.finderfeed.fdlib.FDLib/]: Loading model: fdbosses:malkuth_cannon
[01Jan2026 20:59:41.356] [main/INFO] [com.finderfeed.fdlib.FDLib/]: Loading model: fdbosses:malkuth_cannon_projectile
[01Jan2026 20:59:41.357] [main/INFO] [com.finderfeed.fdlib.FDLib/]: Loading model: fdbosses:malkuth_earthquake_part
[01Jan2026 20:59:41.357] [main/INFO] [com.finderfeed.fdlib.FDLib/]: Loading model: fdbosses:malkuth_boulder_ice
[01Jan2026 20:59:41.358] [main/INFO] [com.finderfeed.fdlib.FDLib/]: Loading model: fdbosses:malkuth_boulder_fire
[01Jan2026 20:59:41.359] [main/INFO] [com.finderfeed.fdlib.FDLib/]: Loading model: fdbosses:malkuth_platform
[01Jan2026 20:59:41.360] [main/INFO] [com.finderfeed.fdlib.FDLib/]: Loading model: fdbosses:malkuth_repair_crystal
[01Jan2026 20:59:41.362] [main/INFO] [com.finderfeed.fdlib.FDLib/]: Loading model: fdbosses:malkuth_boss_spawner
[01Jan2026 20:59:41.364] [main/INFO] [com.finderfeed.fdlib.FDLib/]: Loading model: fdbosses:malkuth_warrior
[01Jan2026 20:59:41.365] [main/INFO] [com.finderfeed.fdlib.FDLib/]: Loading model: fdlib:test
[01Jan2026 20:59:41.365] [main/INFO] [com.finderfeed.fdlib.FDLib/]: Loading model: fdlib:test
[01Jan2026 20:59:41.366] [main/INFO] [com.finderfeed.fdlib.FDLib/]: FD Models loaded!
[01Jan2026 20:59:41.422] [Forge Version Check/INFO] [net.minecraftforge.fml.VersionChecker/]: [mr_dungeons_andtaverns] Found status: OUTDATED Current: 3.0.3.f Target: 3.0.3.f+mod
[01Jan2026 20:59:41.422] [main/INFO] [com.eeeab.eeeabsmobs.EEEABMobs/]: Starting to register Curios item...
[01Jan2026 20:59:41.423] [Forge Version Check/INFO] [net.minecraftforge.fml.VersionChecker/]: [inventoryhud] Starting version check at https://raw.githubusercontent.com/DmitryLovin/pluginUpdate/master/invupdate.json
[01Jan2026 20:59:41.437] [Forge Version Check/INFO] [net.minecraftforge.fml.VersionChecker/]: [inventoryhud] Found status: OUTDATED Current: 3.4.18 Target: 3.4.26
[01Jan2026 20:59:41.442] [Forge Version Check/INFO] [net.minecraftforge.fml.VersionChecker/]: [tombstone] Starting version check at https://raw.githubusercontent.com/Corail31/tombstone_lite/master/update.json
[01Jan2026 20:59:41.461] [modloading-worker-0/INFO] [HammerLib/]: Performed registerFoil from hammerlib. Determined constant(0xFFFFFF0F) foil provider
[01Jan2026 20:59:41.464] [modloading-worker-0/INFO] [HammerLib/]: Performed registerFoil from hammerlib. Determined dynamic(org.zeith.hammerlib.client.CustomFoilConfigs$$Lambda$17811/0x0000748b3e5636b0@47d70128) foil provider
[01Jan2026 20:59:41.463] [Forge Version Check/INFO] [net.minecraftforge.fml.VersionChecker/]: [tombstone] Found status: UP_TO_DATE Current: 9.0.9 Target: null
[01Jan2026 20:59:41.465] [Forge Version Check/INFO] [net.minecraftforge.fml.VersionChecker/]: [mr_qraftys_endvillages] Starting version check at https://api.modrinth.com/updates/NFlNaUBA/forge_updates.json
[01Jan2026 20:59:41.472] [modloading-worker-0/INFO] [com.eeeab.eeeabsmobs.EEEABMobs/]: Registering custom criteria trigger...
[01Jan2026 20:59:41.493] [modloading-worker-0/INFO] [Jade/]: Start loading plugin at org.zeith.hammerlib.compat.jade.GetWaila
[01Jan2026 20:59:41.502] [modloading-worker-0/INFO] [Jade/]: Start loading plugin at net.blay09.mods.waystones.compat.JadeIntegration
[01Jan2026 20:59:41.503] [modloading-worker-0/INFO] [Jade/]: Start loading plugin at net.blay09.mods.balm.forge.compat.hudinfo.ForgeJadeModCompat
[01Jan2026 20:59:41.503] [modloading-worker-0/INFO] [Jade/]: Start loading plugin at snownee.jade.addon.vanilla.VanillaPlugin
[01Jan2026 20:59:41.519] [Forge Version Check/INFO] [net.minecraftforge.fml.VersionChecker/]: [mr_qraftys_endvillages] Found status: OUTDATED Current: 1 Target: 1+mod
[01Jan2026 20:59:41.519] [Forge Version Check/INFO] [net.minecraftforge.fml.VersionChecker/]: [aquamirae] Starting version check at https://raw.githubusercontent.com/ObscuriaLithium/Home/main/aquamirae/versions.json
[01Jan2026 20:59:41.531] [modloading-worker-0/INFO] [Jade/]: Start loading plugin at snownee.jade.addon.universal.UniversalPlugin
[01Jan2026 20:59:41.535] [Forge Version Check/WARN] [net.minecraftforge.fml.VersionChecker/]: Failed to process update information
com.google.gson.JsonSyntaxException: java.lang.IllegalStateException: Expected BEGIN_OBJECT but was NUMBER at line 1 column 4 path $
	at com.google.gson.Gson.fromJson(Gson.java:1226) ~[gson-2.10.jar%2372!/:?]
	at com.google.gson.Gson.fromJson(Gson.java:1124) ~[gson-2.10.jar%2372!/:?]
	at com.google.gson.Gson.fromJson(Gson.java:1034) ~[gson-2.10.jar%2372!/:?]
	at com.google.gson.Gson.fromJson(Gson.java:969) ~[gson-2.10.jar%2372!/:?]
	at net.minecraftforge.fml.VersionChecker$1.process(VersionChecker.java:183) ~[fmlcore-1.20.1-47.3.7.jar%23266!/:?]
	at java.lang.Iterable.forEach(Iterable.java:75) ~[?:?]
	at net.minecraftforge.fml.VersionChecker$1.run(VersionChecker.java:114) ~[fmlcore-1.20.1-47.3.7.jar%23266!/:?]
Caused by: java.lang.IllegalStateException: Expected BEGIN_OBJECT but was NUMBER at line 1 column 4 path $
	at com.google.gson.stream.JsonReader.beginObject(JsonReader.java:393) ~[gson-2.10.jar%2372!/:?]
	at com.google.gson.internal.bind.MapTypeAdapterFactory$Adapter.read(MapTypeAdapterFactory.java:182) ~[gson-2.10.jar%2372!/:?]
	at com.google.gson.internal.bind.MapTypeAdapterFactory$Adapter.read(MapTypeAdapterFactory.java:144) ~[gson-2.10.jar%2372!/:?]
	at com.google.gson.Gson.fromJson(Gson.java:1214) ~[gson-2.10.jar%2372!/:?]
	... 6 more
[01Jan2026 20:59:41.543] [modloading-worker-0/INFO] [Jade/]: Start loading plugin at snownee.jade.addon.core.CorePlugin
[01Jan2026 20:59:41.546] [modloading-worker-0/INFO] [Jade/]: Start loading plugin at ovh.corail.tombstone.compatibility.IntegrationJade
[01Jan2026 20:59:44.190] [main/INFO] [com.mojang.authlib.yggdrasil.YggdrasilAuthenticationService/]: Environment: authHost='https://authserver.mojang.com', accountsHost='https://api.mojang.com', sessionHost='https://sessionserver.mojang.com', servicesHost='https://api.minecraftservices.com', name='PROD'
[01Jan2026 20:59:46.267] [main/WARN] [net.minecraft.server.packs.VanillaPackResourcesBuilder/]: Assets URL 'union:/workspaces/maincra/servidor_minecraft/libraries/net/minecraft/server/1.20.1-20230612.114412/server-1.20.1-20230612.114412-srg.jar%23265!/assets/.mcassetsroot' uses unexpected schema
[01Jan2026 20:59:46.267] [main/WARN] [net.minecraft.server.packs.VanillaPackResourcesBuilder/]: Assets URL 'union:/workspaces/maincra/servidor_minecraft/libraries/net/minecraft/server/1.20.1-20230612.114412/server-1.20.1-20230612.114412-srg.jar%23265!/data/.mcassetsroot' uses unexpected schema
[01Jan2026 20:59:46.403] [main/INFO] [com.teamabnormals.blueprint.core.Blueprint/]: Successfully loaded 0 data remolders!
[01Jan2026 20:59:48.696] [main/INFO] [com.github.alexthe666.alexsmobs.AlexsMobs/]: Adding datapack listener capsid_recipes
[01Jan2026 20:59:48.723] [Worker-Main-3/WARN] [HammerLib/]: Unable to find registry for tag directory tags/loot_score_provider_type
[01Jan2026 20:59:48.724] [Worker-Main-4/INFO] [HammerLib/]: Built tags for registry minecraft:command_argument_type
[01Jan2026 20:59:48.727] [Worker-Main-5/WARN] [HammerLib/]: Unable to find registry for tag directory tags/loot_condition_type
[01Jan2026 20:59:48.730] [Worker-Main-3/WARN] [HammerLib/]: Unable to find registry for tag directory tags/worldgen/configured_feature
[01Jan2026 20:59:48.730] [Worker-Main-5/INFO] [HammerLib/]: Built tags for registry minecraft:chunk_status
[01Jan2026 20:59:48.732] [Worker-Main-3/WARN] [HammerLib/]: Unable to find registry for tag directory tags/elysium/biome_replacer
[01Jan2026 20:59:48.733] [Worker-Main-5/INFO] [HammerLib/]: Built tags for registry minecraft:schedule
[01Jan2026 20:59:48.735] [Worker-Main-4/WARN] [HammerLib/]: Unable to find registry for tag directory tags/worldgen/structure_pool_element
[01Jan2026 20:59:48.735] [Worker-Main-5/WARN] [HammerLib/]: Unable to find registry for tag directory tags/worldgen/structure_placement
[01Jan2026 20:59:48.737] [Worker-Main-4/WARN] [HammerLib/]: Unable to find registry for tag directory tags/loot_function_type
[01Jan2026 20:59:48.739] [Worker-Main-4/WARN] [HammerLib/]: Unable to find registry for tag directory tags/worldgen/multi_noise_biome_source_parameter_list
[01Jan2026 20:59:48.746] [Worker-Main-5/WARN] [HammerLib/]: Unable to find registry for tag directory tags/cat_variant
[01Jan2026 20:59:48.746] [Worker-Main-3/WARN] [HammerLib/]: Unable to find registry for tag directory tags/worldgen/world_preset
[01Jan2026 20:59:48.747] [Worker-Main-4/INFO] [HammerLib/]: Built tags for registry minecraft:mob_effect
[01Jan2026 20:59:48.750] [Worker-Main-5/WARN] [HammerLib/]: Unable to find registry for tag directory tags/worldgen/root_placer_type
[01Jan2026 20:59:48.750] [Worker-Main-4/WARN] [HammerLib/]: Unable to find registry for tag directory tags/forge/structure_modifier
[01Jan2026 20:59:48.752] [Worker-Main-5/WARN] [HammerLib/]: Unable to find registry for tag directory tags/worldgen/template_pool
[01Jan2026 20:59:48.753] [Worker-Main-4/WARN] [HammerLib/]: Unable to find registry for tag directory tags/worldgen/noise_settings
[01Jan2026 20:59:48.753] [Worker-Main-3/WARN] [HammerLib/]: Unable to find registry for tag directory tags/worldgen/flat_level_generator_preset
[01Jan2026 20:59:48.754] [Worker-Main-5/WARN] [HammerLib/]: Unable to find registry for tag directory tags/elysium/block/sound_transformers
[01Jan2026 20:59:48.758] [Worker-Main-5/INFO] [HammerLib/]: Built tags for registry forge:fluid_type
[01Jan2026 20:59:48.759] [Worker-Main-5/INFO] [HammerLib/]: Built tags for registry minecraft:memory_module_type
[01Jan2026 20:59:48.767] [Worker-Main-5/INFO] [HammerLib/]: Built tags for registry minecraft:menu
[01Jan2026 20:59:48.772] [Worker-Main-3/WARN] [HammerLib/]: Unable to find registry for tag directory tags/decorated_pot_patterns
[01Jan2026 20:59:48.777] [Worker-Main-5/WARN] [HammerLib/]: Unable to find registry for tag directory tags/worldgen/feature_size_type
[01Jan2026 20:59:48.782] [Worker-Main-5/WARN] [HammerLib/]: Unable to find registry for tag directory tags/creative_mode_tab
[01Jan2026 20:59:48.784] [Worker-Main-3/INFO] [HammerLib/]: Built tags for registry minecraft:worldgen/carver
[01Jan2026 20:59:48.788] [Worker-Main-5/WARN] [HammerLib/]: Unable to find registry for tag directory tags/worldgen/material_condition
[01Jan2026 20:59:48.795] [Worker-Main-5/WARN] [HammerLib/]: Unable to find registry for tag directory tags/worldgen/density_function
[01Jan2026 20:59:48.798] [Worker-Main-5/WARN] [HammerLib/]: Unable to find registry for tag directory tags/int_provider_type
[01Jan2026 20:59:48.800] [Worker-Main-5/INFO] [HammerLib/]: Built tags for registry forge:entity_data_serializers
[01Jan2026 20:59:48.803] [Worker-Main-5/INFO] [HammerLib/]: Built tags for registry minecraft:villager_profession
[01Jan2026 20:59:48.805] [Worker-Main-5/INFO] [HammerLib/]: Built tags for registry minecraft:worldgen/feature
[01Jan2026 20:59:48.806] [Worker-Main-3/WARN] [HammerLib/]: Unable to find registry for tag directory tags/worldgen/structure
[01Jan2026 20:59:48.809] [Worker-Main-3/WARN] [HammerLib/]: Unable to find registry for tag directory tags/worldgen/trunk_placer_type
[01Jan2026 20:59:48.811] [Worker-Main-3/INFO] [HammerLib/]: Built tags for registry minecraft:sound_event
[01Jan2026 20:59:48.813] [Worker-Main-3/WARN] [HammerLib/]: Unable to find registry for tag directory tags/trim_pattern
[01Jan2026 20:59:48.815] [Worker-Main-3/WARN] [HammerLib/]: Unable to find registry for tag directory tags/float_provider_type
[01Jan2026 20:59:48.818] [Worker-Main-3/INFO] [HammerLib/]: Built tags for registry minecraft:worldgen/tree_decorator_type
[01Jan2026 20:59:48.820] [Worker-Main-3/WARN] [HammerLib/]: Unable to find registry for tag directory tags/forge/biome_modifier
[01Jan2026 20:59:48.822] [Worker-Main-3/WARN] [HammerLib/]: Unable to find registry for tag directory tags/worldgen/biome_source
[01Jan2026 20:59:48.824] [Worker-Main-3/WARN] [HammerLib/]: Unable to find registry for tag directory tags/worldgen/material_rule
[01Jan2026 20:59:48.826] [Worker-Main-3/INFO] [HammerLib/]: Built tags for registry minecraft:particle_type
[01Jan2026 20:59:48.828] [Worker-Main-3/WARN] [HammerLib/]: Unable to find registry for tag directory tags/worldgen/structure_type
[01Jan2026 20:59:48.831] [Worker-Main-3/WARN] [HammerLib/]: Unable to find registry for tag directory tags/game_events
[01Jan2026 20:59:48.834] [Worker-Main-3/WARN] [HammerLib/]: Unable to find registry for tag directory tags/height_provider_type
[01Jan2026 20:59:48.836] [Worker-Main-3/WARN] [HammerLib/]: Unable to find registry for tag directory tags/rule_test
[01Jan2026 20:59:48.838] [Worker-Main-3/INFO] [HammerLib/]: Built tags for registry minecraft:stat_type
[01Jan2026 20:59:48.841] [Worker-Main-3/INFO] [HammerLib/]: Built tags for registry minecraft:worldgen/block_state_provider_type
[01Jan2026 20:59:48.842] [Worker-Main-5/INFO] [HammerLib/]: Built tags for registry minecraft:entity_type
[01Jan2026 20:59:48.844] [Worker-Main-3/WARN] [HammerLib/]: Unable to find registry for tag directory tags/paraglider/bargain_types
[01Jan2026 20:59:48.846] [Worker-Main-3/WARN] [HammerLib/]: Unable to find registry for tag directory tags/dimension
[01Jan2026 20:59:48.849] [Worker-Main-3/INFO] [HammerLib/]: Built tags for registry minecraft:point_of_interest_type
[01Jan2026 20:59:48.852] [Worker-Main-3/WARN] [HammerLib/]: Unable to find registry for tag directory tags/elysium/block/use_behaviors
[01Jan2026 20:59:48.854] [Worker-Main-3/INFO] [HammerLib/]: Built tags for registry minecraft:worldgen/foliage_placer_type
[01Jan2026 20:59:48.857] [Worker-Main-3/WARN] [HammerLib/]: Unable to find registry for tag directory tags/worldgen/placed_feature
[01Jan2026 20:59:48.862] [Worker-Main-5/INFO] [HammerLib/]: Built tags for registry minecraft:block_entity_type
[01Jan2026 20:59:48.863] [Worker-Main-3/WARN] [HammerLib/]: Unable to find registry for tag directory tags/banner_pattern
[01Jan2026 20:59:48.865] [Worker-Main-5/WARN] [HammerLib/]: Unable to find registry for tag directory tags/worldgen/noise
[01Jan2026 20:59:48.867] [Worker-Main-3/WARN] [HammerLib/]: Unable to find registry for tag directory tags/elysium/block/properties_transformer
[01Jan2026 20:59:48.867] [Worker-Main-5/WARN] [HammerLib/]: Unable to find registry for tag directory tags/villager_type
[01Jan2026 20:59:48.869] [Worker-Main-3/INFO] [HammerLib/]: Built tags for registry minecraft:recipe_serializer
[01Jan2026 20:59:48.870] [Worker-Main-5/WARN] [HammerLib/]: Unable to find registry for tag directory tags/worldgen/structure_set
[01Jan2026 20:59:48.872] [Worker-Main-5/WARN] [HammerLib/]: Unable to find registry for tag directory tags/frog_variant
[01Jan2026 20:59:48.872] [Worker-Main-3/WARN] [HammerLib/]: Unable to find registry for tag directory tags/worldgen/chunk_generator
[01Jan2026 20:59:48.874] [Worker-Main-5/WARN] [HammerLib/]: Unable to find registry for tag directory tags/position_source_type
[01Jan2026 20:59:48.875] [Worker-Main-3/INFO] [HammerLib/]: Built tags for registry minecraft:attribute
[01Jan2026 20:59:48.876] [Worker-Main-5/INFO] [HammerLib/]: Built tags for registry minecraft:enchantment
[01Jan2026 20:59:48.878] [Worker-Main-3/WARN] [HammerLib/]: Unable to find registry for tag directory tags/dimension_type
[01Jan2026 20:59:48.879] [Worker-Main-5/INFO] [HammerLib/]: Built tags for registry minecraft:painting_variant
[01Jan2026 20:59:48.881] [Worker-Main-5/WARN] [HammerLib/]: Unable to find registry for tag directory tags/pos_rule_test
[01Jan2026 20:59:48.880] [Worker-Main-3/WARN] [HammerLib/]: Unable to find registry for tag directory tags/chat_type
[01Jan2026 20:59:48.883] [Worker-Main-5/WARN] [HammerLib/]: Unable to find registry for tag directory tags/worldgen/density_function_type
[01Jan2026 20:59:48.884] [Worker-Main-3/INFO] [HammerLib/]: Built tags for registry forge:global_loot_modifier_serializers
[01Jan2026 20:59:48.886] [Worker-Main-5/WARN] [HammerLib/]: Unable to find registry for tag directory tags/trim_material
[01Jan2026 20:59:48.890] [Worker-Main-5/WARN] [HammerLib/]: Unable to find registry for tag directory tags/custom_stat
[01Jan2026 20:59:48.892] [Worker-Main-5/WARN] [HammerLib/]: Unable to find registry for tag directory tags/loot_nbt_provider_type
[01Jan2026 20:59:48.896] [Worker-Main-5/WARN] [HammerLib/]: Unable to find registry for tag directory tags/loot_pool_entry_type
[01Jan2026 20:59:48.899] [Worker-Main-5/WARN] [HammerLib/]: Unable to find registry for tag directory tags/instrument
[01Jan2026 20:59:48.901] [Worker-Main-5/WARN] [HammerLib/]: Unable to find registry for tag directory tags/netherexp/wisp_archeology
[01Jan2026 20:59:48.902] [Worker-Main-5/INFO] [HammerLib/]: Built tags for registry minecraft:sensor_type
[01Jan2026 20:59:48.902] [Worker-Main-4/INFO] [HammerLib/]: Built tags for registry minecraft:block
[01Jan2026 20:59:48.909] [Worker-Main-5/WARN] [HammerLib/]: Unable to find registry for tag directory tags/worldgen/structure_processor
[01Jan2026 20:59:48.914] [Worker-Main-5/WARN] [HammerLib/]: Unable to find registry for tag directory tags/block_predicate_type
[01Jan2026 20:59:48.916] [Worker-Main-5/WARN] [HammerLib/]: Unable to find registry for tag directory tags/worldgen/processor_list
[01Jan2026 20:59:48.919] [Worker-Main-5/WARN] [HammerLib/]: Unable to find registry for tag directory tags/loot_number_provider_type
[01Jan2026 20:59:48.926] [Worker-Main-4/ERROR] [net.minecraft.tags.TagLoader/]: Couldn't load tag minecraft:mushroom_grow_block as it is missing following references: netherdungeons:growth_mauve (from netherdungeons-1.1.0-snapshot4.jar)
[01Jan2026 20:59:48.929] [Worker-Main-5/WARN] [HammerLib/]: Unable to find registry for tag directory tags/damage_type
[01Jan2026 20:59:48.932] [Worker-Main-5/WARN] [HammerLib/]: Unable to find registry for tag directory tags/worldgen/configured_carver
[01Jan2026 20:59:48.934] [Worker-Main-5/WARN] [HammerLib/]: Unable to find registry for tag directory tags/blueprint/structure_repaletters
[01Jan2026 20:59:48.935] [Worker-Main-5/INFO] [HammerLib/]: Built tags for registry minecraft:fluid
[01Jan2026 20:59:48.938] [Worker-Main-4/INFO] [HammerLib/]: Built tags for registry minecraft:activity
[01Jan2026 20:59:48.939] [Worker-Main-5/WARN] [HammerLib/]: Unable to find registry for tag directory tags/worldgen/structure_piece
[01Jan2026 20:59:48.940] [Worker-Main-5/WARN] [HammerLib/]: Unable to find registry for tag directory tags/rule_block_entity_modifier
[01Jan2026 20:59:48.941] [Worker-Main-4/INFO] [HammerLib/]: Built tags for registry minecraft:potion
[01Jan2026 20:59:48.943] [Worker-Main-4/INFO] [HammerLib/]: Built tags for registry minecraft:recipe_type
[01Jan2026 20:59:48.945] [Worker-Main-4/WARN] [HammerLib/]: Unable to find registry for tag directory tags/blueprint/modded_biome_slices
[01Jan2026 20:59:48.947] [Worker-Main-4/WARN] [HammerLib/]: Unable to find registry for tag directory tags/worldgen/placement_modifier_type
[01Jan2026 20:59:48.974] [Worker-Main-3/INFO] [HammerLib/]: Built tags for registry minecraft:worldgen/biome
[01Jan2026 20:59:48.978] [Worker-Main-3/ERROR] [net.minecraft.tags.TagLoader/]: Couldn't load tag legendary_monsters:ancient_stronghold_biomes as it is missing following references: minecraft:spruce_forest (from legendarymonsters-1.4.6 MC 1.20.1.jar)
[01Jan2026 20:59:49.042] [Worker-Main-5/INFO] [HammerLib/]: Built tags for registry minecraft:item
[01Jan2026 20:59:49.053] [Worker-Main-5/ERROR] [net.minecraft.tags.TagLoader/]: Couldn't load tag forge:vital_vein_tools as it is missing following references: #forge:vital_vein_hammer (from just_in_nether-1.1.7-forge-1.20.1.jar)
[01Jan2026 20:59:49.557] [Worker-Main-3/INFO] [ImprovableSkills/]: Injecting parchment into LootTable 'nova_structures:chests/pillager_outpost_treasure'!
[01Jan2026 20:59:49.561] [Worker-Main-3/INFO] [ImprovableSkills/]: Injecting scroll for skill 'improvableskills:silent_foot' into LootTable 'minecraft:entities/warden'!
[01Jan2026 20:59:49.567] [Worker-Main-3/INFO] [ImprovableSkills/]: Injecting parchment into LootTable 'hopo:chests/portal/better_ruined_portal'!
[01Jan2026 20:59:49.568] [Worker-Main-3/INFO] [ImprovableSkills/]: Injecting parchment into LootTable 'dungeons_arise:chests/shiraz_palace/shiraz_palace_elite'!
[01Jan2026 20:59:49.599] [Worker-Main-3/INFO] [ImprovableSkills/]: Injecting parchment into LootTable 'endrem:minecraft/chests/pillager_outpost'!
[01Jan2026 20:59:49.625] [Worker-Main-3/INFO] [ImprovableSkills/]: Injecting parchment into LootTable 'nova_structures:chests/witch_villa/potion_brewing'!
[01Jan2026 20:59:49.628] [Worker-Main-3/INFO] [ImprovableSkills/]: Injecting parchment into LootTable 'dungeonnowloading:chests/temple_of_duality/fairkeeper_chest/normal_puzzle'!
[01Jan2026 20:59:49.638] [Worker-Main-3/INFO] [ImprovableSkills/]: Injecting parchment into LootTable 'dungeons_arise:chests/heavenly_challenger/heavenly_challenger_theater'!
[01Jan2026 20:59:49.640] [Worker-Main-3/INFO] [ImprovableSkills/]: Injecting parchment into LootTable 'ati_structures:chests/food_storage'!
[01Jan2026 20:59:49.642] [Worker-Main-3/INFO] [ImprovableSkills/]: Injecting parchment into LootTable 'dungeons_arise:chests/shiraz_palace/shiraz_palace_gardens'!
[01Jan2026 20:59:49.652] [Worker-Main-3/INFO] [ImprovableSkills/]: Injecting parchment into LootTable 'netherexp:chests/chapel'!
[01Jan2026 20:59:49.657] [Worker-Main-3/INFO] [ImprovableSkills/]: Injecting parchment into LootTable 'nova_structures:chests/witch_villa/general_storage'!
[01Jan2026 20:59:49.664] [Worker-Main-3/INFO] [ImprovableSkills/]: Injecting parchment into LootTable 'ati_structures:chests/library'!
[01Jan2026 20:59:49.665] [Worker-Main-3/INFO] [ImprovableSkills/]: Injecting parchment into LootTable 'netherdungeons:chests/altar_up'!
[01Jan2026 20:59:49.672] [Worker-Main-3/INFO] [ImprovableSkills/]: Injecting parchment into LootTable 'dungeonnowloading:chests/temple_of_duality/food/normal_puzzle'!
[01Jan2026 20:59:49.675] [Worker-Main-3/INFO] [ImprovableSkills/]: Injecting parchment into LootTable 'minecraft:chests/illager_mansion/generic'!
[01Jan2026 20:59:49.676] [Worker-Main-3/INFO] [ImprovableSkills/]: Injecting parchment into LootTable 'graveyard:chests/arrow_loot'!
[01Jan2026 20:59:49.677] [Worker-Main-3/INFO] [ImprovableSkills/]: Injecting parchment into LootTable 'dungeons_and_combat:chests/ernos_cave_loot'!
[01Jan2026 20:59:49.683] [Worker-Main-3/INFO] [ImprovableSkills/]: Injecting parchment into LootTable 'minecraft:chests/illager_mansion/map_chest'!
[01Jan2026 20:59:49.687] [Worker-Main-3/INFO] [ImprovableSkills/]: Injecting parchment into LootTable 'dungeons_arise:chests/abandoned_temple/abandoned_temple_top'!
[01Jan2026 20:59:49.689] [Worker-Main-3/INFO] [ImprovableSkills/]: Injecting parchment into LootTable 'dungeonnowloading:chests/temple_of_duality/equipment/normal_combat'!
[01Jan2026 20:59:49.691] [Worker-Main-3/INFO] [ImprovableSkills/]: Injecting parchment into LootTable 'dungeonnowloading:chests/temple_of_duality/arrow/normal_combat'!
[01Jan2026 20:59:49.695] [Worker-Main-3/INFO] [ImprovableSkills/]: Injecting parchment into LootTable 'dungeons_arise:chests/illager_galley/illager_galley_supply'!
[01Jan2026 20:59:49.702] [Worker-Main-3/INFO] [ImprovableSkills/]: Injecting parchment into LootTable 'dungeons_arise:chests/plague_asylum/plague_asylum_normal'!
[01Jan2026 20:59:49.715] [Worker-Main-3/INFO] [ImprovableSkills/]: Injecting parchment into LootTable 'dungeons_arise:chests/illager_galley/illager_galley_treasure'!
[01Jan2026 20:59:49.717] [Worker-Main-3/INFO] [ImprovableSkills/]: Injecting parchment into LootTable 'dungeonnowloading:chests/temple_of_duality/book/hard_combat'!
[01Jan2026 20:59:49.731] [Worker-Main-3/INFO] [ImprovableSkills/]: Injecting parchment into LootTable 'dungeons_arise:chests/mechanical_nest/mechanical_nest_treasure'!
[01Jan2026 20:59:49.737] [Worker-Main-3/INFO] [ImprovableSkills/]: Injecting parchment into LootTable 'block_factorys_bosses:chests/dragon_tower_common'!
[01Jan2026 20:59:49.741] [Worker-Main-3/INFO] [ImprovableSkills/]: Injecting parchment into LootTable 'dungeonnowloading:chests/temple_of_duality/material/hard_combat'!
[01Jan2026 20:59:49.753] [Worker-Main-3/INFO] [ImprovableSkills/]: Injecting parchment into LootTable 'graveyard:chests/candle_loot'!
[01Jan2026 20:59:49.758] [Worker-Main-3/INFO] [ImprovableSkills/]: Injecting parchment into LootTable 'dungeons_arise:chests/small_prairie_house/small_prairie_house_ruined'!
[01Jan2026 20:59:49.760] [Worker-Main-3/INFO] [ImprovableSkills/]: Injecting parchment into LootTable 'nova_structures:chests/illager_hideout_brewing'!
[01Jan2026 20:59:49.771] [Worker-Main-3/INFO] [ImprovableSkills/]: Injecting parchment into LootTable 'dungeonnowloading:chests/temple_of_duality/arrow/easy_combat'!
[01Jan2026 20:59:49.795] [Worker-Main-3/INFO] [ImprovableSkills/]: Injecting parchment into LootTable 'dungeons_arise:chests/lighthouse/lighthouse_top'!
[01Jan2026 20:59:49.809] [Worker-Main-3/INFO] [ImprovableSkills/]: Injecting parchment into LootTable 'dungeons_arise:chests/illager_galley/illager_galley_barrels'!
[01Jan2026 20:59:49.818] [Worker-Main-3/INFO] [ImprovableSkills/]: Injecting parchment into LootTable 'mofus_better_end_:chests/forgotten_town_loot'!
[01Jan2026 20:59:49.823] [Worker-Main-3/INFO] [ImprovableSkills/]: Injecting parchment into LootTable 'nova_structures:chests/creeping_crypt/crypt_grave'!
[01Jan2026 20:59:49.825] [Worker-Main-3/INFO] [ImprovableSkills/]: Injecting parchment into LootTable 'mofus_better_end_:chests/luminion_labyrinth_chestloot'!
[01Jan2026 20:59:49.826] [Worker-Main-3/INFO] [ImprovableSkills/]: Injecting parchment into LootTable 'dungeons_arise:chests/thornborn_towers/thornborn_towers_barrels'!
[01Jan2026 20:59:49.828] [Worker-Main-3/INFO] [ImprovableSkills/]: Injecting parchment into LootTable 'dungeons_and_combat:chests/forgotten_sand'!
[01Jan2026 20:59:49.831] [Worker-Main-3/INFO] [ImprovableSkills/]: Injecting parchment into LootTable 'tlc:chests/throne'!
[01Jan2026 20:59:49.833] [Worker-Main-3/INFO] [ImprovableSkills/]: Injecting parchment into LootTable 'dungeons_arise:chests/plague_asylum/plague_asylum_potions'!
[01Jan2026 20:59:49.837] [Worker-Main-3/INFO] [ImprovableSkills/]: Injecting parchment into LootTable 'nova_structures:chests/piglin_outstation/outstation_treasure'!
[01Jan2026 20:59:49.845] [Worker-Main-3/INFO] [ImprovableSkills/]: Injecting parchment into LootTable 'dungeons_arise:chests/mechanical_nest/mechanical_nest_supply'!
[01Jan2026 20:59:49.848] [Worker-Main-3/INFO] [ImprovableSkills/]: Injecting parchment into LootTable 'mofus_better_end_:chests/cryostone_chest_loot_1'!
[01Jan2026 20:59:49.851] [Worker-Main-3/INFO] [ImprovableSkills/]: Injecting parchment into LootTable 'minecraft:chests/underwater_ruin_small'!
[01Jan2026 20:59:49.854] [Worker-Main-3/INFO] [ImprovableSkills/]: Injecting parchment into LootTable 'nova_structures:chests/tavern_quest/witch_villa'!
[01Jan2026 20:59:49.858] [Worker-Main-3/INFO] [ImprovableSkills/]: Injecting parchment into LootTable 'graveyard:chests/great_crypt_loot'!
[01Jan2026 20:59:49.862] [Worker-Main-3/INFO] [ImprovableSkills/]: Injecting parchment into LootTable 'graveyard:chests/crypt_loot'!
[01Jan2026 20:59:49.862] [Worker-Main-3/INFO] [ImprovableSkills/]: Injecting parchment into LootTable 'dungeonnowloading:chests/temple_of_duality/arrow/easy_puzzle'!
[01Jan2026 20:59:49.869] [Worker-Main-3/INFO] [ImprovableSkills/]: Injecting parchment into LootTable 'dungeons_arise:chests/keep_kayra/keep_kayra_garden_normal'!
[01Jan2026 20:59:49.872] [Worker-Main-3/INFO] [ImprovableSkills/]: Injecting scroll for skill 'improvableskills:xp_plus' into LootTable 'minecraft:entities/elder_guardian'!
[01Jan2026 20:59:49.875] [Worker-Main-3/INFO] [ImprovableSkills/]: Injecting scroll for skill 'improvableskills:mob_repellent' into LootTable 'minecraft:chests/village/village_armorer'!
[01Jan2026 20:59:49.876] [Worker-Main-3/INFO] [ImprovableSkills/]: Injecting parchment into LootTable 'nova_structures:chests/illager_hideout_fishing'!
[01Jan2026 20:59:49.876] [Worker-Main-3/INFO] [ImprovableSkills/]: Injecting parchment into LootTable 'dungeons_arise:chests/foundry/foundry_lava_pit'!
[01Jan2026 20:59:49.877] [Worker-Main-3/INFO] [ImprovableSkills/]: Injecting parchment into LootTable 'dungeons_arise:chests/illager_campsite/illager_campsite_supply'!
[01Jan2026 20:59:49.879] [Worker-Main-3/INFO] [ImprovableSkills/]: Injecting parchment into LootTable 'dungeonnowloading:chests/temple_of_duality/book/easy_puzzle'!
[01Jan2026 20:59:49.880] [Worker-Main-3/INFO] [ImprovableSkills/]: Injecting parchment into LootTable 'dungeonnowloading:chests/labyrinth/foods'!
[01Jan2026 20:59:49.881] [Worker-Main-3/INFO] [ImprovableSkills/]: Injecting parchment into LootTable 'graveyard:chests/misc_loot'!
[01Jan2026 20:59:49.885] [Worker-Main-3/INFO] [ImprovableSkills/]: Injecting parchment into LootTable 'ati_structures:chests/armory'!
[01Jan2026 20:59:49.886] [Worker-Main-3/INFO] [ImprovableSkills/]: Injecting parchment into LootTable 'dungeons_arise:chests/shiraz_palace/shiraz_palace_towers'!
[01Jan2026 20:59:49.890] [Worker-Main-3/INFO] [ImprovableSkills/]: Injecting parchment into LootTable 'minecraft:chests/igloo_chest'!
[01Jan2026 20:59:49.891] [Worker-Main-3/INFO] [ImprovableSkills/]: Injecting scroll for skill 'improvableskills:silent_foot' into LootTable 'minecraft:chests/ancient_city'!
[01Jan2026 20:59:49.891] [Worker-Main-3/INFO] [ImprovableSkills/]: Injecting parchment into LootTable 'minecraft:chests/ancient_city'!
[01Jan2026 20:59:49.892] [Worker-Main-3/INFO] [ImprovableSkills/]: Injecting parchment into LootTable 'dungeons_arise:chests/shiraz_palace/shiraz_palace_rooms'!
[01Jan2026 20:59:49.895] [Worker-Main-3/INFO] [ImprovableSkills/]: Injecting parchment into LootTable 'dungeons_arise:chests/merchant_campsite/merchant_campsite_tent'!
[01Jan2026 20:59:49.895] [Worker-Main-3/INFO] [ImprovableSkills/]: Injecting parchment into LootTable 'mofus_better_end_:chests/endlabyrintharenaloot'!
[01Jan2026 20:59:49.896] [Worker-Main-3/INFO] [ImprovableSkills/]: Injecting parchment into LootTable 'dungeonnowloading:chests/temple_of_duality/fairkeeper_chest/easy_combat'!
[01Jan2026 20:59:49.898] [Worker-Main-3/INFO] [ImprovableSkills/]: Injecting parchment into LootTable 'dungeons_arise:chests/heavenly_challenger/heavenly_challenger_supply'!
[01Jan2026 20:59:49.900] [Worker-Main-3/INFO] [ImprovableSkills/]: Injecting parchment into LootTable 'dungeons_arise:chests/mines_treasure_small'!
[01Jan2026 20:59:49.901] [Worker-Main-3/INFO] [ImprovableSkills/]: Injecting parchment into LootTable 'mns:chests/uncommon'!
[01Jan2026 20:59:49.902] [Worker-Main-3/INFO] [ImprovableSkills/]: Injecting parchment into LootTable 'nova_structures:chests/water_supply'!
[01Jan2026 20:59:49.907] [Worker-Main-3/INFO] [ImprovableSkills/]: Injecting parchment into LootTable 'dungeons_arise:chests/heavenly_rider/heavenly_rider_barrels'!
[01Jan2026 20:59:49.909] [Worker-Main-3/INFO] [ImprovableSkills/]: Injecting parchment into LootTable 'nova_structures:chests/creeping_crypt/crypt_hallway'!
[01Jan2026 20:59:49.910] [Worker-Main-3/INFO] [ImprovableSkills/]: Injecting parchment into LootTable 'dungeons_arise:chests/heavenly_conqueror/heavenly_conqueror_normal'!
[01Jan2026 20:59:49.911] [Worker-Main-3/INFO] [ImprovableSkills/]: Injecting parchment into LootTable 'dungeons_arise:chests/mines_treasure_big'!
[01Jan2026 20:59:49.912] [Worker-Main-3/INFO] [ImprovableSkills/]: Injecting parchment into LootTable 'mofus_better_end_:chests/endlabyrinthcommonloot'!
[01Jan2026 20:59:49.915] [Worker-Main-3/INFO] [ImprovableSkills/]: Injecting parchment into LootTable 'dungeons_arise:chests/mushroom_mines/mushroom_mines_treasure'!
[01Jan2026 20:59:49.916] [Worker-Main-3/INFO] [ImprovableSkills/]: Injecting parchment into LootTable 'minecraft:chests/illager_mansion/ravager_chest'!
[01Jan2026 20:59:49.919] [Worker-Main-3/INFO] [ImprovableSkills/]: Injecting parchment into LootTable 'legendary_monsters:chests/abandoned_crypt_loot_table'!
[01Jan2026 20:59:49.919] [Worker-Main-3/INFO] [ImprovableSkills/]: Injecting parchment into LootTable 'dungeons_arise:chests/infested_temple/infested_temple_room_table'!
[01Jan2026 20:59:49.924] [Worker-Main-3/INFO] [ImprovableSkills/]: Injecting parchment into LootTable 'minecraft:chests/illager_mansion/pillager_chest'!
[01Jan2026 20:59:49.926] [Worker-Main-3/INFO] [ImprovableSkills/]: Injecting parchment into LootTable 'eeeabsmobs:chests/epic_ancient_tomb'!
[01Jan2026 20:59:49.928] [Worker-Main-3/INFO] [ImprovableSkills/]: Injecting parchment into LootTable 'nova_structures:chests/pillager_outpost_kitchen'!
[01Jan2026 20:59:49.931] [Worker-Main-3/INFO] [ImprovableSkills/]: Injecting parchment into LootTable 'graveyard:chests/bone_loot'!
[01Jan2026 20:59:49.933] [Worker-Main-3/INFO] [ImprovableSkills/]: Injecting parchment into LootTable 'dungeonnowloading:chests/temple_of_duality/book/normal_combat'!
[01Jan2026 20:59:49.934] [Worker-Main-3/INFO] [ImprovableSkills/]: Injecting parchment into LootTable 'netherexp:chests/sanctum_supply'!
[01Jan2026 20:59:49.935] [Worker-Main-3/INFO] [ImprovableSkills/]: Injecting parchment into LootTable 'graveyard:chests/medium_loot'!
[01Jan2026 20:59:49.937] [Worker-Main-3/INFO] [ImprovableSkills/]: Injecting parchment into LootTable 'takesapillage:chests/bastille/graveyard'!
[01Jan2026 20:59:49.942] [Worker-Main-3/INFO] [ImprovableSkills/]: Injecting scroll for skill 'improvableskills:growth' into LootTable 'minecraft:chests/jungle_temple'!
[01Jan2026 20:59:49.942] [Worker-Main-3/INFO] [ImprovableSkills/]: Injecting parchment into LootTable 'minecraft:chests/jungle_temple'!
[01Jan2026 20:59:49.944] [Worker-Main-3/INFO] [ImprovableSkills/]: Injecting parchment into LootTable 'dungeons_arise:chests/mechanical_nest/mechanical_nest_normal'!
[01Jan2026 20:59:49.945] [Worker-Main-3/INFO] [ImprovableSkills/]: Injecting parchment into LootTable 'minecraft:chests/illager_mansion/witch_chest'!
[01Jan2026 20:59:49.947] [Worker-Main-3/INFO] [ImprovableSkills/]: Injecting parchment into LootTable 'graveyard:chests/large_loot'!
[01Jan2026 20:59:49.948] [Worker-Main-3/INFO] [ImprovableSkills/]: Injecting parchment into LootTable 'nova_structures:chests/firewatch_tower'!
[01Jan2026 20:59:49.953] [Worker-Main-3/INFO] [ImprovableSkills/]: Injecting parchment into LootTable 'dungeons_arise:chests/shiraz_palace/shiraz_palace_treasure'!
[01Jan2026 20:59:49.954] [Worker-Main-3/INFO] [ImprovableSkills/]: Injecting parchment into LootTable 'dungeons_arise:chests/mushroom_house/mushroom_house_barrels'!
[01Jan2026 20:59:49.955] [Worker-Main-3/INFO] [ImprovableSkills/]: Injecting parchment into LootTable 'eeeabsmobs:chests/unusual_ancient_tomb'!
[01Jan2026 20:59:49.955] [Worker-Main-3/INFO] [ImprovableSkills/]: Injecting parchment into LootTable 'nova_structures:chests/badland_miner_outpost_forge'!
[01Jan2026 20:59:49.955] [Worker-Main-3/INFO] [ImprovableSkills/]: Injecting parchment into LootTable 'dungeons_arise:chests/foundry/foundry_treasure'!
[01Jan2026 20:59:49.956] [Worker-Main-3/INFO] [ImprovableSkills/]: Injecting parchment into LootTable 'dungeons_arise:chests/jungle_tree_house/jungle_tree_house_treasure'!
[01Jan2026 20:59:49.957] [Worker-Main-3/INFO] [ImprovableSkills/]: Injecting parchment into LootTable 'dungeonnowloading:chests/temple_of_duality/arrow/normal_puzzle'!
[01Jan2026 20:59:49.960] [Worker-Main-3/INFO] [ImprovableSkills/]: Injecting parchment into LootTable 'mofus_better_end_:chests/clocktowerlibraryloot'!
[01Jan2026 20:59:49.963] [Worker-Main-3/INFO] [ImprovableSkills/]: Injecting scroll for skill 'improvableskills:health' into LootTable 'minecraft:chests/end_city_treasure'!
[01Jan2026 20:59:49.963] [Worker-Main-3/INFO] [ImprovableSkills/]: Injecting parchment into LootTable 'minecraft:chests/end_city_treasure'!
[01Jan2026 20:59:49.967] [Worker-Main-3/INFO] [ImprovableSkills/]: Injecting parchment into LootTable 'aquamirae:chests/maze_common_chest'!
[01Jan2026 20:59:49.970] [Worker-Main-3/INFO] [ImprovableSkills/]: Injecting parchment into LootTable 'hopo:chests/portal/lush_portal'!
[01Jan2026 20:59:49.974] [Worker-Main-3/INFO] [ImprovableSkills/]: Injecting parchment into LootTable 'dungeons_arise:chests/infested_temple/infested_temple_top_treasure'!
[01Jan2026 20:59:49.976] [Worker-Main-3/INFO] [ImprovableSkills/]: Injecting parchment into LootTable 'nova_structures:chests/desert_ruins/desert_ruin_main_temple'!
[01Jan2026 20:59:49.982] [Worker-Main-3/INFO] [ImprovableSkills/]: Injecting parchment into LootTable 'ati_structures:chests/aqua'!
[01Jan2026 20:59:49.983] [Worker-Main-3/INFO] [ImprovableSkills/]: Injecting parchment into LootTable 'nova_structures:chests/tavern_quest/desert_ruin'!
[01Jan2026 20:59:49.986] [Worker-Main-3/INFO] [ImprovableSkills/]: Injecting parchment into LootTable 'dungeons_arise:chests/thornborn_towers/thornborn_towers_top_treasure'!
[01Jan2026 20:59:49.987] [Worker-Main-3/INFO] [ImprovableSkills/]: Injecting parchment into LootTable 'nova_structures:chests/witch_villa/dirty_clothes'!
[01Jan2026 20:59:49.989] [Worker-Main-3/INFO] [ImprovableSkills/]: Injecting parchment into LootTable 'dungeons_and_combat:chests/blacksmithy'!
[01Jan2026 20:59:49.990] [Worker-Main-3/INFO] [ImprovableSkills/]: Injecting parchment into LootTable 'dungeonnowloading:chests/temple_of_duality/equipment/easy_combat'!
[01Jan2026 20:59:49.996] [Worker-Main-3/INFO] [ImprovableSkills/]: Injecting parchment into LootTable 'dungeons_and_combat:chests/infernal_fortress'!
[01Jan2026 20:59:49.997] [Worker-Main-3/INFO] [ImprovableSkills/]: Injecting parchment into LootTable 'ati_structures:chests/potion_storage'!
[01Jan2026 20:59:49.997] [Worker-Main-3/INFO] [ImprovableSkills/]: Injecting parchment into LootTable 'dungeonnowloading:chests/temple_of_duality/arrow/hard_combat'!
[01Jan2026 20:59:50.001] [Worker-Main-3/INFO] [ImprovableSkills/]: Injecting parchment into LootTable 'graveyard:chests/totem_loot'!
[01Jan2026 20:59:50.002] [Worker-Main-3/INFO] [ImprovableSkills/]: Injecting parchment into LootTable 'dungeons_arise:chests/bandit_towers/bandit_towers_treasure'!
[01Jan2026 20:59:50.002] [Worker-Main-3/INFO] [ImprovableSkills/]: Injecting parchment into LootTable 'dungeonnowloading:chests/temple_of_duality/armor/easy_combat'!
[01Jan2026 20:59:50.004] [Worker-Main-3/INFO] [ImprovableSkills/]: Injecting parchment into LootTable 'ati_structures:chests/copper_storage'!
[01Jan2026 20:59:50.013] [Worker-Main-3/INFO] [ImprovableSkills/]: Injecting parchment into LootTable 'dungeons_arise:chests/jungle_tree_house/jungle_tree_house_normal'!
[01Jan2026 20:59:50.013] [Worker-Main-3/INFO] [ImprovableSkills/]: Injecting parchment into LootTable 'dungeons_arise:chests/bandit_village/bandit_village_normal'!
[01Jan2026 20:59:50.016] [Worker-Main-3/INFO] [ImprovableSkills/]: Injecting parchment into LootTable 'ati_structures:chests/archer_chest'!
[01Jan2026 20:59:50.018] [Worker-Main-3/INFO] [ImprovableSkills/]: Injecting parchment into LootTable 'minecraft:chests/ruined_portal'!
[01Jan2026 20:59:50.018] [Worker-Main-3/INFO] [ImprovableSkills/]: Injecting parchment into LootTable 'nova_structures:chests/badland_miner_outpost'!
[01Jan2026 20:59:50.019] [Worker-Main-3/INFO] [ImprovableSkills/]: Injecting parchment into LootTable 'nova_structures:chests/jungle_ruins/jungle_ruins_main_temple'!
[01Jan2026 20:59:50.022] [Worker-Main-3/INFO] [ImprovableSkills/]: Injecting parchment into LootTable 'dungeons_arise:chests/thornborn_towers/thornborn_towers_top_rooms'!
[01Jan2026 20:59:50.025] [Worker-Main-3/INFO] [ImprovableSkills/]: Injecting parchment into LootTable 'dungeons_arise_seven_seas:chests/pirate_junk/pirate_junk_supply'!
[01Jan2026 20:59:50.030] [Worker-Main-3/INFO] [ImprovableSkills/]: Injecting parchment into LootTable 'dungeons_arise:chests/greenwood_pub/greenwood_pub_barrels_hallways'!
[01Jan2026 20:59:50.032] [Worker-Main-3/INFO] [ImprovableSkills/]: Injecting parchment into LootTable 'dungeons_arise:chests/infested_temple/infested_temple_room_garden'!
[01Jan2026 20:59:50.033] [Worker-Main-3/INFO] [ImprovableSkills/]: Injecting parchment into LootTable 'dungeons_arise:chests/illager_corsair/illager_corsair_supply'!
[01Jan2026 20:59:50.036] [Worker-Main-3/INFO] [ImprovableSkills/]: Injecting parchment into LootTable 'mowziesmobs:chests/umvuthana_grove_chest'!
[01Jan2026 20:59:50.037] [Worker-Main-3/INFO] [ImprovableSkills/]: Injecting parchment into LootTable 'ati_structures:chests/vegetation'!
[01Jan2026 20:59:50.037] [Worker-Main-3/INFO] [ImprovableSkills/]: Injecting parchment into LootTable 'dungeonnowloading:chests/temple_of_duality/armor/hard_puzzle'!
[01Jan2026 20:59:50.038] [Worker-Main-3/INFO] [ImprovableSkills/]: Injecting parchment into LootTable 'nova_structures:chests/witch_villa/slime_room'!
[01Jan2026 20:59:50.040] [Worker-Main-3/INFO] [ImprovableSkills/]: Injecting parchment into LootTable 'mofus_better_end_:chests/clock_tower_food_loot'!
[01Jan2026 20:59:50.043] [Worker-Main-3/INFO] [ImprovableSkills/]: Injecting parchment into LootTable 'dungeons_arise:chests/mines_treasure_medium'!
[01Jan2026 20:59:50.044] [Worker-Main-3/INFO] [ImprovableSkills/]: Injecting parchment into LootTable 'endrem:minecraft/chests/nether_bridge'!
[01Jan2026 20:59:50.045] [Worker-Main-3/INFO] [ImprovableSkills/]: Injecting parchment into LootTable 'ati_structures:chests/resources'!
[01Jan2026 20:59:50.046] [Worker-Main-3/INFO] [ImprovableSkills/]: Injecting parchment into LootTable 'nova_structures:chests/tavern_quest/jungle_ruin'!
[01Jan2026 20:59:50.047] [Worker-Main-3/INFO] [ImprovableSkills/]: Injecting parchment into LootTable 'dungeons_arise:chests/bandit_village/bandit_village_tents'!
[01Jan2026 20:59:50.050] [Worker-Main-3/INFO] [ImprovableSkills/]: Injecting parchment into LootTable 'bosses_of_mass_destruction:chests/lich_tower'!
[01Jan2026 20:59:50.051] [Worker-Main-3/INFO] [ImprovableSkills/]: Injecting parchment into LootTable 'dungeons_arise:chests/infested_temple/infested_temple_room_supply'!
[01Jan2026 20:59:50.052] [Worker-Main-3/INFO] [ImprovableSkills/]: Injecting parchment into LootTable 'dungeons_arise:chests/aviary/aviary_treasure'!
[01Jan2026 20:59:50.054] [Worker-Main-3/INFO] [ImprovableSkills/]: Injecting parchment into LootTable 'dungeonnowloading:chests/temple_of_duality/material/easy_puzzle'!
[01Jan2026 20:59:50.055] [Worker-Main-3/INFO] [ImprovableSkills/]: Injecting parchment into LootTable 'nova_structures:chests/witch_villa/bedroom'!
[01Jan2026 20:59:50.057] [Worker-Main-3/INFO] [ImprovableSkills/]: Injecting parchment into LootTable 'takesapillage:chests/bastille/gallows'!
[01Jan2026 20:59:50.058] [Worker-Main-3/INFO] [ImprovableSkills/]: Injecting parchment into LootTable 'mofus_better_end_:chests/luminion_labyrinth_titanium_chest_loot'!
[01Jan2026 20:59:50.062] [Worker-Main-3/INFO] [ImprovableSkills/]: Injecting scroll for skill 'improvableskills:dexterous_arms' into LootTable 'minecraft:chests/abandoned_mineshaft'!
[01Jan2026 20:59:50.063] [Worker-Main-3/INFO] [ImprovableSkills/]: Injecting parchment into LootTable 'minecraft:chests/abandoned_mineshaft'!
[01Jan2026 20:59:50.065] [Worker-Main-3/INFO] [ImprovableSkills/]: Injecting parchment into LootTable 'graveyard:chests/desert_graveyard_loot'!
[01Jan2026 20:59:50.068] [Worker-Main-3/INFO] [ImprovableSkills/]: Injecting parchment into LootTable 'dungeons_arise:chests/mechanical_nest/mechanical_nest_equipment'!
[01Jan2026 20:59:50.068] [Worker-Main-3/INFO] [ImprovableSkills/]: Injecting parchment into LootTable 'dungeons_arise:chests/aviary/aviary_normal'!
[01Jan2026 20:59:50.069] [Worker-Main-3/INFO] [ImprovableSkills/]: Injecting parchment into LootTable 'nova_structures:chests/tavern_quest'!
[01Jan2026 20:59:50.107] [Worker-Main-3/INFO] [ImprovableSkills/]: Injecting parchment into LootTable 'minecraft:chests/stronghold_corridor'!
[01Jan2026 20:59:50.108] [Worker-Main-3/INFO] [ImprovableSkills/]: Injecting parchment into LootTable 'dungeons_and_combat:chests/remanent_camp'!
[01Jan2026 20:59:50.109] [Worker-Main-3/INFO] [ImprovableSkills/]: Injecting parchment into LootTable 'dungeons_arise:chests/bandit_towers/bandit_towers_supply'!
[01Jan2026 20:59:50.110] [Worker-Main-3/INFO] [ImprovableSkills/]: Injecting parchment into LootTable 'minecraft:chests/village/village_swamp_house'!
[01Jan2026 20:59:50.111] [Worker-Main-3/INFO] [ImprovableSkills/]: Injecting parchment into LootTable 'aquamirae:chests/frozen_chest'!
[01Jan2026 20:59:50.113] [Worker-Main-3/INFO] [ImprovableSkills/]: Injecting parchment into LootTable 'dungeons_and_combat:chests/forgotten_sand_treasure'!
[01Jan2026 20:59:50.114] [Worker-Main-3/INFO] [ImprovableSkills/]: Injecting parchment into LootTable 'dungeonnowloading:chests/temple_of_duality/food/normal_combat'!
[01Jan2026 20:59:50.115] [Worker-Main-3/INFO] [ImprovableSkills/]: Injecting parchment into LootTable 'dungeons_arise:chests/merchant_campsite/merchant_campsite_supply'!
[01Jan2026 20:59:50.117] [Worker-Main-3/INFO] [ImprovableSkills/]: Injecting parchment into LootTable 'dungeonnowloading:chests/temple_of_duality/material/normal_puzzle'!
[01Jan2026 20:59:50.122] [Worker-Main-3/INFO] [ImprovableSkills/]: Injecting parchment into LootTable 'nova_structures:chests/illager_hideout_meat'!
[01Jan2026 20:59:50.125] [Worker-Main-3/INFO] [ImprovableSkills/]: Injecting scroll for skill 'improvableskills:luck_of_the_sea' into LootTable 'minecraft:gameplay/fishing'!
[01Jan2026 20:59:50.125] [Worker-Main-3/INFO] [ImprovableSkills/]: Injecting parchment into LootTable 'nova_structures:chests/desert_ruins/desert_ruin_house'!
[01Jan2026 20:59:50.130] [Worker-Main-3/INFO] [ImprovableSkills/]: Injecting parchment into LootTable 'graveyard:chests/creeper_loot'!
[01Jan2026 20:59:50.135] [Worker-Main-3/INFO] [ImprovableSkills/]: Injecting parchment into LootTable 'dungeonnowloading:chests/temple_of_duality/armor/normal_puzzle'!
[01Jan2026 20:59:50.139] [Worker-Main-3/INFO] [ImprovableSkills/]: Injecting parchment into LootTable 'nova_structures:chests/conduit_ruin/conduit_ruin_main'!
[01Jan2026 20:59:50.142] [Worker-Main-3/INFO] [ImprovableSkills/]: Injecting parchment into LootTable 'nova_structures:chests/witch_villa/pumpkin_room'!
[01Jan2026 20:59:50.142] [Worker-Main-3/INFO] [ImprovableSkills/]: Injecting parchment into LootTable 'dungeons_arise:chests/monastery/monastery_bridges'!
[01Jan2026 20:59:50.143] [Worker-Main-3/INFO] [ImprovableSkills/]: Injecting parchment into LootTable 'dungeons_arise:chests/bandit_towers/bandit_towers_rooms'!
[01Jan2026 20:59:50.143] [Worker-Main-3/INFO] [ImprovableSkills/]: Injecting parchment into LootTable 'dungeonnowloading:chests/temple_of_duality/potion/normal_combat'!
[01Jan2026 20:59:50.145] [Worker-Main-3/INFO] [ImprovableSkills/]: Injecting parchment into LootTable 'dungeons_arise:chests/shiraz_palace/shiraz_palace_normal'!
[01Jan2026 20:59:50.145] [Worker-Main-3/INFO] [ImprovableSkills/]: Injecting parchment into LootTable 'nova_structures:chests/piglin_outstation/outstation_generic'!
[01Jan2026 20:59:50.146] [Worker-Main-3/INFO] [ImprovableSkills/]: Injecting parchment into LootTable 'dungeons_arise:chests/heavenly_conqueror/heavenly_conqueror_barrels'!
[01Jan2026 20:59:50.148] [Worker-Main-3/INFO] [ImprovableSkills/]: Injecting parchment into LootTable 'netherexp:chests/sanctum_food'!
[01Jan2026 20:59:50.150] [Worker-Main-3/INFO] [ImprovableSkills/]: Injecting parchment into LootTable 'ati_structures:chests/nether'!
[01Jan2026 20:59:50.150] [Worker-Main-3/INFO] [ImprovableSkills/]: Injecting parchment into LootTable 'nova_structures:chests/nether_skeleton_tower/skeleton_tower_camp'!
[01Jan2026 20:59:50.152] [Worker-Main-3/INFO] [ImprovableSkills/]: Injecting parchment into LootTable 'minecraft:chests/buried_treasure'!
[01Jan2026 20:59:50.155] [Worker-Main-3/INFO] [ImprovableSkills/]: Injecting parchment into LootTable 'hopo:chests/portal/ruined_portal_cool'!
[01Jan2026 20:59:50.156] [Worker-Main-3/INFO] [ImprovableSkills/]: Injecting parchment into LootTable 'dungeons_arise:chests/bandit_towers/bandit_towers_gardens'!
[01Jan2026 20:59:50.159] [Worker-Main-3/INFO] [ImprovableSkills/]: Injecting parchment into LootTable 'nova_structures:chests/witch_villa/gardening'!
[01Jan2026 20:59:50.160] [Worker-Main-3/INFO] [ImprovableSkills/]: Injecting parchment into LootTable 'dungeons_arise:chests/plague_asylum/plague_asylum_barrels'!
[01Jan2026 20:59:50.166] [Worker-Main-3/INFO] [ImprovableSkills/]: Injecting parchment into LootTable 'netherdungeons:chests/piglin_house'!
[01Jan2026 20:59:50.167] [Worker-Main-3/INFO] [ImprovableSkills/]: Injecting parchment into LootTable 'dungeons_arise:chests/mushroom_mines/mushroom_mines_tools'!
[01Jan2026 20:59:50.175] [Worker-Main-3/INFO] [ImprovableSkills/]: Injecting parchment into LootTable 'minecraft:chests/nether_fortress/fort_inside_generic'!
[01Jan2026 20:59:50.178] [Worker-Main-3/INFO] [ImprovableSkills/]: Injecting parchment into LootTable 'dungeons_arise:chests/illager_fort/illager_fort_treasure'!
[01Jan2026 20:59:50.181] [Worker-Main-3/INFO] [ImprovableSkills/]: Injecting parchment into LootTable 'mns:chests/houses'!
[01Jan2026 20:59:50.183] [Worker-Main-3/INFO] [ImprovableSkills/]: Injecting parchment into LootTable 'nova_structures:chests/nether_port/nether_port_supplies'!
[01Jan2026 20:59:50.185] [Worker-Main-3/INFO] [ImprovableSkills/]: Injecting parchment into LootTable 'graveyard:chests/small_loot'!
[01Jan2026 20:59:50.189] [Worker-Main-3/INFO] [ImprovableSkills/]: Injecting parchment into LootTable 'minecraft:chests/bastion_bridge'!
[01Jan2026 20:59:50.190] [Worker-Main-3/INFO] [ImprovableSkills/]: Injecting parchment into LootTable 'ati_structures:chests/crafting'!
[01Jan2026 20:59:50.195] [Worker-Main-3/INFO] [ImprovableSkills/]: Injecting parchment into LootTable 'dungeons_arise:chests/keep_kayra/keep_kayra_treasure'!
[01Jan2026 20:59:50.198] [Worker-Main-3/INFO] [ImprovableSkills/]: Injecting parchment into LootTable 'minecraft:chests/pillager_outpost'!
[01Jan2026 20:59:50.200] [Worker-Main-3/INFO] [ImprovableSkills/]: Injecting parchment into LootTable 'dungeons_arise:chests/illager_windmill/illager_windmill_barrels'!
[01Jan2026 20:59:50.201] [Worker-Main-3/INFO] [ImprovableSkills/]: Injecting parchment into LootTable 'dungeons_arise:chests/greenwood_pub/greenwood_pub_normal'!
[01Jan2026 20:59:50.202] [Worker-Main-3/INFO] [ImprovableSkills/]: Injecting parchment into LootTable 'mofus_better_end_:chests/forgotten_ruins_loot'!
[01Jan2026 20:59:50.205] [Worker-Main-3/INFO] [ImprovableSkills/]: Injecting parchment into LootTable 'nova_structures:chests/witch_villa/music_room'!
[01Jan2026 20:59:50.210] [Worker-Main-3/INFO] [ImprovableSkills/]: Injecting parchment into LootTable 'nova_structures:chests/tavern_quest/conduit_ruin'!
[01Jan2026 20:59:50.211] [Worker-Main-3/INFO] [ImprovableSkills/]: Injecting parchment into LootTable 'mofus_better_end_:chests/cryostone_chest_rare_loot'!
[01Jan2026 20:59:50.212] [Worker-Main-3/INFO] [ImprovableSkills/]: Injecting parchment into LootTable 'dungeonnowloading:chests/temple_of_duality/material/hard_puzzle'!
[01Jan2026 20:59:50.213] [Worker-Main-3/INFO] [ImprovableSkills/]: Injecting parchment into LootTable 'minecraft:chests/illager_mansion/library_chest'!
[01Jan2026 20:59:50.213] [Worker-Main-3/INFO] [ImprovableSkills/]: Injecting parchment into LootTable 'endrem:minecraft/chests/woodland_mansion'!
[01Jan2026 20:59:50.218] [Worker-Main-3/INFO] [ImprovableSkills/]: Injecting parchment into LootTable 'nova_structures:chests/tavern_quest/badlands_miner_outpost'!
[01Jan2026 20:59:50.222] [Worker-Main-3/INFO] [ImprovableSkills/]: Injecting parchment into LootTable 'dungeons_arise:chests/keep_kayra/keep_kayra_library_normal'!
[01Jan2026 20:59:50.223] [Worker-Main-3/INFO] [ImprovableSkills/]: Injecting parchment into LootTable 'dungeonnowloading:chests/temple_of_duality/armor/hard_combat'!
[01Jan2026 20:59:50.223] [Worker-Main-3/INFO] [ImprovableSkills/]: Injecting parchment into LootTable 'endrem:minecraft/chests/simple_dungeon'!
[01Jan2026 20:59:50.225] [Worker-Main-3/INFO] [ImprovableSkills/]: Injecting parchment into LootTable 'ati_structures:chests/construction'!
[01Jan2026 20:59:50.231] [Worker-Main-3/INFO] [ImprovableSkills/]: Injecting parchment into LootTable 'takesapillage:chests/bastille/church'!
[01Jan2026 20:59:50.232] [Worker-Main-3/INFO] [ImprovableSkills/]: Injecting parchment into LootTable 'dungeons_arise:chests/giant_mushroom/twin_giant_mushroom'!
[01Jan2026 20:59:50.234] [Worker-Main-3/INFO] [ImprovableSkills/]: Injecting parchment into LootTable 'dungeonnowloading:chests/temple_of_duality/potion/hard_puzzle'!
[01Jan2026 20:59:50.237] [Worker-Main-3/INFO] [ImprovableSkills/]: Injecting parchment into LootTable 'dungeons_arise:chests/abandoned_temple/abandoned_temple_entrance'!
[01Jan2026 20:59:50.239] [Worker-Main-3/INFO] [ImprovableSkills/]: Injecting parchment into LootTable 'tlc:chests/hided'!
[01Jan2026 20:59:50.241] [Worker-Main-3/INFO] [ImprovableSkills/]: Injecting parchment into LootTable 'dungeonnowloading:chests/temple_of_duality/equipment/hard_puzzle'!
[01Jan2026 20:59:50.241] [Worker-Main-3/INFO] [ImprovableSkills/]: Injecting parchment into LootTable 'dungeonnowloading:chests/temple_of_duality/equipment/easy_puzzle'!
[01Jan2026 20:59:50.245] [Worker-Main-3/INFO] [ImprovableSkills/]: Injecting parchment into LootTable 'dungeons_arise_seven_seas:chests/victory_frigate/victory_frigate_normal_upper'!
[01Jan2026 20:59:50.246] [Worker-Main-3/INFO] [ImprovableSkills/]: Injecting parchment into LootTable 'dungeons_arise_seven_seas:chests/victory_frigate/victory_frigate_treasure'!
[01Jan2026 20:59:50.247] [Worker-Main-3/INFO] [ImprovableSkills/]: Injecting parchment into LootTable 'dungeonnowloading:chests/temple_of_duality/food/hard_puzzle'!
[01Jan2026 20:59:50.251] [Worker-Main-3/INFO] [ImprovableSkills/]: Injecting parchment into LootTable 'tlc:chests/biblio'!
[01Jan2026 20:59:50.252] [Worker-Main-3/INFO] [ImprovableSkills/]: Injecting parchment into LootTable 'bosses_of_mass_destruction:chests/obsidilith'!
[01Jan2026 20:59:50.253] [Worker-Main-3/INFO] [ImprovableSkills/]: Injecting parchment into LootTable 'mofus_better_end_:chests/forgotten_town_upperfloor'!
[01Jan2026 20:59:50.254] [Worker-Main-3/INFO] [ImprovableSkills/]: Injecting parchment into LootTable 'dungeonnowloading:chests/temple_of_duality/food/easy_puzzle'!
[01Jan2026 20:59:50.254] [Worker-Main-3/INFO] [ImprovableSkills/]: Injecting parchment into LootTable 'nova_structures:chests/hamlet/hamlet'!
[01Jan2026 20:59:50.256] [Worker-Main-3/INFO] [ImprovableSkills/]: Injecting parchment into LootTable 'dungeonnowloading:chests/temple_of_duality/wood/common'!
[01Jan2026 20:59:50.259] [Worker-Main-3/INFO] [ImprovableSkills/]: Injecting parchment into LootTable 'mofus_better_end_:chests/clocktowercommonloot'!
[01Jan2026 20:59:50.260] [Worker-Main-3/INFO] [ImprovableSkills/]: Injecting parchment into LootTable 'dungeons_arise:chests/mushroom_village/mushroom_village_treasure'!
[01Jan2026 20:59:50.261] [Worker-Main-3/INFO] [ImprovableSkills/]: Injecting parchment into LootTable 'nova_structures:chests/tavern_quest/creeping_crypt'!
[01Jan2026 20:59:50.263] [Worker-Main-3/INFO] [ImprovableSkills/]: Injecting parchment into LootTable 'minecraft:chests/woodland_mansion'!
[01Jan2026 20:59:50.265] [Worker-Main-3/INFO] [ImprovableSkills/]: Injecting parchment into LootTable 'dungeons_arise:chests/undead_pirate_ship/undead_pirate_ship_enchants'!
[01Jan2026 20:59:50.267] [Worker-Main-3/INFO] [ImprovableSkills/]: Injecting parchment into LootTable 'dungeons_arise:chests/illager_campsite/illager_campsite_tent'!
[01Jan2026 20:59:50.269] [Worker-Main-3/INFO] [ImprovableSkills/]: Injecting parchment into LootTable 'graveyard:chests/swamp_graveyard_loot'!
[01Jan2026 20:59:50.275] [Worker-Main-3/INFO] [ImprovableSkills/]: Injecting parchment into LootTable 'nova_structures:chests/conduit_ruin/conduit_ruin_big'!
[01Jan2026 20:59:50.281] [Worker-Main-3/INFO] [ImprovableSkills/]: Injecting parchment into LootTable 'minecraft:chests/bastion_treasure'!
[01Jan2026 20:59:50.282] [Worker-Main-3/INFO] [ImprovableSkills/]: Injecting parchment into LootTable 'dungeons_arise:chests/foundry/foundry_normal'!
[01Jan2026 20:59:50.282] [Worker-Main-3/INFO] [ImprovableSkills/]: Injecting parchment into LootTable 'nova_structures:chests/illager_hideout_tresure'!
[01Jan2026 20:59:50.288] [Worker-Main-3/INFO] [ImprovableSkills/]: Injecting parchment into LootTable 'mofus_better_end_:chests/clock_tower_cages_loot'!
[01Jan2026 20:59:50.290] [Worker-Main-3/INFO] [ImprovableSkills/]: Injecting parchment into LootTable 'minecraft:chests/shipwreck_map'!
[01Jan2026 20:59:50.292] [Worker-Main-3/INFO] [ImprovableSkills/]: Injecting parchment into LootTable 'dungeonnowloading:chests/temple_of_duality/material/normal_combat'!
[01Jan2026 20:59:50.292] [Worker-Main-3/INFO] [ImprovableSkills/]: Injecting parchment into LootTable 'dungeonnowloading:chests/temple_of_duality/potion/easy_puzzle'!
[01Jan2026 20:59:50.297] [Worker-Main-3/INFO] [ImprovableSkills/]: Injecting parchment into LootTable 'hopo:chests/portal/piglin_ruin'!
[01Jan2026 20:59:50.299] [Worker-Main-3/INFO] [ImprovableSkills/]: Injecting parchment into LootTable 'dungeons_arise_seven_seas:chests/pirate_junk/pirate_junk_treasure'!
[01Jan2026 20:59:50.299] [Worker-Main-3/INFO] [ImprovableSkills/]: Injecting parchment into LootTable 'nova_structures:chests/ruin_loot_master'!
[01Jan2026 20:59:50.303] [Worker-Main-3/INFO] [ImprovableSkills/]: Injecting parchment into LootTable 'dungeons_arise_seven_seas:chests/corsair_corvette/corsair_corvette_normal'!
[01Jan2026 20:59:50.303] [Worker-Main-3/INFO] [ImprovableSkills/]: Injecting parchment into LootTable 'minecraft:chests/village/village_jungle_house'!
[01Jan2026 20:59:50.304] [Worker-Main-3/INFO] [ImprovableSkills/]: Injecting parchment into LootTable 'endrem:minecraft/chests/igloo_chest'!
[01Jan2026 20:59:50.306] [Worker-Main-3/INFO] [ImprovableSkills/]: Injecting parchment into LootTable 'block_factorys_bosses:chests/undead_arena_rare'!
[01Jan2026 20:59:50.306] [Worker-Main-3/INFO] [ImprovableSkills/]: Injecting parchment into LootTable 'dungeons_arise:chests/plague_asylum/plague_asylum_cells'!
[01Jan2026 20:59:50.307] [Worker-Main-3/INFO] [ImprovableSkills/]: Injecting parchment into LootTable 'dungeons_arise:chests/keep_kayra/keep_kayra_library_treasure'!
[01Jan2026 20:59:50.308] [Worker-Main-3/INFO] [ImprovableSkills/]: Injecting scroll for skill 'improvableskills:atkdmg_ranged' into LootTable 'minecraft:entities/skeleton'!
[01Jan2026 20:59:50.309] [Worker-Main-3/INFO] [ImprovableSkills/]: Injecting scroll for skill 'improvableskills:ender_manipulator' into LootTable 'minecraft:entities/enderman'!
[01Jan2026 20:59:50.311] [Worker-Main-3/INFO] [ImprovableSkills/]: Injecting parchment into LootTable 'graveyard:chests/flesh_loot'!
[01Jan2026 20:59:50.314] [Worker-Main-3/INFO] [ImprovableSkills/]: Injecting parchment into LootTable 'nova_structures:chests/illager_hideout_lesser_tresure'!
[01Jan2026 20:59:50.316] [Worker-Main-3/INFO] [ImprovableSkills/]: Injecting parchment into LootTable 'dungeons_arise_seven_seas:chests/victory_frigate/victory_frigate_supply'!
[01Jan2026 20:59:50.317] [Worker-Main-3/INFO] [ImprovableSkills/]: Injecting parchment into LootTable 'tlc:chests/food'!
[01Jan2026 20:59:50.321] [Worker-Main-3/INFO] [ImprovableSkills/]: Injecting parchment into LootTable 'nova_structures:chests/illager_camp'!
[01Jan2026 20:59:50.322] [Worker-Main-3/INFO] [ImprovableSkills/]: Injecting parchment into LootTable 'nova_structures:chests/tavern_quest/illager_manor'!
[01Jan2026 20:59:50.324] [Worker-Main-3/INFO] [ImprovableSkills/]: Injecting parchment into LootTable 'cataclysm:chests/frosted_prison_treasure'!
[01Jan2026 20:59:50.325] [Worker-Main-3/INFO] [ImprovableSkills/]: Injecting parchment into LootTable 'dungeons_arise_seven_seas:chests/unicorn_galleon/unicorn_galleon_treasure'!
[01Jan2026 20:59:50.325] [Worker-Main-3/INFO] [ImprovableSkills/]: Injecting parchment into LootTable 'dungeonnowloading:chests/temple_of_duality/garbage/normal_combat'!
[01Jan2026 20:59:50.328] [Worker-Main-3/INFO] [ImprovableSkills/]: Injecting scroll for skill 'improvableskills:obsidian_skin' into LootTable 'minecraft:chests/nether_bridge'!
[01Jan2026 20:59:50.329] [Worker-Main-3/INFO] [ImprovableSkills/]: Injecting parchment into LootTable 'minecraft:chests/nether_bridge'!
[01Jan2026 20:59:50.330] [Worker-Main-3/INFO] [ImprovableSkills/]: Injecting parchment into LootTable 'dungeons_arise:chests/shiraz_palace/shiraz_palace_library'!
[01Jan2026 20:59:50.333] [Worker-Main-3/INFO] [ImprovableSkills/]: Injecting parchment into LootTable 'dungeonnowloading:chests/temple_of_duality/potion/normal_puzzle'!
[01Jan2026 20:59:50.334] [Worker-Main-3/INFO] [ImprovableSkills/]: Injecting parchment into LootTable 'nova_structures:chests/hamlet/hamlet_tresure'!
[01Jan2026 20:59:50.337] [Worker-Main-3/INFO] [ImprovableSkills/]: Injecting parchment into LootTable 'dungeons_arise_seven_seas:chests/small_yacht/small_yacht_treasure'!
[01Jan2026 20:59:50.338] [Worker-Main-3/INFO] [ImprovableSkills/]: Injecting parchment into LootTable 'dungeons_arise:chests/heavenly_conqueror/heavenly_conqueror_treasure'!
[01Jan2026 20:59:50.340] [Worker-Main-3/INFO] [ImprovableSkills/]: Injecting parchment into LootTable 'dungeons_arise:chests/heavenly_challenger/heavenly_challenger_treasure'!
[01Jan2026 20:59:50.341] [Worker-Main-3/INFO] [ImprovableSkills/]: Injecting parchment into LootTable 'nova_structures:chests/witch_villa/library'!
[01Jan2026 20:59:50.343] [Worker-Main-3/INFO] [ImprovableSkills/]: Injecting parchment into LootTable 'dungeons_arise:chests/bathhouse/bathhouse_normal'!
[01Jan2026 20:59:50.348] [Worker-Main-3/INFO] [ImprovableSkills/]: Injecting parchment into LootTable 'dungeons_arise_seven_seas:chests/unicorn_galleon/unicorn_galleon_normal'!
[01Jan2026 20:59:50.350] [Worker-Main-3/INFO] [ImprovableSkills/]: Injecting parchment into LootTable 'minecraft:chests/illager_mansion/wool'!
[01Jan2026 20:59:50.356] [Worker-Main-3/INFO] [ImprovableSkills/]: Injecting parchment into LootTable 'tlc:chests/house'!
[01Jan2026 20:59:50.359] [Worker-Main-3/INFO] [ImprovableSkills/]: Injecting parchment into LootTable 'mofus_better_end_:chests/lonely_house_loot_3'!
[01Jan2026 20:59:50.361] [Worker-Main-3/INFO] [ImprovableSkills/]: Injecting parchment into LootTable 'mofus_better_end_:chests/lonely_house_loot_1'!
[01Jan2026 20:59:50.361] [Worker-Main-3/INFO] [ImprovableSkills/]: Injecting parchment into LootTable 'nova_structures:chests/tavern_quest/illager_hideout'!
[01Jan2026 20:59:50.361] [Worker-Main-3/INFO] [ImprovableSkills/]: Injecting parchment into LootTable 'mofus_better_end_:chests/lonely_house_loot_2'!
[01Jan2026 20:59:50.362] [Worker-Main-3/INFO] [ImprovableSkills/]: Injecting parchment into LootTable 'nova_structures:chests/illager_hideout_vegitarian'!
[01Jan2026 20:59:50.363] [Worker-Main-3/INFO] [ImprovableSkills/]: Injecting parchment into LootTable 'ati_structures:chests/mechanism_storage'!
[01Jan2026 20:59:50.364] [Worker-Main-3/INFO] [ImprovableSkills/]: Injecting parchment into LootTable 'takesapillage:chests/bastille/center'!
[01Jan2026 20:59:50.365] [Worker-Main-3/INFO] [ImprovableSkills/]: Injecting parchment into LootTable 'nova_structures:chests/food_supply'!
[01Jan2026 20:59:50.370] [Worker-Main-3/INFO] [ImprovableSkills/]: Injecting parchment into LootTable 'nova_structures:chests/tavern_quest/ancient_city'!
[01Jan2026 20:59:50.373] [Worker-Main-3/INFO] [ImprovableSkills/]: Injecting parchment into LootTable 'dungeonnowloading:chests/temple_of_duality/garbage/normal_puzzle'!
[01Jan2026 20:59:50.374] [Worker-Main-3/INFO] [ImprovableSkills/]: Injecting parchment into LootTable 'dungeons_and_combat:chests/tavern_loot'!
[01Jan2026 20:59:50.378] [Worker-Main-3/INFO] [ImprovableSkills/]: Injecting parchment into LootTable 'minecraft:chests/firewell_d'!
[01Jan2026 20:59:50.378] [Worker-Main-3/INFO] [ImprovableSkills/]: Injecting parchment into LootTable 'nova_structures:chests/nether_skeleton_tower/skeleton_tower_supply'!
[01Jan2026 20:59:50.380] [Worker-Main-3/INFO] [ImprovableSkills/]: Injecting parchment into LootTable 'dungeons_arise_seven_seas:chests/pirate_junk/pirate_junk_barrels'!
[01Jan2026 20:59:50.383] [Worker-Main-3/INFO] [ImprovableSkills/]: Injecting parchment into LootTable 'nova_structures:chests/illager_hideout_random'!
[01Jan2026 20:59:50.385] [Worker-Main-3/INFO] [ImprovableSkills/]: Injecting parchment into LootTable 'nova_structures:chests/tavern_quest/ruin_town'!
[01Jan2026 20:59:50.386] [Worker-Main-3/INFO] [ImprovableSkills/]: Injecting parchment into LootTable 'faded_conquest_2:chests/test'!
[01Jan2026 20:59:50.387] [Worker-Main-3/INFO] [ImprovableSkills/]: Injecting parchment into LootTable 'graveyard:chests/medium_graveyard_loot'!
[01Jan2026 20:59:50.388] [Worker-Main-3/INFO] [ImprovableSkills/]: Injecting parchment into LootTable 'nova_structures:chests/conduit_ruin/conduit_ruin_small'!
[01Jan2026 20:59:50.389] [Worker-Main-3/INFO] [ImprovableSkills/]: Injecting parchment into LootTable 'dungeonnowloading:chests/temple_of_duality/arrow/hard_puzzle'!
[01Jan2026 20:59:50.390] [Worker-Main-3/INFO] [ImprovableSkills/]: Injecting parchment into LootTable 'nova_structures:chests/mining_supply'!
[01Jan2026 20:59:50.390] [Worker-Main-3/INFO] [ImprovableSkills/]: Injecting parchment into LootTable 'netherdungeons:chests/altar_down'!
[01Jan2026 20:59:50.393] [Worker-Main-3/INFO] [ImprovableSkills/]: Injecting parchment into LootTable 'dungeons_arise:chests/illager_corsair/illager_corsair_barrels'!
[01Jan2026 20:59:50.394] [Worker-Main-3/INFO] [ImprovableSkills/]: Injecting parchment into LootTable 'minecraft:chests/illager_mansion/kitchen'!
[01Jan2026 20:59:50.398] [Worker-Main-3/INFO] [ImprovableSkills/]: Injecting parchment into LootTable 'endrem:minecraft/chests/abandoned_mineshaft'!
[01Jan2026 20:59:50.400] [Worker-Main-3/INFO] [ImprovableSkills/]: Injecting parchment into LootTable 'minecraft:chests/bastion_hoglin_stable'!
[01Jan2026 20:59:50.401] [Worker-Main-3/INFO] [ImprovableSkills/]: Injecting parchment into LootTable 'dungeons_arise:chests/mushroom_house/mushroom_house_normal'!
[01Jan2026 20:59:50.402] [Worker-Main-3/INFO] [ImprovableSkills/]: Injecting parchment into LootTable 'dungeons_arise:chests/shiraz_palace/shiraz_palace_supply'!
[01Jan2026 20:59:50.406] [Worker-Main-3/INFO] [ImprovableSkills/]: Injecting parchment into LootTable 'dungeons_and_combat:chests/blazing_fortress_loot'!
[01Jan2026 20:59:50.409] [Worker-Main-3/INFO] [ImprovableSkills/]: Injecting parchment into LootTable 'dungeonnowloading:chests/labyrinth/flame_bow'!
[01Jan2026 20:59:50.411] [Worker-Main-3/INFO] [ImprovableSkills/]: Injecting parchment into LootTable 'dungeons_arise:chests/infested_temple/infested_temple_room_forge'!
[01Jan2026 20:59:50.413] [Worker-Main-3/INFO] [ImprovableSkills/]: Injecting parchment into LootTable 'nova_structures:chests/nether_skeleton_tower/skeleton_tower_chest'!
[01Jan2026 20:59:50.417] [Worker-Main-3/INFO] [ImprovableSkills/]: Injecting parchment into LootTable 'dungeonnowloading:chests/labyrinth/arrows'!
[01Jan2026 20:59:50.421] [Worker-Main-3/INFO] [ImprovableSkills/]: Injecting parchment into LootTable 'dungeons_arise:chests/merchant_campsite/merchant_campsite_map'!
[01Jan2026 20:59:50.421] [Worker-Main-3/INFO] [ImprovableSkills/]: Injecting parchment into LootTable 'eeeabsmobs:chests/rare_ancient_tomb'!
[01Jan2026 20:59:50.421] [Worker-Main-3/INFO] [ImprovableSkills/]: Injecting parchment into LootTable 'graveyard:chests/ore_loot'!
[01Jan2026 20:59:50.422] [Worker-Main-3/INFO] [ImprovableSkills/]: Injecting parchment into LootTable 'dungeonnowloading:chests/temple_of_duality/potion/hard_combat'!
[01Jan2026 20:59:50.423] [Worker-Main-3/INFO] [ImprovableSkills/]: Injecting parchment into LootTable 'dungeons_arise:chests/giant_mushroom/red_giant_mushroom'!
[01Jan2026 20:59:50.424] [Worker-Main-3/INFO] [ImprovableSkills/]: Injecting parchment into LootTable 'legendary_monsters:chests/ancient_stronghold_loot_table'!
[01Jan2026 20:59:50.425] [Worker-Main-3/INFO] [ImprovableSkills/]: Injecting parchment into LootTable 'dungeonnowloading:chests/temple_of_duality/garbage/hard_puzzle'!
[01Jan2026 20:59:50.427] [Worker-Main-3/INFO] [ImprovableSkills/]: Injecting parchment into LootTable 'dungeons_arise:chests/heavenly_rider/heavenly_rider_normal'!
[01Jan2026 20:59:50.427] [Worker-Main-3/INFO] [ImprovableSkills/]: Injecting parchment into LootTable 'nova_structures:chests/stray_fort_tresure'!
[01Jan2026 20:59:50.433] [Worker-Main-3/INFO] [ImprovableSkills/]: Injecting parchment into LootTable 'graveyard:chests/vase_loot'!
[01Jan2026 20:59:50.436] [Worker-Main-3/INFO] [ImprovableSkills/]: Injecting parchment into LootTable 'dungeons_arise:chests/infested_temple/infested_temple_room_normal'!
[01Jan2026 20:59:50.439] [Worker-Main-3/INFO] [ImprovableSkills/]: Injecting parchment into LootTable 'dungeonnowloading:chests/temple_of_duality/armor/easy_puzzle'!
[01Jan2026 20:59:50.441] [Worker-Main-3/INFO] [ImprovableSkills/]: Injecting parchment into LootTable 'dungeons_arise:chests/monastery/monastery_barrels'!
[01Jan2026 20:59:50.443] [Worker-Main-3/INFO] [ImprovableSkills/]: Injecting parchment into LootTable 'nova_structures:chests/piglin_outstation/outstation_tower'!
[01Jan2026 20:59:50.445] [Worker-Main-3/INFO] [ImprovableSkills/]: Injecting parchment into LootTable 'dungeons_arise:chests/bandit_village/bandit_village_barrels'!
[01Jan2026 20:59:50.445] [Worker-Main-3/INFO] [ImprovableSkills/]: Injecting parchment into LootTable 'minecraft:chests/farm_drop'!
[01Jan2026 20:59:50.448] [Worker-Main-3/INFO] [ImprovableSkills/]: Injecting parchment into LootTable 'mns:chests/treasure'!
[01Jan2026 20:59:50.449] [Worker-Main-3/INFO] [ImprovableSkills/]: Injecting parchment into LootTable 'dungeonnowloading:chests/temple_of_duality/material/easy_combat'!
[01Jan2026 20:59:50.450] [Worker-Main-3/INFO] [ImprovableSkills/]: Injecting parchment into LootTable 'dungeons_arise:chests/bathhouse/bathhouse_barrels'!
[01Jan2026 20:59:50.453] [Worker-Main-3/INFO] [ImprovableSkills/]: Injecting parchment into LootTable 'minecraft:chests/illager_mansion/evoker_chest'!
[01Jan2026 20:59:50.456] [Worker-Main-3/INFO] [ImprovableSkills/]: Injecting parchment into LootTable 'dungeons_arise:chests/mushroom_mines/mushroom_mines_ores'!
[01Jan2026 20:59:50.457] [Worker-Main-3/INFO] [ImprovableSkills/]: Injecting parchment into LootTable 'dungeons_arise_seven_seas:chests/unicorn_galleon/unicorn_galleon_barrels'!
[01Jan2026 20:59:50.459] [Worker-Main-3/INFO] [ImprovableSkills/]: Injecting parchment into LootTable 'nova_structures:chests/badland_miner_outpost_towers'!
[01Jan2026 20:59:50.460] [Worker-Main-3/INFO] [ImprovableSkills/]: Injecting parchment into LootTable 'dungeons_arise:chests/illager_campsite/illager_campsite_map'!
[01Jan2026 20:59:50.463] [Worker-Main-3/INFO] [ImprovableSkills/]: Injecting parchment into LootTable 'block_factorys_bosses:chests/undead_arena_common'!
[01Jan2026 20:59:50.465] [Worker-Main-3/INFO] [ImprovableSkills/]: Injecting parchment into LootTable 'dungeons_arise:chests/bandit_towers/bandit_towers_normal'!
[01Jan2026 20:59:50.466] [Worker-Main-3/INFO] [ImprovableSkills/]: Injecting parchment into LootTable 'nova_structures:chests/illager_hideout_library'!
[01Jan2026 20:59:50.467] [Worker-Main-3/INFO] [ImprovableSkills/]: Injecting parchment into LootTable 'minecraft:chests/illager_mansion/smithing_room'!
[01Jan2026 20:59:50.468] [Worker-Main-3/INFO] [ImprovableSkills/]: Injecting parchment into LootTable 'dungeons_arise:chests/mining_system/mining_system_treasure'!
[01Jan2026 20:59:50.471] [Worker-Main-3/INFO] [ImprovableSkills/]: Injecting parchment into LootTable 'nova_structures:chests/illager_hideout_trash'!
[01Jan2026 20:59:50.473] [Worker-Main-3/INFO] [ImprovableSkills/]: Injecting parchment into LootTable 'endrem:minecraft/chests/desert_pyramid'!
[01Jan2026 20:59:50.473] [Worker-Main-3/INFO] [ImprovableSkills/]: Injecting parchment into LootTable 'dungeonnowloading:chests/temple_of_duality/potion/easy_combat'!
[01Jan2026 20:59:50.475] [Worker-Main-3/INFO] [ImprovableSkills/]: Injecting parchment into LootTable 'dungeonnowloading:chests/temple_of_duality/fairkeeper_chest/hard_combat'!
[01Jan2026 20:59:50.476] [Worker-Main-3/INFO] [ImprovableSkills/]: Injecting parchment into LootTable 'dungeonnowloading:chests/labyrinth/reward'!
[01Jan2026 20:59:50.477] [Worker-Main-3/INFO] [ImprovableSkills/]: Injecting parchment into LootTable 'dungeonnowloading:chests/temple_of_duality/garbage/easy_puzzle'!
[01Jan2026 20:59:50.479] [Worker-Main-3/INFO] [ImprovableSkills/]: Injecting parchment into LootTable 'mofus_better_end_:chests/clock_tower_random_loot'!
[01Jan2026 20:59:50.480] [Worker-Main-3/INFO] [ImprovableSkills/]: Injecting parchment into LootTable 'dungeons_arise:chests/thornborn_towers/thornborn_towers_rooms'!
[01Jan2026 20:59:50.482] [Worker-Main-3/INFO] [ImprovableSkills/]: Injecting parchment into LootTable 'minecraft:chests/chest_level_1'!
[01Jan2026 20:59:50.482] [Worker-Main-3/INFO] [ImprovableSkills/]: Injecting parchment into LootTable 'minecraft:chests/chest_level_2'!
[01Jan2026 20:59:50.483] [Worker-Main-3/INFO] [ImprovableSkills/]: Injecting parchment into LootTable 'dungeons_arise_seven_seas:chests/small_yacht/small_yacht_normal'!
[01Jan2026 20:59:50.484] [Worker-Main-3/INFO] [ImprovableSkills/]: Injecting parchment into LootTable 'minecraft:chests/chest_level_3'!
[01Jan2026 20:59:50.487] [Worker-Main-3/INFO] [ImprovableSkills/]: Injecting parchment into LootTable 'dungeonnowloading:chests/temple_of_duality/food/easy_combat'!
[01Jan2026 20:59:50.488] [Worker-Main-3/INFO] [ImprovableSkills/]: Injecting parchment into LootTable 'dungeonnowloading:chests/temple_of_duality/food/hard_combat'!
[01Jan2026 20:59:50.489] [Worker-Main-3/INFO] [ImprovableSkills/]: Injecting scroll for skill 'improvableskills:enchanter' into LootTable 'minecraft:chests/stronghold_library'!
[01Jan2026 20:59:50.489] [Worker-Main-3/INFO] [ImprovableSkills/]: Injecting parchment into LootTable 'minecraft:chests/stronghold_library'!
[01Jan2026 20:59:50.489] [Worker-Main-3/INFO] [ImprovableSkills/]: Injecting parchment into LootTable 'nova_structures:chests/tavern_quest/undead_crypt'!
[01Jan2026 20:59:50.490] [Worker-Main-3/INFO] [ImprovableSkills/]: Injecting parchment into LootTable 'nova_structures:chests/witch_villa/lab'!
[01Jan2026 20:59:50.493] [Worker-Main-3/INFO] [ImprovableSkills/]: Injecting parchment into LootTable 'dungeons_arise:chests/illager_corsair/illager_corsair_treasure'!
[01Jan2026 20:59:50.496] [Worker-Main-3/INFO] [ImprovableSkills/]: Injecting parchment into LootTable 'dungeons_arise_seven_seas:chests/corsair_corvette/corsair_corvette_treasure'!
[01Jan2026 20:59:50.500] [Worker-Main-3/INFO] [ImprovableSkills/]: Injecting parchment into LootTable 'dungeons_arise:chests/bandit_towers/bandit_towers_barrels'!
[01Jan2026 20:59:50.501] [Worker-Main-3/INFO] [ImprovableSkills/]: Injecting parchment into LootTable 'nova_structures:chests/desert_ruins/desert_ruin_grave'!
[01Jan2026 20:59:50.501] [Worker-Main-3/INFO] [ImprovableSkills/]: Injecting parchment into LootTable 'minecraft:chests/illager_mansion/ancient_city_raid_chest'!
[01Jan2026 20:59:50.501] [Worker-Main-3/INFO] [ImprovableSkills/]: Injecting parchment into LootTable 'dungeons_arise_seven_seas:chests/unicorn_galleon/unicorn_galleon_supply'!
[01Jan2026 20:59:50.502] [Worker-Main-3/INFO] [ImprovableSkills/]: Injecting parchment into LootTable 'ati_structures:chests/stone_storage'!
[01Jan2026 20:59:50.503] [Worker-Main-3/INFO] [ImprovableSkills/]: Injecting parchment into LootTable 'dungeonnowloading:chests/temple_of_duality/equipment/hard_combat'!
[01Jan2026 20:59:50.505] [Worker-Main-3/INFO] [ImprovableSkills/]: Injecting scroll for skill 'improvableskills:silent_foot' into LootTable 'minecraft:chests/ancient_city_ice_box'!
[01Jan2026 20:59:50.506] [Worker-Main-3/INFO] [ImprovableSkills/]: Injecting parchment into LootTable 'minecraft:chests/ancient_city_ice_box'!
[01Jan2026 20:59:50.507] [Worker-Main-3/INFO] [ImprovableSkills/]: Injecting scroll for skill 'improvableskills:generic_protection' into LootTable 'minecraft:chests/simple_dungeon'!
[01Jan2026 20:59:50.507] [Worker-Main-3/INFO] [ImprovableSkills/]: Injecting parchment into LootTable 'minecraft:chests/simple_dungeon'!
[01Jan2026 20:59:50.508] [Worker-Main-3/INFO] [ImprovableSkills/]: Injecting parchment into LootTable 'ati_structures:chests/wood_storage'!
[01Jan2026 20:59:50.512] [Worker-Main-3/INFO] [ImprovableSkills/]: Injecting parchment into LootTable 'dungeons_arise:chests/illager_fort/illager_fort_normal'!
[01Jan2026 20:59:50.513] [Worker-Main-3/INFO] [ImprovableSkills/]: Injecting parchment into LootTable 'dungeons_arise:chests/monastery/monastery_map'!
[01Jan2026 20:59:50.518] [Worker-Main-3/INFO] [ImprovableSkills/]: Injecting parchment into LootTable 'nova_structures:chests/witch_villa/kitchen'!
[01Jan2026 20:59:50.520] [Worker-Main-3/INFO] [ImprovableSkills/]: Injecting parchment into LootTable 'graveyard:chests/small_graveyard_loot'!
[01Jan2026 20:59:50.522] [Worker-Main-3/INFO] [ImprovableSkills/]: Injecting parchment into LootTable 'dungeonnowloading:chests/temple_of_duality/fairkeeper_chest/easy_puzzle'!
[01Jan2026 20:59:50.526] [Worker-Main-3/INFO] [ImprovableSkills/]: Injecting parchment into LootTable 'ati_structures:chests/minerals'!
[01Jan2026 20:59:50.530] [Worker-Main-3/INFO] [ImprovableSkills/]: Injecting parchment into LootTable 'dungeonnowloading:chests/labyrinth/horse_gears'!
[01Jan2026 20:59:50.530] [Worker-Main-3/INFO] [ImprovableSkills/]: Injecting parchment into LootTable 'nova_structures:chests/illager_hideout_heart_loot'!
[01Jan2026 20:59:50.533] [Worker-Main-3/INFO] [ImprovableSkills/]: Injecting parchment into LootTable 'dungeons_arise:chests/foundry/foundry_chains'!
[01Jan2026 20:59:50.535] [Worker-Main-3/INFO] [ImprovableSkills/]: Injecting parchment into LootTable 'dungeons_arise:chests/keep_kayra/keep_kayra_normal'!
[01Jan2026 20:59:50.539] [Worker-Main-3/INFO] [ImprovableSkills/]: Injecting parchment into LootTable 'minecraft:chests/shipwreck_supply'!
[01Jan2026 20:59:50.541] [Worker-Main-3/INFO] [ImprovableSkills/]: Injecting scroll for skill 'improvableskills:alchemist' into LootTable 'minecraft:entities/witch'!
[01Jan2026 20:59:50.542] [Worker-Main-3/INFO] [ImprovableSkills/]: Injecting parchment into LootTable 'dungeons_arise:chests/scorched_mines/scorched_mines_housing'!
[01Jan2026 20:59:50.545] [Worker-Main-3/INFO] [ImprovableSkills/]: Injecting parchment into LootTable 'dungeons_arise:chests/small_prairie_house/small_prairie_house_normal'!
[01Jan2026 20:59:50.547] [Worker-Main-3/INFO] [ImprovableSkills/]: Injecting parchment into LootTable 'nova_structures:chests/illager_hideout_utility'!
[01Jan2026 20:59:50.548] [Worker-Main-3/INFO] [ImprovableSkills/]: Injecting parchment into LootTable 'ati_structures:chests/coal_storage'!
[01Jan2026 20:59:50.550] [Worker-Main-3/INFO] [ImprovableSkills/]: Injecting parchment into LootTable 'bosses_of_mass_destruction:chests/gauntlet'!
[01Jan2026 20:59:50.552] [Worker-Main-3/INFO] [ImprovableSkills/]: Injecting parchment into LootTable 'dungeons_arise:chests/jungle_tree_house/jungle_tree_house_barrels'!
[01Jan2026 20:59:50.553] [Worker-Main-3/INFO] [ImprovableSkills/]: Injecting parchment into LootTable 'dungeonnowloading:chests/labyrinth/suspicious_stew'!
[01Jan2026 20:59:50.558] [Worker-Main-3/INFO] [ImprovableSkills/]: Injecting parchment into LootTable 'ati_structures:chests/archer_chest2'!
[01Jan2026 20:59:50.559] [Worker-Main-3/INFO] [ImprovableSkills/]: Injecting parchment into LootTable 'minecraft:chests/basic_chest'!
[01Jan2026 20:59:50.561] [Worker-Main-3/INFO] [ImprovableSkills/]: Injecting parchment into LootTable 'minecraft:chests/stronghold_crossing'!
[01Jan2026 20:59:50.563] [Worker-Main-3/INFO] [ImprovableSkills/]: Injecting parchment into LootTable 'dungeons_arise:chests/foundry/foundry_passage_exterior'!
[01Jan2026 20:59:50.563] [Worker-Main-3/INFO] [ImprovableSkills/]: Injecting parchment into LootTable 'dungeonnowloading:chests/temple_of_duality/book/easy_combat'!
[01Jan2026 20:59:50.564] [Worker-Main-3/INFO] [ImprovableSkills/]: Injecting parchment into LootTable 'dungeons_arise:chests/heavenly_challenger/heavenly_challenger_normal'!
[01Jan2026 20:59:50.566] [Worker-Main-3/INFO] [ImprovableSkills/]: Injecting parchment into LootTable 'dungeons_arise:chests/scorched_mines/scorched_mines_barrels'!
[01Jan2026 20:59:50.569] [Worker-Main-3/INFO] [ImprovableSkills/]: Injecting parchment into LootTable 'endrem:minecraft/chests/shipwreck_treasure'!
[01Jan2026 20:59:50.574] [Worker-Main-3/INFO] [ImprovableSkills/]: Injecting parchment into LootTable 'dungeons_arise:chests/infested_temple/infested_temple_room_bookshelf'!
[01Jan2026 20:59:50.576] [Worker-Main-3/INFO] [ImprovableSkills/]: Injecting parchment into LootTable 'dungeons_arise:chests/plague_asylum/plague_asylum_treasure'!
[01Jan2026 20:59:50.580] [Worker-Main-3/INFO] [ImprovableSkills/]: Injecting parchment into LootTable 'hopo:chests/portal/dripstone_portal'!
[01Jan2026 20:59:50.581] [Worker-Main-3/INFO] [ImprovableSkills/]: Injecting parchment into LootTable 'minecraft:chests/shipwreck_treasure'!
[01Jan2026 20:59:50.586] [Worker-Main-3/INFO] [ImprovableSkills/]: Injecting parchment into LootTable 'takesapillage:chests/bastille/farm'!
[01Jan2026 20:59:50.586] [Worker-Main-3/INFO] [ImprovableSkills/]: Injecting parchment into LootTable 'dungeonnowloading:chests/temple_of_duality/armor/normal_combat'!
[01Jan2026 20:59:50.588] [Worker-Main-3/INFO] [ImprovableSkills/]: Injecting parchment into LootTable 'dungeons_arise:chests/keep_kayra/keep_kayra_garden_treasure'!
[01Jan2026 20:59:50.593] [Worker-Main-3/INFO] [ImprovableSkills/]: Injecting parchment into LootTable 'dungeonnowloading:chests/temple_of_duality/book/hard_puzzle'!
[01Jan2026 20:59:50.595] [Worker-Main-3/INFO] [ImprovableSkills/]: Injecting parchment into LootTable 'dungeonnowloading:chests/labyrinth/woods'!
[01Jan2026 20:59:50.598] [Worker-Main-3/INFO] [ImprovableSkills/]: Injecting parchment into LootTable 'dungeonnowloading:chests/temple_of_duality/equipment/normal_puzzle'!
[01Jan2026 20:59:50.599] [Worker-Main-3/INFO] [ImprovableSkills/]: Injecting parchment into LootTable 'dungeonnowloading:chests/temple_of_duality/fairkeeper_chest/normal_combat'!
[01Jan2026 20:59:50.601] [Worker-Main-3/INFO] [ImprovableSkills/]: Injecting parchment into LootTable 'dungeons_arise:chests/small_blimp/small_blimp_coal_storage'!
[01Jan2026 20:59:50.603] [Worker-Main-3/INFO] [ImprovableSkills/]: Injecting parchment into LootTable 'aquamirae:chests/ship_1'!
[01Jan2026 20:59:50.604] [Worker-Main-3/INFO] [ImprovableSkills/]: Injecting parchment into LootTable 'aquamirae:chests/ship_2'!
[01Jan2026 20:59:50.605] [Worker-Main-3/INFO] [ImprovableSkills/]: Injecting parchment into LootTable 'dungeons_arise:chests/plague_asylum/plague_asylum_storage'!
[01Jan2026 20:59:50.609] [Worker-Main-3/INFO] [ImprovableSkills/]: Injecting parchment into LootTable 'minecraft:chests/shater'!
[01Jan2026 20:59:50.610] [Worker-Main-3/INFO] [ImprovableSkills/]: Injecting parchment into LootTable 'dungeons_arise:chests/small_blimp/small_blimp_redstone_chamber'!
[01Jan2026 20:59:50.615] [Worker-Main-3/INFO] [ImprovableSkills/]: Injecting parchment into LootTable 'nova_structures:chests/undead_crypts_grave'!
[01Jan2026 20:59:50.616] [Worker-Main-3/INFO] [ImprovableSkills/]: Injecting parchment into LootTable 'nova_structures:chests/illager_hideout_weaponry'!
[01Jan2026 20:59:50.616] [Worker-Main-3/INFO] [ImprovableSkills/]: Injecting parchment into LootTable 'dungeonnowloading:chests/labyrinth/potion_bow'!
[01Jan2026 20:59:50.617] [Worker-Main-3/INFO] [ImprovableSkills/]: Injecting parchment into LootTable 'dungeons_arise_seven_seas:chests/small_yacht/small_yacht_barrels'!
[01Jan2026 20:59:50.618] [Worker-Main-3/INFO] [ImprovableSkills/]: Injecting parchment into LootTable 'dungeons_arise:chests/bandit_village/bandit_village_supply'!
[01Jan2026 20:59:50.619] [Worker-Main-3/INFO] [ImprovableSkills/]: Injecting parchment into LootTable 'tlc:chests/treasure'!
[01Jan2026 20:59:50.622] [Worker-Main-3/INFO] [ImprovableSkills/]: Injecting parchment into LootTable 'endrem:minecraft/chests/jungle_temple'!
[01Jan2026 20:59:50.623] [Worker-Main-3/INFO] [ImprovableSkills/]: Injecting parchment into LootTable 'nova_structures:chests/illager_hideout_raw_ores'!
[01Jan2026 20:59:50.623] [Worker-Main-3/INFO] [ImprovableSkills/]: Injecting parchment into LootTable 'minecraft:chests/nether_fortress/fort_inside'!
[01Jan2026 20:59:50.624] [Worker-Main-3/INFO] [ImprovableSkills/]: Injecting parchment into LootTable 'dungeons_arise:chests/mushroom_village/mushroom_village_barrels'!
[01Jan2026 20:59:50.626] [Worker-Main-3/INFO] [ImprovableSkills/]: Injecting parchment into LootTable 'minecraft:chests/spawn_bonus_chest'!
[01Jan2026 20:59:50.627] [Worker-Main-3/INFO] [ImprovableSkills/]: Injecting parchment into LootTable 'block_factorys_bosses:chests/dragon_trial'!
[01Jan2026 20:59:50.627] [Worker-Main-3/INFO] [ImprovableSkills/]: Injecting parchment into LootTable 'nova_structures:chests/tavern_quest/stray_fort'!
[01Jan2026 20:59:50.628] [Worker-Main-3/INFO] [ImprovableSkills/]: Injecting parchment into LootTable 'dungeons_arise:chests/typhon/typhon_treasure'!
[01Jan2026 20:59:50.630] [Worker-Main-3/INFO] [ImprovableSkills/]: Injecting parchment into LootTable 'tlc:chests/dungeon'!
[01Jan2026 20:59:50.635] [Worker-Main-3/INFO] [ImprovableSkills/]: Injecting parchment into LootTable 'ati_structures:chests/gold_storage'!
[01Jan2026 20:59:50.639] [Worker-Main-3/INFO] [ImprovableSkills/]: Injecting parchment into LootTable 'nova_structures:chests/mangrove_witchhud'!
[01Jan2026 20:59:50.641] [Worker-Main-3/INFO] [ImprovableSkills/]: Injecting parchment into LootTable 'dungeons_and_combat:chests/catacumbs'!
[01Jan2026 20:59:50.642] [Worker-Main-3/INFO] [ImprovableSkills/]: Injecting parchment into LootTable 'mofus_better_end_:chests/cryostone_chest_guardian'!
[01Jan2026 20:59:50.642] [Worker-Main-3/INFO] [ImprovableSkills/]: Injecting parchment into LootTable 'dungeons_arise:chests/small_prairie_house/small_prairie_house_barrels'!
[01Jan2026 20:59:50.644] [Worker-Main-3/INFO] [ImprovableSkills/]: Injecting parchment into LootTable 'tlc:chests/lab'!
[01Jan2026 20:59:50.648] [Worker-Main-3/INFO] [ImprovableSkills/]: Injecting parchment into LootTable 'mofus_better_end_:chests/endlabyrinthtowerloot'!
[01Jan2026 20:59:50.649] [Worker-Main-3/INFO] [ImprovableSkills/]: Injecting scroll for skill 'improvableskills:soul_speed' into LootTable 'minecraft:gameplay/piglin_bartering'!
[01Jan2026 20:59:50.651] [Worker-Main-3/INFO] [ImprovableSkills/]: Injecting scroll for skill 'improvableskills:treasure_sands' into LootTable 'minecraft:chests/desert_pyramid'!
[01Jan2026 20:59:50.651] [Worker-Main-3/INFO] [ImprovableSkills/]: Injecting parchment into LootTable 'minecraft:chests/desert_pyramid'!
[01Jan2026 20:59:50.652] [Worker-Main-3/INFO] [ImprovableSkills/]: Injecting parchment into LootTable 'dungeons_arise_seven_seas:chests/pirate_junk/pirate_junk_normal'!
[01Jan2026 20:59:50.656] [Worker-Main-3/INFO] [ImprovableSkills/]: Injecting parchment into LootTable 'minecraft:chests/underwater_ruin_big'!
[01Jan2026 20:59:50.657] [Worker-Main-3/INFO] [ImprovableSkills/]: Injecting parchment into LootTable 'graveyard:chests/flower_loot'!
[01Jan2026 20:59:50.658] [Worker-Main-3/INFO] [ImprovableSkills/]: Injecting parchment into LootTable 'dungeons_arise_seven_seas:chests/corsair_corvette/corsair_corvette_barrels'!
[01Jan2026 20:59:50.659] [Worker-Main-3/INFO] [ImprovableSkills/]: Injecting parchment into LootTable 'endrem:minecraft/chests/buried_treasure'!
[01Jan2026 20:59:50.660] [Worker-Main-3/INFO] [ImprovableSkills/]: Injecting parchment into LootTable 'minecraft:chests/illager_mansion/secret_room'!
[01Jan2026 20:59:50.662] [Worker-Main-3/INFO] [ImprovableSkills/]: Injecting parchment into LootTable 'dungeons_arise:chests/small_blimp/small_blimp_treasure'!
[01Jan2026 20:59:50.663] [Worker-Main-3/INFO] [ImprovableSkills/]: Injecting parchment into LootTable 'minecraft:chests/illager_mansion/vindicator_chest'!
[01Jan2026 20:59:50.665] [Worker-Main-3/INFO] [ImprovableSkills/]: Injecting parchment into LootTable 'nova_structures:chests/stray_fort_loot_generic'!
[01Jan2026 20:59:50.666] [Worker-Main-3/INFO] [ImprovableSkills/]: Injecting parchment into LootTable 'dungeonnowloading:chests/temple_of_duality/garbage/easy_combat'!
[01Jan2026 20:59:50.673] [Worker-Main-3/INFO] [ImprovableSkills/]: Injecting parchment into LootTable 'dungeons_arise:chests/fishing_hut/fishing_hut_barrels'!
[01Jan2026 20:59:50.675] [Worker-Main-3/INFO] [ImprovableSkills/]: Injecting parchment into LootTable 'dungeonnowloading:chests/temple_of_duality/book/normal_puzzle'!
[01Jan2026 20:59:50.677] [Worker-Main-3/INFO] [ImprovableSkills/]: Injecting parchment into LootTable 'graveyard:chests/crypt_urn_loot'!
[01Jan2026 20:59:50.678] [Worker-Main-3/INFO] [ImprovableSkills/]: Injecting parchment into LootTable 'dungeons_arise:chests/ceryneian_hind/ceryneian_hind_treasure'!
[01Jan2026 20:59:50.682] [Worker-Main-3/INFO] [ImprovableSkills/]: Injecting parchment into LootTable 'dungeons_arise:chests/undead_pirate_ship/undead_pirate_ship_barrels'!
[01Jan2026 20:59:50.685] [Worker-Main-3/INFO] [ImprovableSkills/]: Injecting parchment into LootTable 'dungeons_arise:chests/abandoned_temple/abandoned_temple_map'!
[01Jan2026 20:59:50.690] [Worker-Main-3/INFO] [ImprovableSkills/]: Injecting parchment into LootTable 'ati_structures:chests/slime'!
[01Jan2026 20:59:50.696] [Worker-Main-3/INFO] [ImprovableSkills/]: Injecting parchment into LootTable 'ati_structures:chests/iron_storage'!
[01Jan2026 20:59:50.696] [Worker-Main-3/INFO] [ImprovableSkills/]: Injecting parchment into LootTable 'nova_structures:chests/dungeon_6'!
[01Jan2026 20:59:50.696] [Worker-Main-3/INFO] [ImprovableSkills/]: Injecting parchment into LootTable 'nova_structures:chests/dungeon_5'!
[01Jan2026 20:59:50.697] [Worker-Main-3/INFO] [ImprovableSkills/]: Injecting parchment into LootTable 'nova_structures:chests/dungeon_7'!
[01Jan2026 20:59:50.697] [Worker-Main-3/INFO] [ImprovableSkills/]: Injecting parchment into LootTable 'mofus_better_end_:chests/endlabyrinthtreasureroom'!
[01Jan2026 20:59:50.697] [Worker-Main-3/INFO] [ImprovableSkills/]: Injecting parchment into LootTable 'dungeons_arise:chests/scorched_mines/scorched_mines_hub'!
[01Jan2026 20:59:50.699] [Worker-Main-3/INFO] [ImprovableSkills/]: Injecting parchment into LootTable 'dungeons_arise:chests/mining_system/mining_system_barrels'!
[01Jan2026 20:59:50.702] [Worker-Main-3/INFO] [ImprovableSkills/]: Injecting parchment into LootTable 'dungeons_arise:chests/foundry/foundry_passage_normal'!
[01Jan2026 20:59:50.703] [Worker-Main-3/INFO] [ImprovableSkills/]: Injecting parchment into LootTable 'nova_structures:chests/desert_ruins/desert_ruin_lesser_treasure'!
[01Jan2026 20:59:50.704] [Worker-Main-3/INFO] [ImprovableSkills/]: Injecting parchment into LootTable 'nova_structures:chests/dungeon_2'!
[01Jan2026 20:59:50.704] [Worker-Main-3/INFO] [ImprovableSkills/]: Injecting parchment into LootTable 'mofus_better_end_:chests/endobservatoryloot'!
[01Jan2026 20:59:50.704] [Worker-Main-3/INFO] [ImprovableSkills/]: Injecting parchment into LootTable 'nova_structures:chests/dungeon_1'!
[01Jan2026 20:59:50.704] [Worker-Main-3/INFO] [ImprovableSkills/]: Injecting parchment into LootTable 'nova_structures:chests/dungeon_4'!
[01Jan2026 20:59:50.705] [Worker-Main-3/INFO] [ImprovableSkills/]: Injecting parchment into LootTable 'minecraft:chests/jungle_temple_dispenser'!
[01Jan2026 20:59:50.706] [Worker-Main-3/INFO] [ImprovableSkills/]: Injecting parchment into LootTable 'nova_structures:chests/dungeon_3'!
[01Jan2026 20:59:50.706] [Worker-Main-3/INFO] [ImprovableSkills/]: Injecting parchment into LootTable 'dungeons_arise:chests/scorched_mines/scorched_mines_treasure'!
[01Jan2026 20:59:50.709] [Worker-Main-3/INFO] [ImprovableSkills/]: Injecting parchment into LootTable 'dungeons_and_combat:chests/weak_cult'!
[01Jan2026 20:59:50.709] [Worker-Main-3/INFO] [ImprovableSkills/]: Injecting parchment into LootTable 'endrem:minecraft/chests/bastion_treasure'!
[01Jan2026 20:59:50.711] [Worker-Main-3/INFO] [ImprovableSkills/]: Injecting parchment into LootTable 'mofus_better_end_:chests/cryostone_chest_blocks'!
[01Jan2026 20:59:50.712] [Worker-Main-3/INFO] [ImprovableSkills/]: Injecting parchment into LootTable 'dungeons_arise:chests/undead_pirate_ship/undead_pirate_ship_treasure'!
[01Jan2026 20:59:50.713] [Worker-Main-3/INFO] [ImprovableSkills/]: Injecting parchment into LootTable 'dungeons_arise:chests/mushroom_mines/mushroom_mines_barrels'!
[01Jan2026 20:59:50.714] [Worker-Main-3/INFO] [ImprovableSkills/]: Injecting parchment into LootTable 'dungeons_arise_seven_seas:chests/victory_frigate/victory_frigate_barrels'!
[01Jan2026 20:59:50.716] [Worker-Main-3/INFO] [ImprovableSkills/]: Injecting parchment into LootTable 'ati_structures:chests/ingredients'!
[01Jan2026 20:59:50.716] [Worker-Main-3/INFO] [ImprovableSkills/]: Injecting parchment into LootTable 'dungeons_arise:chests/mushroom_house/mushroom_house_treasure'!
[01Jan2026 20:59:50.717] [Worker-Main-3/INFO] [ImprovableSkills/]: Injecting parchment into LootTable 'nova_structures:chests/stray_fort_archer'!
[01Jan2026 20:59:50.718] [Worker-Main-3/INFO] [ImprovableSkills/]: Injecting parchment into LootTable 'nova_structures:chests/nether_port/nether_port_chest'!
[01Jan2026 20:59:50.720] [Worker-Main-3/INFO] [ImprovableSkills/]: Injecting parchment into LootTable 'dungeons_arise:chests/illager_fort/illager_fort_barrels'!
[01Jan2026 20:59:50.720] [Worker-Main-3/INFO] [ImprovableSkills/]: Injecting parchment into LootTable 'dungeons_arise_seven_seas:chests/victory_frigate/victory_frigate_normal_lower'!
[01Jan2026 20:59:50.720] [Worker-Main-3/INFO] [ImprovableSkills/]: Injecting parchment into LootTable 'graveyard:chests/large_graveyard_loot'!
[01Jan2026 20:59:50.722] [Worker-Main-3/INFO] [ImprovableSkills/]: Injecting parchment into LootTable 'dungeonnowloading:chests/temple_of_duality/fairkeeper_chest/hard_puzzle'!
[01Jan2026 20:59:50.722] [Worker-Main-3/INFO] [ImprovableSkills/]: Injecting parchment into LootTable 'dungeons_arise:chests/heavenly_rider/heavenly_rider_treasure'!
[01Jan2026 20:59:50.730] [Worker-Main-3/INFO] [ImprovableSkills/]: Injecting parchment into LootTable 'dungeonnowloading:chests/temple_of_duality/garbage/hard_combat'!
[01Jan2026 20:59:50.732] [Worker-Main-3/INFO] [ImprovableSkills/]: Injecting parchment into LootTable 'aquamirae:chests/maze_camp_chest'!
[01Jan2026 20:59:50.732] [Worker-Main-3/INFO] [ImprovableSkills/]: Injecting parchment into LootTable 'mofus_better_end_:chests/forgotten_town_outside_loot'!
[01Jan2026 20:59:50.734] [Worker-Main-3/INFO] [ImprovableSkills/]: Injecting parchment into LootTable 'call_of_drowner:chests/tide_raiser_tower'!
[01Jan2026 20:59:50.738] [Worker-Main-3/INFO] [ImprovableSkills/]: Injecting parchment into LootTable 'dungeons_arise:chests/illager_windmill/illager_windmill_treasure'!
[01Jan2026 20:59:50.740] [Worker-Main-3/INFO] [ImprovableSkills/]: Injecting parchment into LootTable 'dungeons_arise:chests/greenwood_pub/greenwood_pub_barrels_normal'!
[01Jan2026 20:59:50.741] [Worker-Main-3/INFO] [ImprovableSkills/]: Injecting parchment into LootTable 'dungeons_arise:chests/aviary/aviary_barrels'!
[01Jan2026 20:59:50.746] [Worker-Main-3/INFO] [ImprovableSkills/]: Injecting parchment into LootTable 'minecraft:chests/bastion_other'!
[01Jan2026 20:59:50.752] [Worker-Main-3/INFO] [ImprovableSkills/]: Injecting parchment into LootTable 'dungeons_arise:chests/undead_pirate_ship/undead_pirate_ship_supply'!
[01Jan2026 20:59:50.753] [Worker-Main-3/INFO] [ImprovableSkills/]: Injecting parchment into LootTable 'dungeons_arise:chests/scorched_mines/scorched_mines_normal'!
[01Jan2026 20:59:50.755] [Worker-Main-3/INFO] [ImprovableSkills/]: Injecting parchment into LootTable 'dungeons_and_combat:chests/hermit_house'!
[01Jan2026 20:59:50.756] [Worker-Main-3/INFO] [ImprovableSkills/]: Injecting parchment into LootTable 'graveyard:chests/brewing_loot'!
[01Jan2026 20:59:50.758] [Worker-Main-3/INFO] [ImprovableSkills/]: Injecting scroll for skill 'improvableskills:huckster' into LootTable 'minecraft:gameplay/hero_of_the_village/librarian_gift'!
[01Jan2026 20:59:50.768] [main/INFO] [com.teamabnormals.blueprint.core.Blueprint/]: Loot Modification Manager has loaded 1 modifier groups
[01Jan2026 20:59:50.841] [main/WARN] [net.minecraft.world.level.storage.loot.LootDataManager/]: Found loot table element validation problem in {loot_tables:just_in_nether:entities/pigmar}.pools[0].entries[1].functions[1]: Parameters [<parameter minecraft:tool>] are not provided in this context
[01Jan2026 20:59:50.842] [main/WARN] [net.minecraft.world.level.storage.loot.LootDataManager/]: Found loot table element validation problem in {loot_tables:mofus_better_end_:entities/bloodworm}.pools[0].entries[1].functions[1]: Parameters [<parameter minecraft:tool>] are not provided in this context
[01Jan2026 20:59:50.842] [main/WARN] [net.minecraft.world.level.storage.loot.LootDataManager/]: Found loot table element validation problem in {loot_tables:just_in_nether:entities/dullkin}.pools[0].entries[0].functions[1]: Parameters [<parameter minecraft:tool>] are not provided in this context
[01Jan2026 20:59:50.842] [main/WARN] [net.minecraft.world.level.storage.loot.LootDataManager/]: Found loot table element validation problem in {loot_tables:mofus_better_end_:entities/bloodworm}.pools[0].entries[0].functions[1]: Parameters [<parameter minecraft:tool>] are not provided in this context
[01Jan2026 20:59:50.842] [main/WARN] [net.minecraft.world.level.storage.loot.LootDataManager/]: Found loot table element validation problem in {loot_tables:just_in_nether:entities/pigmar}.pools[0].entries[0].functions[1]: Parameters [<parameter minecraft:tool>] are not provided in this context
[01Jan2026 20:59:50.842] [main/WARN] [net.minecraft.world.level.storage.loot.LootDataManager/]: Found loot table element validation problem in {loot_tables:dungeons_and_combat:entities/infernus}.pools[2].entries[0].functions[1]: Parameters [<parameter minecraft:tool>] are not provided in this context
[01Jan2026 20:59:50.842] [main/WARN] [net.minecraft.world.level.storage.loot.LootDataManager/]: Found loot table element validation problem in {loot_tables:just_in_nether:entities/bullkindar}.pools[0].entries[0].functions[1]: Parameters [<parameter minecraft:tool>] are not provided in this context
[01Jan2026 20:59:50.842] [main/WARN] [net.minecraft.world.level.storage.loot.LootDataManager/]: Found loot table element validation problem in {loot_tables:mofus_better_end_:entities/crown_squid}.pools[0].entries[1].functions[1]: Parameters [<parameter minecraft:tool>] are not provided in this context
[01Jan2026 20:59:50.843] [main/WARN] [net.minecraft.world.level.storage.loot.LootDataManager/]: Found loot table element validation problem in {loot_tables:dungeons_and_combat:entities/pyro_knight}.pools[0].entries[0].functions[1]: Parameters [<parameter minecraft:tool>] are not provided in this context
[01Jan2026 20:59:50.843] [main/WARN] [net.minecraft.world.level.storage.loot.LootDataManager/]: Found loot table element validation problem in {loot_tables:just_in_nether:entities/dullkin}.pools[0].entries[1].functions[1]: Parameters [<parameter minecraft:tool>] are not provided in this context
[01Jan2026 20:59:50.843] [main/WARN] [net.minecraft.world.level.storage.loot.LootDataManager/]: Found loot table element validation problem in {loot_tables:dungeons_and_combat:entities/lady_blaze}.pools[0].entries[0].functions[1]: Parameters [<parameter minecraft:tool>] are not provided in this context
[01Jan2026 20:59:50.843] [main/WARN] [net.minecraft.world.level.storage.loot.LootDataManager/]: Found loot table element validation problem in {loot_tables:dungeons_and_combat:entities/lady_blaze}.pools[1].entries[0].functions[1]: Parameters [<parameter minecraft:tool>] are not provided in this context
[01Jan2026 20:59:50.843] [main/WARN] [net.minecraft.world.level.storage.loot.LootDataManager/]: Found loot table element validation problem in {loot_tables:just_in_nether:entities/bullkindar}.pools[0].entries[1].functions[1]: Parameters [<parameter minecraft:tool>] are not provided in this context
[01Jan2026 20:59:50.843] [main/WARN] [net.minecraft.world.level.storage.loot.LootDataManager/]: Found loot table element validation problem in {loot_tables:dungeons_and_combat:entities/pyro_knight}.pools[1].entries[0].functions[1]: Parameters [<parameter minecraft:tool>] are not provided in this context
[01Jan2026 20:59:50.843] [main/WARN] [net.minecraft.world.level.storage.loot.LootDataManager/]: Found loot table element validation problem in {loot_tables:dungeons_and_combat:entities/lady_blaze}.pools[2].entries[0].functions[1]: Parameters [<parameter minecraft:tool>] are not provided in this context
[01Jan2026 20:59:50.844] [main/WARN] [net.minecraft.world.level.storage.loot.LootDataManager/]: Found loot table element validation problem in {loot_tables:dungeons_and_combat:entities/infernus}.pools[1].entries[0].functions[1]: Parameters [<parameter minecraft:tool>] are not provided in this context
[01Jan2026 20:59:50.844] [main/WARN] [net.minecraft.world.level.storage.loot.LootDataManager/]: Found loot table element validation problem in {loot_tables:alexsmobs:gameplay/seal_reward}.pools[0].entries[0]->{minecraft:gameplay/fishing/junk}.pools[1].condition[1]: Parameters [<parameter minecraft:origin>] are not provided in this context
[01Jan2026 20:59:50.865] [main/INFO] [net.minecraft.world.item.crafting.RecipeManager/]: Skipping loading recipe endergetic:poise_slab_from_poise_stems_sawing as it's serializer returned null
[01Jan2026 20:59:50.866] [main/INFO] [net.minecraft.world.item.crafting.RecipeManager/]: Skipping loading recipe endergetic:poise_fence_from_poise_planks_sawing as it's serializer returned null
[01Jan2026 20:59:50.872] [main/ERROR] [net.minecraft.world.item.crafting.RecipeManager/]: Parsing error loading recipe dungeons_and_combat:crystal_shield_recipe
com.google.gson.JsonSyntaxException: Unknown item 'tohiro_ores:crystal_smithing_template'
	at net.minecraft.world.item.crafting.ShapedRecipe.m_151280_(ShapedRecipe.java:292) ~[server-1.20.1-20230612.114412-srg.jar%23265!/:?]
	at java.util.Optional.orElseThrow(Optional.java:403) ~[?:?]
	at net.minecraft.world.item.crafting.ShapedRecipe.m_151278_(ShapedRecipe.java:291) ~[server-1.20.1-20230612.114412-srg.jar%23265!/:?]
	at net.minecraft.world.item.crafting.Ingredient.m_43919_(Ingredient.java:219) ~[server-1.20.1-20230612.114412-srg.jar%23265!/:?]
	at net.minecraftforge.common.crafting.VanillaIngredientSerializer.parse(VanillaIngredientSerializer.java:27) ~[forge-1.20.1-47.3.7-universal.jar%23270!/:?]
	at net.minecraftforge.common.crafting.CraftingHelper.getIngredient(CraftingHelper.java:148) ~[forge-1.20.1-47.3.7-universal.jar%23270!/:?]
	at net.minecraft.world.item.crafting.Ingredient.m_288218_(Ingredient.java:194) ~[server-1.20.1-20230612.114412-srg.jar%23265!/:?]
	at net.minecraft.world.item.crafting.Ingredient.m_43917_(Ingredient.java:189) ~[server-1.20.1-20230612.114412-srg.jar%23265!/:?]
	at net.minecraft.world.item.crafting.SmithingTransformRecipe$Serializer.m_6729_(SmithingTransformRecipe.java:73) ~[server-1.20.1-20230612.114412-srg.jar%23265!/:?]
	at net.minecraft.world.item.crafting.SmithingTransformRecipe$Serializer.m_6729_(SmithingTransformRecipe.java:71) ~[server-1.20.1-20230612.114412-srg.jar%23265!/:?]
	at net.minecraftforge.common.extensions.IForgeRecipeSerializer.fromJson(IForgeRecipeSerializer.java:23) ~[forge-1.20.1-47.3.7-universal.jar%23270!/:?]
	at net.minecraft.world.item.crafting.RecipeManager.fromJson(RecipeManager.java:171) ~[server-1.20.1-20230612.114412-srg.jar%23265!/:?]
	at net.minecraft.world.item.crafting.RecipeManager.m_5787_(RecipeManager.java:67) ~[server-1.20.1-20230612.114412-srg.jar%23265!/:?]
	at net.minecraft.world.item.crafting.RecipeManager.m_5787_(RecipeManager.java:34) ~[server-1.20.1-20230612.114412-srg.jar%23265!/:?]
	at net.minecraft.server.packs.resources.SimplePreparableReloadListener.m_10789_(SimplePreparableReloadListener.java:13) ~[server-1.20.1-20230612.114412-srg.jar%23265!/:?]
	at java.util.concurrent.CompletableFuture$UniAccept.tryFire(CompletableFuture.java:718) ~[?:?]
	at java.util.concurrent.CompletableFuture$Completion.run(CompletableFuture.java:482) ~[?:?]
	at net.minecraft.server.packs.resources.SimpleReloadInstance.m_143940_(SimpleReloadInstance.java:69) ~[server-1.20.1-20230612.114412-srg.jar%23265!/:?]
	at net.minecraft.Util.m_214652_(Util.java:783) ~[server-1.20.1-20230612.114412-srg.jar%23265!/:?]
	at net.minecraft.Util.m_214679_(Util.java:772) ~[server-1.20.1-20230612.114412-srg.jar%23265!/:?]
	at net.minecraft.server.Main.main(Main.java:166) ~[server-1.20.1-20230612.114412-srg.jar%23265!/:?]
	at jdk.internal.reflect.NativeMethodAccessorImpl.invoke0(Native Method) ~[?:?]
	at jdk.internal.reflect.NativeMethodAccessorImpl.invoke(NativeMethodAccessorImpl.java:77) ~[?:?]
	at jdk.internal.reflect.DelegatingMethodAccessorImpl.invoke(DelegatingMethodAccessorImpl.java:43) ~[?:?]
	at java.lang.reflect.Method.invoke(Method.java:569) ~[?:?]
	at net.minecraftforge.fml.loading.targets.CommonLaunchHandler.runTarget(CommonLaunchHandler.java:111) ~[fmlloader-1.20.1-47.3.7.jar%2369!/:?]
	at net.minecraftforge.fml.loading.targets.CommonLaunchHandler.serverService(CommonLaunchHandler.java:103) ~[fmlloader-1.20.1-47.3.7.jar%2369!/:?]
	at net.minecraftforge.fml.loading.targets.CommonServerLaunchHandler.lambda$makeService$0(CommonServerLaunchHandler.java:27) ~[fmlloader-1.20.1-47.3.7.jar%2369!/:?]
	at cpw.mods.modlauncher.LaunchServiceHandlerDecorator.launch(LaunchServiceHandlerDecorator.java:30) ~[modlauncher-10.0.9.jar%2355!/:?]
	at cpw.mods.modlauncher.LaunchServiceHandler.launch(LaunchServiceHandler.java:53) ~[modlauncher-10.0.9.jar%2355!/:?]
	at cpw.mods.modlauncher.LaunchServiceHandler.launch(LaunchServiceHandler.java:71) ~[modlauncher-10.0.9.jar%2355!/:?]
	at cpw.mods.modlauncher.Launcher.run(Launcher.java:108) ~[modlauncher-10.0.9.jar%2355!/:?]
	at cpw.mods.modlauncher.Launcher.main(Launcher.java:78) ~[modlauncher-10.0.9.jar%2355!/:?]
	at cpw.mods.modlauncher.BootstrapLaunchConsumer.accept(BootstrapLaunchConsumer.java:26) ~[modlauncher-10.0.9.jar%2355!/:?]
	at cpw.mods.modlauncher.BootstrapLaunchConsumer.accept(BootstrapLaunchConsumer.java:23) ~[modlauncher-10.0.9.jar%2355!/:?]
	at cpw.mods.bootstraplauncher.BootstrapLauncher.main(BootstrapLauncher.java:141) ~[bootstraplauncher-1.1.2.jar:?]
[01Jan2026 20:59:50.875] [main/ERROR] [net.minecraft.world.item.crafting.RecipeManager/]: Parsing error loading recipe dungeons_and_combat:wulfrum_uchigatana_recipe
com.google.gson.JsonSyntaxException: Unknown item 'tohiro_ores:wulfrum_ingot'
	at net.minecraft.world.item.crafting.ShapedRecipe.m_151280_(ShapedRecipe.java:292) ~[server-1.20.1-20230612.114412-srg.jar%23265!/:?]
	at java.util.Optional.orElseThrow(Optional.java:403) ~[?:?]
	at net.minecraft.world.item.crafting.ShapedRecipe.m_151278_(ShapedRecipe.java:291) ~[server-1.20.1-20230612.114412-srg.jar%23265!/:?]
	at net.minecraft.world.item.crafting.Ingredient.m_43919_(Ingredient.java:219) ~[server-1.20.1-20230612.114412-srg.jar%23265!/:?]
	at net.minecraftforge.common.crafting.VanillaIngredientSerializer.parse(VanillaIngredientSerializer.java:27) ~[forge-1.20.1-47.3.7-universal.jar%23270!/:?]
	at net.minecraftforge.common.crafting.CraftingHelper.getIngredient(CraftingHelper.java:148) ~[forge-1.20.1-47.3.7-universal.jar%23270!/:?]
	at net.minecraft.world.item.crafting.Ingredient.m_288218_(Ingredient.java:194) ~[server-1.20.1-20230612.114412-srg.jar%23265!/:?]
	at net.minecraft.world.item.crafting.ShapedRecipe.m_44210_(ShapedRecipe.java:278) ~[server-1.20.1-20230612.114412-srg.jar%23265!/:?]
	at net.minecraft.world.item.crafting.ShapedRecipe$Serializer.m_6729_(ShapedRecipe.java:306) ~[server-1.20.1-20230612.114412-srg.jar%23265!/:?]
	at net.minecraft.world.item.crafting.ShapedRecipe$Serializer.m_6729_(ShapedRecipe.java:301) ~[server-1.20.1-20230612.114412-srg.jar%23265!/:?]
	at net.minecraftforge.common.extensions.IForgeRecipeSerializer.fromJson(IForgeRecipeSerializer.java:23) ~[forge-1.20.1-47.3.7-universal.jar%23270!/:?]
	at net.minecraft.world.item.crafting.RecipeManager.fromJson(RecipeManager.java:171) ~[server-1.20.1-20230612.114412-srg.jar%23265!/:?]
	at net.minecraft.world.item.crafting.RecipeManager.m_5787_(RecipeManager.java:67) ~[server-1.20.1-20230612.114412-srg.jar%23265!/:?]
	at net.minecraft.world.item.crafting.RecipeManager.m_5787_(RecipeManager.java:34) ~[server-1.20.1-20230612.114412-srg.jar%23265!/:?]
	at net.minecraft.server.packs.resources.SimplePreparableReloadListener.m_10789_(SimplePreparableReloadListener.java:13) ~[server-1.20.1-20230612.114412-srg.jar%23265!/:?]
	at java.util.concurrent.CompletableFuture$UniAccept.tryFire(CompletableFuture.java:718) ~[?:?]
	at java.util.concurrent.CompletableFuture$Completion.run(CompletableFuture.java:482) ~[?:?]
	at net.minecraft.server.packs.resources.SimpleReloadInstance.m_143940_(SimpleReloadInstance.java:69) ~[server-1.20.1-20230612.114412-srg.jar%23265!/:?]
	at net.minecraft.Util.m_214652_(Util.java:783) ~[server-1.20.1-20230612.114412-srg.jar%23265!/:?]
	at net.minecraft.Util.m_214679_(Util.java:772) ~[server-1.20.1-20230612.114412-srg.jar%23265!/:?]
	at net.minecraft.server.Main.main(Main.java:166) ~[server-1.20.1-20230612.114412-srg.jar%23265!/:?]
	at jdk.internal.reflect.NativeMethodAccessorImpl.invoke0(Native Method) ~[?:?]
	at jdk.internal.reflect.NativeMethodAccessorImpl.invoke(NativeMethodAccessorImpl.java:77) ~[?:?]
	at jdk.internal.reflect.DelegatingMethodAccessorImpl.invoke(DelegatingMethodAccessorImpl.java:43) ~[?:?]
	at java.lang.reflect.Method.invoke(Method.java:569) ~[?:?]
	at net.minecraftforge.fml.loading.targets.CommonLaunchHandler.runTarget(CommonLaunchHandler.java:111) ~[fmlloader-1.20.1-47.3.7.jar%2369!/:?]
	at net.minecraftforge.fml.loading.targets.CommonLaunchHandler.serverService(CommonLaunchHandler.java:103) ~[fmlloader-1.20.1-47.3.7.jar%2369!/:?]
	at net.minecraftforge.fml.loading.targets.CommonServerLaunchHandler.lambda$makeService$0(CommonServerLaunchHandler.java:27) ~[fmlloader-1.20.1-47.3.7.jar%2369!/:?]
	at cpw.mods.modlauncher.LaunchServiceHandlerDecorator.launch(LaunchServiceHandlerDecorator.java:30) ~[modlauncher-10.0.9.jar%2355!/:?]
	at cpw.mods.modlauncher.LaunchServiceHandler.launch(LaunchServiceHandler.java:53) ~[modlauncher-10.0.9.jar%2355!/:?]
	at cpw.mods.modlauncher.LaunchServiceHandler.launch(LaunchServiceHandler.java:71) ~[modlauncher-10.0.9.jar%2355!/:?]
	at cpw.mods.modlauncher.Launcher.run(Launcher.java:108) ~[modlauncher-10.0.9.jar%2355!/:?]
	at cpw.mods.modlauncher.Launcher.main(Launcher.java:78) ~[modlauncher-10.0.9.jar%2355!/:?]
	at cpw.mods.modlauncher.BootstrapLaunchConsumer.accept(BootstrapLaunchConsumer.java:26) ~[modlauncher-10.0.9.jar%2355!/:?]
	at cpw.mods.modlauncher.BootstrapLaunchConsumer.accept(BootstrapLaunchConsumer.java:23) ~[modlauncher-10.0.9.jar%2355!/:?]
	at cpw.mods.bootstraplauncher.BootstrapLauncher.main(BootstrapLauncher.java:141) ~[bootstraplauncher-1.1.2.jar:?]
[01Jan2026 20:59:50.881] [main/ERROR] [net.minecraft.world.item.crafting.RecipeManager/]: Parsing error loading recipe dungeons_and_combat:wulfrum_shield_recipe
com.google.gson.JsonSyntaxException: Unknown item 'tohiro_ores:wulfrum_ingot'
	at net.minecraft.world.item.crafting.ShapedRecipe.m_151280_(ShapedRecipe.java:292) ~[server-1.20.1-20230612.114412-srg.jar%23265!/:?]
	at java.util.Optional.orElseThrow(Optional.java:403) ~[?:?]
	at net.minecraft.world.item.crafting.ShapedRecipe.m_151278_(ShapedRecipe.java:291) ~[server-1.20.1-20230612.114412-srg.jar%23265!/:?]
	at net.minecraft.world.item.crafting.Ingredient.m_43919_(Ingredient.java:219) ~[server-1.20.1-20230612.114412-srg.jar%23265!/:?]
	at net.minecraftforge.common.crafting.VanillaIngredientSerializer.parse(VanillaIngredientSerializer.java:27) ~[forge-1.20.1-47.3.7-universal.jar%23270!/:?]
	at net.minecraftforge.common.crafting.CraftingHelper.getIngredient(CraftingHelper.java:148) ~[forge-1.20.1-47.3.7-universal.jar%23270!/:?]
	at net.minecraft.world.item.crafting.Ingredient.m_288218_(Ingredient.java:194) ~[server-1.20.1-20230612.114412-srg.jar%23265!/:?]
	at net.minecraft.world.item.crafting.ShapedRecipe.m_44210_(ShapedRecipe.java:278) ~[server-1.20.1-20230612.114412-srg.jar%23265!/:?]
	at net.minecraft.world.item.crafting.ShapedRecipe$Serializer.m_6729_(ShapedRecipe.java:306) ~[server-1.20.1-20230612.114412-srg.jar%23265!/:?]
	at net.minecraft.world.item.crafting.ShapedRecipe$Serializer.m_6729_(ShapedRecipe.java:301) ~[server-1.20.1-20230612.114412-srg.jar%23265!/:?]
	at net.minecraftforge.common.extensions.IForgeRecipeSerializer.fromJson(IForgeRecipeSerializer.java:23) ~[forge-1.20.1-47.3.7-universal.jar%23270!/:?]
	at net.minecraft.world.item.crafting.RecipeManager.fromJson(RecipeManager.java:171) ~[server-1.20.1-20230612.114412-srg.jar%23265!/:?]
	at net.minecraft.world.item.crafting.RecipeManager.m_5787_(RecipeManager.java:67) ~[server-1.20.1-20230612.114412-srg.jar%23265!/:?]
	at net.minecraft.world.item.crafting.RecipeManager.m_5787_(RecipeManager.java:34) ~[server-1.20.1-20230612.114412-srg.jar%23265!/:?]
	at net.minecraft.server.packs.resources.SimplePreparableReloadListener.m_10789_(SimplePreparableReloadListener.java:13) ~[server-1.20.1-20230612.114412-srg.jar%23265!/:?]
	at java.util.concurrent.CompletableFuture$UniAccept.tryFire(CompletableFuture.java:718) ~[?:?]
	at java.util.concurrent.CompletableFuture$Completion.run(CompletableFuture.java:482) ~[?:?]
	at net.minecraft.server.packs.resources.SimpleReloadInstance.m_143940_(SimpleReloadInstance.java:69) ~[server-1.20.1-20230612.114412-srg.jar%23265!/:?]
	at net.minecraft.Util.m_214652_(Util.java:783) ~[server-1.20.1-20230612.114412-srg.jar%23265!/:?]
	at net.minecraft.Util.m_214679_(Util.java:772) ~[server-1.20.1-20230612.114412-srg.jar%23265!/:?]
	at net.minecraft.server.Main.main(Main.java:166) ~[server-1.20.1-20230612.114412-srg.jar%23265!/:?]
	at jdk.internal.reflect.NativeMethodAccessorImpl.invoke0(Native Method) ~[?:?]
	at jdk.internal.reflect.NativeMethodAccessorImpl.invoke(NativeMethodAccessorImpl.java:77) ~[?:?]
	at jdk.internal.reflect.DelegatingMethodAccessorImpl.invoke(DelegatingMethodAccessorImpl.java:43) ~[?:?]
	at java.lang.reflect.Method.invoke(Method.java:569) ~[?:?]
	at net.minecraftforge.fml.loading.targets.CommonLaunchHandler.runTarget(CommonLaunchHandler.java:111) ~[fmlloader-1.20.1-47.3.7.jar%2369!/:?]
	at net.minecraftforge.fml.loading.targets.CommonLaunchHandler.serverService(CommonLaunchHandler.java:103) ~[fmlloader-1.20.1-47.3.7.jar%2369!/:?]
	at net.minecraftforge.fml.loading.targets.CommonServerLaunchHandler.lambda$makeService$0(CommonServerLaunchHandler.java:27) ~[fmlloader-1.20.1-47.3.7.jar%2369!/:?]
	at cpw.mods.modlauncher.LaunchServiceHandlerDecorator.launch(LaunchServiceHandlerDecorator.java:30) ~[modlauncher-10.0.9.jar%2355!/:?]
	at cpw.mods.modlauncher.LaunchServiceHandler.launch(LaunchServiceHandler.java:53) ~[modlauncher-10.0.9.jar%2355!/:?]
	at cpw.mods.modlauncher.LaunchServiceHandler.launch(LaunchServiceHandler.java:71) ~[modlauncher-10.0.9.jar%2355!/:?]
	at cpw.mods.modlauncher.Launcher.run(Launcher.java:108) ~[modlauncher-10.0.9.jar%2355!/:?]
	at cpw.mods.modlauncher.Launcher.main(Launcher.java:78) ~[modlauncher-10.0.9.jar%2355!/:?]
	at cpw.mods.modlauncher.BootstrapLaunchConsumer.accept(BootstrapLaunchConsumer.java:26) ~[modlauncher-10.0.9.jar%2355!/:?]
	at cpw.mods.modlauncher.BootstrapLaunchConsumer.accept(BootstrapLaunchConsumer.java:23) ~[modlauncher-10.0.9.jar%2355!/:?]
	at cpw.mods.bootstraplauncher.BootstrapLauncher.main(BootstrapLauncher.java:141) ~[bootstraplauncher-1.1.2.jar:?]
[01Jan2026 20:59:50.885] [main/ERROR] [net.minecraft.world.item.crafting.RecipeManager/]: Parsing error loading recipe dungeons_and_combat:light_upgrade_molten_bone_greatsword
com.google.gson.JsonSyntaxException: Unknown item 'dungeons_and_combat:deleted_mod_element'
	at net.minecraftforge.common.crafting.CraftingHelper.getItem(CraftingHelper.java:160) ~[forge-1.20.1-47.3.7-universal.jar%23270!/:?]
	at net.minecraftforge.common.crafting.CraftingHelper.getItemStack(CraftingHelper.java:186) ~[forge-1.20.1-47.3.7-universal.jar%23270!/:?]
	at net.minecraft.world.item.crafting.ShapedRecipe.m_151274_(ShapedRecipe.java:286) ~[server-1.20.1-20230612.114412-srg.jar%23265!/:?]
	at net.minecraft.world.item.crafting.SmithingTransformRecipe$Serializer.m_6729_(SmithingTransformRecipe.java:76) ~[server-1.20.1-20230612.114412-srg.jar%23265!/:?]
	at net.minecraft.world.item.crafting.SmithingTransformRecipe$Serializer.m_6729_(SmithingTransformRecipe.java:71) ~[server-1.20.1-20230612.114412-srg.jar%23265!/:?]
	at net.minecraftforge.common.extensions.IForgeRecipeSerializer.fromJson(IForgeRecipeSerializer.java:23) ~[forge-1.20.1-47.3.7-universal.jar%23270!/:?]
	at net.minecraft.world.item.crafting.RecipeManager.fromJson(RecipeManager.java:171) ~[server-1.20.1-20230612.114412-srg.jar%23265!/:?]
	at net.minecraft.world.item.crafting.RecipeManager.m_5787_(RecipeManager.java:67) ~[server-1.20.1-20230612.114412-srg.jar%23265!/:?]
	at net.minecraft.world.item.crafting.RecipeManager.m_5787_(RecipeManager.java:34) ~[server-1.20.1-20230612.114412-srg.jar%23265!/:?]
	at net.minecraft.server.packs.resources.SimplePreparableReloadListener.m_10789_(SimplePreparableReloadListener.java:13) ~[server-1.20.1-20230612.114412-srg.jar%23265!/:?]
	at java.util.concurrent.CompletableFuture$UniAccept.tryFire(CompletableFuture.java:718) ~[?:?]
	at java.util.concurrent.CompletableFuture$Completion.run(CompletableFuture.java:482) ~[?:?]
	at net.minecraft.server.packs.resources.SimpleReloadInstance.m_143940_(SimpleReloadInstance.java:69) ~[server-1.20.1-20230612.114412-srg.jar%23265!/:?]
	at net.minecraft.Util.m_214652_(Util.java:783) ~[server-1.20.1-20230612.114412-srg.jar%23265!/:?]
	at net.minecraft.Util.m_214679_(Util.java:772) ~[server-1.20.1-20230612.114412-srg.jar%23265!/:?]
	at net.minecraft.server.Main.main(Main.java:166) ~[server-1.20.1-20230612.114412-srg.jar%23265!/:?]
	at jdk.internal.reflect.NativeMethodAccessorImpl.invoke0(Native Method) ~[?:?]
	at jdk.internal.reflect.NativeMethodAccessorImpl.invoke(NativeMethodAccessorImpl.java:77) ~[?:?]
	at jdk.internal.reflect.DelegatingMethodAccessorImpl.invoke(DelegatingMethodAccessorImpl.java:43) ~[?:?]
	at java.lang.reflect.Method.invoke(Method.java:569) ~[?:?]
	at net.minecraftforge.fml.loading.targets.CommonLaunchHandler.runTarget(CommonLaunchHandler.java:111) ~[fmlloader-1.20.1-47.3.7.jar%2369!/:?]
	at net.minecraftforge.fml.loading.targets.CommonLaunchHandler.serverService(CommonLaunchHandler.java:103) ~[fmlloader-1.20.1-47.3.7.jar%2369!/:?]
	at net.minecraftforge.fml.loading.targets.CommonServerLaunchHandler.lambda$makeService$0(CommonServerLaunchHandler.java:27) ~[fmlloader-1.20.1-47.3.7.jar%2369!/:?]
	at cpw.mods.modlauncher.LaunchServiceHandlerDecorator.launch(LaunchServiceHandlerDecorator.java:30) ~[modlauncher-10.0.9.jar%2355!/:?]
	at cpw.mods.modlauncher.LaunchServiceHandler.launch(LaunchServiceHandler.java:53) ~[modlauncher-10.0.9.jar%2355!/:?]
	at cpw.mods.modlauncher.LaunchServiceHandler.launch(LaunchServiceHandler.java:71) ~[modlauncher-10.0.9.jar%2355!/:?]
	at cpw.mods.modlauncher.Launcher.run(Launcher.java:108) ~[modlauncher-10.0.9.jar%2355!/:?]
	at cpw.mods.modlauncher.Launcher.main(Launcher.java:78) ~[modlauncher-10.0.9.jar%2355!/:?]
	at cpw.mods.modlauncher.BootstrapLaunchConsumer.accept(BootstrapLaunchConsumer.java:26) ~[modlauncher-10.0.9.jar%2355!/:?]
	at cpw.mods.modlauncher.BootstrapLaunchConsumer.accept(BootstrapLaunchConsumer.java:23) ~[modlauncher-10.0.9.jar%2355!/:?]
	at cpw.mods.bootstraplauncher.BootstrapLauncher.main(BootstrapLauncher.java:141) ~[bootstraplauncher-1.1.2.jar:?]
[01Jan2026 20:59:50.886] [main/INFO] [net.minecraft.world.item.crafting.RecipeManager/]: Skipping loading recipe endergetic:poise_beehive as it's serializer returned null
[01Jan2026 20:59:50.888] [main/INFO] [net.minecraft.world.item.crafting.RecipeManager/]: Skipping loading recipe endergetic:cracked_purpur_block_from_baking as it's serializer returned null
[01Jan2026 20:59:50.890] [main/INFO] [net.minecraft.world.item.crafting.RecipeManager/]: Skipping loading recipe endergetic:poise_button_from_poise_stems_sawing as it's serializer returned null
[01Jan2026 20:59:50.896] [main/ERROR] [net.minecraft.world.item.crafting.RecipeManager/]: Parsing error loading recipe dungeons_and_combat:neptunium_greatanchor_recipe
com.google.gson.JsonSyntaxException: Unknown item 'aquaculture:neptunium_ingot'
	at net.minecraft.world.item.crafting.ShapedRecipe.m_151280_(ShapedRecipe.java:292) ~[server-1.20.1-20230612.114412-srg.jar%23265!/:?]
	at java.util.Optional.orElseThrow(Optional.java:403) ~[?:?]
	at net.minecraft.world.item.crafting.ShapedRecipe.m_151278_(ShapedRecipe.java:291) ~[server-1.20.1-20230612.114412-srg.jar%23265!/:?]
	at net.minecraft.world.item.crafting.Ingredient.m_43919_(Ingredient.java:219) ~[server-1.20.1-20230612.114412-srg.jar%23265!/:?]
	at net.minecraftforge.common.crafting.VanillaIngredientSerializer.parse(VanillaIngredientSerializer.java:27) ~[forge-1.20.1-47.3.7-universal.jar%23270!/:?]
	at net.minecraftforge.common.crafting.CraftingHelper.getIngredient(CraftingHelper.java:148) ~[forge-1.20.1-47.3.7-universal.jar%23270!/:?]
	at net.minecraft.world.item.crafting.Ingredient.m_288218_(Ingredient.java:194) ~[server-1.20.1-20230612.114412-srg.jar%23265!/:?]
	at net.minecraft.world.item.crafting.ShapedRecipe.m_44210_(ShapedRecipe.java:278) ~[server-1.20.1-20230612.114412-srg.jar%23265!/:?]
	at net.minecraft.world.item.crafting.ShapedRecipe$Serializer.m_6729_(ShapedRecipe.java:306) ~[server-1.20.1-20230612.114412-srg.jar%23265!/:?]
	at net.minecraft.world.item.crafting.ShapedRecipe$Serializer.m_6729_(ShapedRecipe.java:301) ~[server-1.20.1-20230612.114412-srg.jar%23265!/:?]
	at net.minecraftforge.common.extensions.IForgeRecipeSerializer.fromJson(IForgeRecipeSerializer.java:23) ~[forge-1.20.1-47.3.7-universal.jar%23270!/:?]
	at net.minecraft.world.item.crafting.RecipeManager.fromJson(RecipeManager.java:171) ~[server-1.20.1-20230612.114412-srg.jar%23265!/:?]
	at net.minecraft.world.item.crafting.RecipeManager.m_5787_(RecipeManager.java:67) ~[server-1.20.1-20230612.114412-srg.jar%23265!/:?]
	at net.minecraft.world.item.crafting.RecipeManager.m_5787_(RecipeManager.java:34) ~[server-1.20.1-20230612.114412-srg.jar%23265!/:?]
	at net.minecraft.server.packs.resources.SimplePreparableReloadListener.m_10789_(SimplePreparableReloadListener.java:13) ~[server-1.20.1-20230612.114412-srg.jar%23265!/:?]
	at java.util.concurrent.CompletableFuture$UniAccept.tryFire(CompletableFuture.java:718) ~[?:?]
	at java.util.concurrent.CompletableFuture$Completion.run(CompletableFuture.java:482) ~[?:?]
	at net.minecraft.server.packs.resources.SimpleReloadInstance.m_143940_(SimpleReloadInstance.java:69) ~[server-1.20.1-20230612.114412-srg.jar%23265!/:?]
	at net.minecraft.Util.m_214652_(Util.java:783) ~[server-1.20.1-20230612.114412-srg.jar%23265!/:?]
	at net.minecraft.Util.m_214679_(Util.java:772) ~[server-1.20.1-20230612.114412-srg.jar%23265!/:?]
	at net.minecraft.server.Main.main(Main.java:166) ~[server-1.20.1-20230612.114412-srg.jar%23265!/:?]
	at jdk.internal.reflect.NativeMethodAccessorImpl.invoke0(Native Method) ~[?:?]
	at jdk.internal.reflect.NativeMethodAccessorImpl.invoke(NativeMethodAccessorImpl.java:77) ~[?:?]
	at jdk.internal.reflect.DelegatingMethodAccessorImpl.invoke(DelegatingMethodAccessorImpl.java:43) ~[?:?]
	at java.lang.reflect.Method.invoke(Method.java:569) ~[?:?]
	at net.minecraftforge.fml.loading.targets.CommonLaunchHandler.runTarget(CommonLaunchHandler.java:111) ~[fmlloader-1.20.1-47.3.7.jar%2369!/:?]
	at net.minecraftforge.fml.loading.targets.CommonLaunchHandler.serverService(CommonLaunchHandler.java:103) ~[fmlloader-1.20.1-47.3.7.jar%2369!/:?]
	at net.minecraftforge.fml.loading.targets.CommonServerLaunchHandler.lambda$makeService$0(CommonServerLaunchHandler.java:27) ~[fmlloader-1.20.1-47.3.7.jar%2369!/:?]
	at cpw.mods.modlauncher.LaunchServiceHandlerDecorator.launch(LaunchServiceHandlerDecorator.java:30) ~[modlauncher-10.0.9.jar%2355!/:?]
	at cpw.mods.modlauncher.LaunchServiceHandler.launch(LaunchServiceHandler.java:53) ~[modlauncher-10.0.9.jar%2355!/:?]
	at cpw.mods.modlauncher.LaunchServiceHandler.launch(LaunchServiceHandler.java:71) ~[modlauncher-10.0.9.jar%2355!/:?]
	at cpw.mods.modlauncher.Launcher.run(Launcher.java:108) ~[modlauncher-10.0.9.jar%2355!/:?]
	at cpw.mods.modlauncher.Launcher.main(Launcher.java:78) ~[modlauncher-10.0.9.jar%2355!/:?]
	at cpw.mods.modlauncher.BootstrapLaunchConsumer.accept(BootstrapLaunchConsumer.java:26) ~[modlauncher-10.0.9.jar%2355!/:?]
	at cpw.mods.modlauncher.BootstrapLaunchConsumer.accept(BootstrapLaunchConsumer.java:23) ~[modlauncher-10.0.9.jar%2355!/:?]
	at cpw.mods.bootstraplauncher.BootstrapLauncher.main(BootstrapLauncher.java:141) ~[bootstraplauncher-1.1.2.jar:?]
[01Jan2026 20:59:50.897] [main/ERROR] [net.minecraft.world.item.crafting.RecipeManager/]: Parsing error loading recipe dungeons_and_combat:neptunium_leggings
com.google.gson.JsonSyntaxException: Unknown item 'aquaculture:neptunium_leggings'
	at net.minecraft.world.item.crafting.ShapedRecipe.m_151280_(ShapedRecipe.java:292) ~[server-1.20.1-20230612.114412-srg.jar%23265!/:?]
	at java.util.Optional.orElseThrow(Optional.java:403) ~[?:?]
	at net.minecraft.world.item.crafting.ShapedRecipe.m_151278_(ShapedRecipe.java:291) ~[server-1.20.1-20230612.114412-srg.jar%23265!/:?]
	at net.minecraft.world.item.crafting.Ingredient.m_43919_(Ingredient.java:219) ~[server-1.20.1-20230612.114412-srg.jar%23265!/:?]
	at net.minecraftforge.common.crafting.VanillaIngredientSerializer.parse(VanillaIngredientSerializer.java:27) ~[forge-1.20.1-47.3.7-universal.jar%23270!/:?]
	at net.minecraftforge.common.crafting.CraftingHelper.getIngredient(CraftingHelper.java:148) ~[forge-1.20.1-47.3.7-universal.jar%23270!/:?]
	at net.minecraft.world.item.crafting.Ingredient.m_288218_(Ingredient.java:194) ~[server-1.20.1-20230612.114412-srg.jar%23265!/:?]
	at net.minecraft.world.item.crafting.Ingredient.m_43917_(Ingredient.java:189) ~[server-1.20.1-20230612.114412-srg.jar%23265!/:?]
	at net.minecraft.world.item.crafting.SmithingTransformRecipe$Serializer.m_6729_(SmithingTransformRecipe.java:74) ~[server-1.20.1-20230612.114412-srg.jar%23265!/:?]
	at net.minecraft.world.item.crafting.SmithingTransformRecipe$Serializer.m_6729_(SmithingTransformRecipe.java:71) ~[server-1.20.1-20230612.114412-srg.jar%23265!/:?]
	at net.minecraftforge.common.extensions.IForgeRecipeSerializer.fromJson(IForgeRecipeSerializer.java:23) ~[forge-1.20.1-47.3.7-universal.jar%23270!/:?]
	at net.minecraft.world.item.crafting.RecipeManager.fromJson(RecipeManager.java:171) ~[server-1.20.1-20230612.114412-srg.jar%23265!/:?]
	at net.minecraft.world.item.crafting.RecipeManager.m_5787_(RecipeManager.java:67) ~[server-1.20.1-20230612.114412-srg.jar%23265!/:?]
	at net.minecraft.world.item.crafting.RecipeManager.m_5787_(RecipeManager.java:34) ~[server-1.20.1-20230612.114412-srg.jar%23265!/:?]
	at net.minecraft.server.packs.resources.SimplePreparableReloadListener.m_10789_(SimplePreparableReloadListener.java:13) ~[server-1.20.1-20230612.114412-srg.jar%23265!/:?]
	at java.util.concurrent.CompletableFuture$UniAccept.tryFire(CompletableFuture.java:718) ~[?:?]
	at java.util.concurrent.CompletableFuture$Completion.run(CompletableFuture.java:482) ~[?:?]
	at net.minecraft.server.packs.resources.SimpleReloadInstance.m_143940_(SimpleReloadInstance.java:69) ~[server-1.20.1-20230612.114412-srg.jar%23265!/:?]
	at net.minecraft.Util.m_214652_(Util.java:783) ~[server-1.20.1-20230612.114412-srg.jar%23265!/:?]
	at net.minecraft.Util.m_214679_(Util.java:772) ~[server-1.20.1-20230612.114412-srg.jar%23265!/:?]
	at net.minecraft.server.Main.main(Main.java:166) ~[server-1.20.1-20230612.114412-srg.jar%23265!/:?]
	at jdk.internal.reflect.NativeMethodAccessorImpl.invoke0(Native Method) ~[?:?]
	at jdk.internal.reflect.NativeMethodAccessorImpl.invoke(NativeMethodAccessorImpl.java:77) ~[?:?]
	at jdk.internal.reflect.DelegatingMethodAccessorImpl.invoke(DelegatingMethodAccessorImpl.java:43) ~[?:?]
	at java.lang.reflect.Method.invoke(Method.java:569) ~[?:?]
	at net.minecraftforge.fml.loading.targets.CommonLaunchHandler.runTarget(CommonLaunchHandler.java:111) ~[fmlloader-1.20.1-47.3.7.jar%2369!/:?]
	at net.minecraftforge.fml.loading.targets.CommonLaunchHandler.serverService(CommonLaunchHandler.java:103) ~[fmlloader-1.20.1-47.3.7.jar%2369!/:?]
	at net.minecraftforge.fml.loading.targets.CommonServerLaunchHandler.lambda$makeService$0(CommonServerLaunchHandler.java:27) ~[fmlloader-1.20.1-47.3.7.jar%2369!/:?]
	at cpw.mods.modlauncher.LaunchServiceHandlerDecorator.launch(LaunchServiceHandlerDecorator.java:30) ~[modlauncher-10.0.9.jar%2355!/:?]
	at cpw.mods.modlauncher.LaunchServiceHandler.launch(LaunchServiceHandler.java:53) ~[modlauncher-10.0.9.jar%2355!/:?]
	at cpw.mods.modlauncher.LaunchServiceHandler.launch(LaunchServiceHandler.java:71) ~[modlauncher-10.0.9.jar%2355!/:?]
	at cpw.mods.modlauncher.Launcher.run(Launcher.java:108) ~[modlauncher-10.0.9.jar%2355!/:?]
	at cpw.mods.modlauncher.Launcher.main(Launcher.java:78) ~[modlauncher-10.0.9.jar%2355!/:?]
	at cpw.mods.modlauncher.BootstrapLaunchConsumer.accept(BootstrapLaunchConsumer.java:26) ~[modlauncher-10.0.9.jar%2355!/:?]
	at cpw.mods.modlauncher.BootstrapLaunchConsumer.accept(BootstrapLaunchConsumer.java:23) ~[modlauncher-10.0.9.jar%2355!/:?]
	at cpw.mods.bootstraplauncher.BootstrapLauncher.main(BootstrapLauncher.java:141) ~[bootstraplauncher-1.1.2.jar:?]
[01Jan2026 20:59:50.899] [main/ERROR] [net.minecraft.world.item.crafting.RecipeManager/]: Parsing error loading recipe dungeons_and_combat:cobalt_dagger_recipe
com.google.gson.JsonSyntaxException: Unknown item 'tohiro_ores:cobalt_ingot'
	at net.minecraft.world.item.crafting.ShapedRecipe.m_151280_(ShapedRecipe.java:292) ~[server-1.20.1-20230612.114412-srg.jar%23265!/:?]
	at java.util.Optional.orElseThrow(Optional.java:403) ~[?:?]
	at net.minecraft.world.item.crafting.ShapedRecipe.m_151278_(ShapedRecipe.java:291) ~[server-1.20.1-20230612.114412-srg.jar%23265!/:?]
	at net.minecraft.world.item.crafting.Ingredient.m_43919_(Ingredient.java:219) ~[server-1.20.1-20230612.114412-srg.jar%23265!/:?]
	at net.minecraftforge.common.crafting.VanillaIngredientSerializer.parse(VanillaIngredientSerializer.java:27) ~[forge-1.20.1-47.3.7-universal.jar%23270!/:?]
	at net.minecraftforge.common.crafting.CraftingHelper.getIngredient(CraftingHelper.java:148) ~[forge-1.20.1-47.3.7-universal.jar%23270!/:?]
	at net.minecraft.world.item.crafting.Ingredient.m_288218_(Ingredient.java:194) ~[server-1.20.1-20230612.114412-srg.jar%23265!/:?]
	at net.minecraft.world.item.crafting.ShapedRecipe.m_44210_(ShapedRecipe.java:278) ~[server-1.20.1-20230612.114412-srg.jar%23265!/:?]
	at net.minecraft.world.item.crafting.ShapedRecipe$Serializer.m_6729_(ShapedRecipe.java:306) ~[server-1.20.1-20230612.114412-srg.jar%23265!/:?]
	at net.minecraft.world.item.crafting.ShapedRecipe$Serializer.m_6729_(ShapedRecipe.java:301) ~[server-1.20.1-20230612.114412-srg.jar%23265!/:?]
	at net.minecraftforge.common.extensions.IForgeRecipeSerializer.fromJson(IForgeRecipeSerializer.java:23) ~[forge-1.20.1-47.3.7-universal.jar%23270!/:?]
	at net.minecraft.world.item.crafting.RecipeManager.fromJson(RecipeManager.java:171) ~[server-1.20.1-20230612.114412-srg.jar%23265!/:?]
	at net.minecraft.world.item.crafting.RecipeManager.m_5787_(RecipeManager.java:67) ~[server-1.20.1-20230612.114412-srg.jar%23265!/:?]
	at net.minecraft.world.item.crafting.RecipeManager.m_5787_(RecipeManager.java:34) ~[server-1.20.1-20230612.114412-srg.jar%23265!/:?]
	at net.minecraft.server.packs.resources.SimplePreparableReloadListener.m_10789_(SimplePreparableReloadListener.java:13) ~[server-1.20.1-20230612.114412-srg.jar%23265!/:?]
	at java.util.concurrent.CompletableFuture$UniAccept.tryFire(CompletableFuture.java:718) ~[?:?]
	at java.util.concurrent.CompletableFuture$Completion.run(CompletableFuture.java:482) ~[?:?]
	at net.minecraft.server.packs.resources.SimpleReloadInstance.m_143940_(SimpleReloadInstance.java:69) ~[server-1.20.1-20230612.114412-srg.jar%23265!/:?]
	at net.minecraft.Util.m_214652_(Util.java:783) ~[server-1.20.1-20230612.114412-srg.jar%23265!/:?]
	at net.minecraft.Util.m_214679_(Util.java:772) ~[server-1.20.1-20230612.114412-srg.jar%23265!/:?]
	at net.minecraft.server.Main.main(Main.java:166) ~[server-1.20.1-20230612.114412-srg.jar%23265!/:?]
	at jdk.internal.reflect.NativeMethodAccessorImpl.invoke0(Native Method) ~[?:?]
	at jdk.internal.reflect.NativeMethodAccessorImpl.invoke(NativeMethodAccessorImpl.java:77) ~[?:?]
	at jdk.internal.reflect.DelegatingMethodAccessorImpl.invoke(DelegatingMethodAccessorImpl.java:43) ~[?:?]
	at java.lang.reflect.Method.invoke(Method.java:569) ~[?:?]
	at net.minecraftforge.fml.loading.targets.CommonLaunchHandler.runTarget(CommonLaunchHandler.java:111) ~[fmlloader-1.20.1-47.3.7.jar%2369!/:?]
	at net.minecraftforge.fml.loading.targets.CommonLaunchHandler.serverService(CommonLaunchHandler.java:103) ~[fmlloader-1.20.1-47.3.7.jar%2369!/:?]
	at net.minecraftforge.fml.loading.targets.CommonServerLaunchHandler.lambda$makeService$0(CommonServerLaunchHandler.java:27) ~[fmlloader-1.20.1-47.3.7.jar%2369!/:?]
	at cpw.mods.modlauncher.LaunchServiceHandlerDecorator.launch(LaunchServiceHandlerDecorator.java:30) ~[modlauncher-10.0.9.jar%2355!/:?]
	at cpw.mods.modlauncher.LaunchServiceHandler.launch(LaunchServiceHandler.java:53) ~[modlauncher-10.0.9.jar%2355!/:?]
	at cpw.mods.modlauncher.LaunchServiceHandler.launch(LaunchServiceHandler.java:71) ~[modlauncher-10.0.9.jar%2355!/:?]
	at cpw.mods.modlauncher.Launcher.run(Launcher.java:108) ~[modlauncher-10.0.9.jar%2355!/:?]
	at cpw.mods.modlauncher.Launcher.main(Launcher.java:78) ~[modlauncher-10.0.9.jar%2355!/:?]
	at cpw.mods.modlauncher.BootstrapLaunchConsumer.accept(BootstrapLaunchConsumer.java:26) ~[modlauncher-10.0.9.jar%2355!/:?]
	at cpw.mods.modlauncher.BootstrapLaunchConsumer.accept(BootstrapLaunchConsumer.java:23) ~[modlauncher-10.0.9.jar%2355!/:?]
	at cpw.mods.bootstraplauncher.BootstrapLauncher.main(BootstrapLauncher.java:141) ~[bootstraplauncher-1.1.2.jar:?]
[01Jan2026 20:59:50.914] [main/INFO] [net.minecraft.world.item.crafting.RecipeManager/]: Skipping loading recipe endergetic:poise_trapdoor_from_poise_stems_sawing as it's serializer returned null
[01Jan2026 20:59:50.920] [main/ERROR] [net.minecraft.world.item.crafting.RecipeManager/]: Parsing error loading recipe dungeons_and_combat:crystal_fist_recipe
com.google.gson.JsonSyntaxException: Unknown item 'tohiro_ores:crystal_smithing_template'
	at net.minecraft.world.item.crafting.ShapedRecipe.m_151280_(ShapedRecipe.java:292) ~[server-1.20.1-20230612.114412-srg.jar%23265!/:?]
	at java.util.Optional.orElseThrow(Optional.java:403) ~[?:?]
	at net.minecraft.world.item.crafting.ShapedRecipe.m_151278_(ShapedRecipe.java:291) ~[server-1.20.1-20230612.114412-srg.jar%23265!/:?]
	at net.minecraft.world.item.crafting.Ingredient.m_43919_(Ingredient.java:219) ~[server-1.20.1-20230612.114412-srg.jar%23265!/:?]
	at net.minecraftforge.common.crafting.VanillaIngredientSerializer.parse(VanillaIngredientSerializer.java:27) ~[forge-1.20.1-47.3.7-universal.jar%23270!/:?]
	at net.minecraftforge.common.crafting.CraftingHelper.getIngredient(CraftingHelper.java:148) ~[forge-1.20.1-47.3.7-universal.jar%23270!/:?]
	at net.minecraft.world.item.crafting.Ingredient.m_288218_(Ingredient.java:194) ~[server-1.20.1-20230612.114412-srg.jar%23265!/:?]
	at net.minecraft.world.item.crafting.Ingredient.m_43917_(Ingredient.java:189) ~[server-1.20.1-20230612.114412-srg.jar%23265!/:?]
	at net.minecraft.world.item.crafting.SmithingTransformRecipe$Serializer.m_6729_(SmithingTransformRecipe.java:73) ~[server-1.20.1-20230612.114412-srg.jar%23265!/:?]
	at net.minecraft.world.item.crafting.SmithingTransformRecipe$Serializer.m_6729_(SmithingTransformRecipe.java:71) ~[server-1.20.1-20230612.114412-srg.jar%23265!/:?]
	at net.minecraftforge.common.extensions.IForgeRecipeSerializer.fromJson(IForgeRecipeSerializer.java:23) ~[forge-1.20.1-47.3.7-universal.jar%23270!/:?]
	at net.minecraft.world.item.crafting.RecipeManager.fromJson(RecipeManager.java:171) ~[server-1.20.1-20230612.114412-srg.jar%23265!/:?]
	at net.minecraft.world.item.crafting.RecipeManager.m_5787_(RecipeManager.java:67) ~[server-1.20.1-20230612.114412-srg.jar%23265!/:?]
	at net.minecraft.world.item.crafting.RecipeManager.m_5787_(RecipeManager.java:34) ~[server-1.20.1-20230612.114412-srg.jar%23265!/:?]
	at net.minecraft.server.packs.resources.SimplePreparableReloadListener.m_10789_(SimplePreparableReloadListener.java:13) ~[server-1.20.1-20230612.114412-srg.jar%23265!/:?]
	at java.util.concurrent.CompletableFuture$UniAccept.tryFire(CompletableFuture.java:718) ~[?:?]
	at java.util.concurrent.CompletableFuture$Completion.run(CompletableFuture.java:482) ~[?:?]
	at net.minecraft.server.packs.resources.SimpleReloadInstance.m_143940_(SimpleReloadInstance.java:69) ~[server-1.20.1-20230612.114412-srg.jar%23265!/:?]
	at net.minecraft.Util.m_214652_(Util.java:783) ~[server-1.20.1-20230612.114412-srg.jar%23265!/:?]
	at net.minecraft.Util.m_214679_(Util.java:772) ~[server-1.20.1-20230612.114412-srg.jar%23265!/:?]
	at net.minecraft.server.Main.main(Main.java:166) ~[server-1.20.1-20230612.114412-srg.jar%23265!/:?]
	at jdk.internal.reflect.NativeMethodAccessorImpl.invoke0(Native Method) ~[?:?]
	at jdk.internal.reflect.NativeMethodAccessorImpl.invoke(NativeMethodAccessorImpl.java:77) ~[?:?]
	at jdk.internal.reflect.DelegatingMethodAccessorImpl.invoke(DelegatingMethodAccessorImpl.java:43) ~[?:?]
	at java.lang.reflect.Method.invoke(Method.java:569) ~[?:?]
	at net.minecraftforge.fml.loading.targets.CommonLaunchHandler.runTarget(CommonLaunchHandler.java:111) ~[fmlloader-1.20.1-47.3.7.jar%2369!/:?]
	at net.minecraftforge.fml.loading.targets.CommonLaunchHandler.serverService(CommonLaunchHandler.java:103) ~[fmlloader-1.20.1-47.3.7.jar%2369!/:?]
	at net.minecraftforge.fml.loading.targets.CommonServerLaunchHandler.lambda$makeService$0(CommonServerLaunchHandler.java:27) ~[fmlloader-1.20.1-47.3.7.jar%2369!/:?]
	at cpw.mods.modlauncher.LaunchServiceHandlerDecorator.launch(LaunchServiceHandlerDecorator.java:30) ~[modlauncher-10.0.9.jar%2355!/:?]
	at cpw.mods.modlauncher.LaunchServiceHandler.launch(LaunchServiceHandler.java:53) ~[modlauncher-10.0.9.jar%2355!/:?]
	at cpw.mods.modlauncher.LaunchServiceHandler.launch(LaunchServiceHandler.java:71) ~[modlauncher-10.0.9.jar%2355!/:?]
	at cpw.mods.modlauncher.Launcher.run(Launcher.java:108) ~[modlauncher-10.0.9.jar%2355!/:?]
	at cpw.mods.modlauncher.Launcher.main(Launcher.java:78) ~[modlauncher-10.0.9.jar%2355!/:?]
	at cpw.mods.modlauncher.BootstrapLaunchConsumer.accept(BootstrapLaunchConsumer.java:26) ~[modlauncher-10.0.9.jar%2355!/:?]
	at cpw.mods.modlauncher.BootstrapLaunchConsumer.accept(BootstrapLaunchConsumer.java:23) ~[modlauncher-10.0.9.jar%2355!/:?]
	at cpw.mods.bootstraplauncher.BootstrapLauncher.main(BootstrapLauncher.java:141) ~[bootstraplauncher-1.1.2.jar:?]
[01Jan2026 20:59:50.923] [main/INFO] [net.minecraft.world.item.crafting.RecipeManager/]: Skipping loading recipe endergetic:poise_furnace_boat as it's serializer returned null
[01Jan2026 20:59:50.926] [main/ERROR] [net.minecraft.world.item.crafting.RecipeManager/]: Parsing error loading recipe dungeons_and_combat:tin_mace_recipe
com.google.gson.JsonSyntaxException: Unknown item 'tohiro_ores:tin_ingot'
	at net.minecraft.world.item.crafting.ShapedRecipe.m_151280_(ShapedRecipe.java:292) ~[server-1.20.1-20230612.114412-srg.jar%23265!/:?]
	at java.util.Optional.orElseThrow(Optional.java:403) ~[?:?]
	at net.minecraft.world.item.crafting.ShapedRecipe.m_151278_(ShapedRecipe.java:291) ~[server-1.20.1-20230612.114412-srg.jar%23265!/:?]
	at net.minecraft.world.item.crafting.Ingredient.m_43919_(Ingredient.java:219) ~[server-1.20.1-20230612.114412-srg.jar%23265!/:?]
	at net.minecraftforge.common.crafting.VanillaIngredientSerializer.parse(VanillaIngredientSerializer.java:27) ~[forge-1.20.1-47.3.7-universal.jar%23270!/:?]
	at net.minecraftforge.common.crafting.CraftingHelper.getIngredient(CraftingHelper.java:148) ~[forge-1.20.1-47.3.7-universal.jar%23270!/:?]
	at net.minecraft.world.item.crafting.Ingredient.m_288218_(Ingredient.java:194) ~[server-1.20.1-20230612.114412-srg.jar%23265!/:?]
	at net.minecraft.world.item.crafting.ShapedRecipe.m_44210_(ShapedRecipe.java:278) ~[server-1.20.1-20230612.114412-srg.jar%23265!/:?]
	at net.minecraft.world.item.crafting.ShapedRecipe$Serializer.m_6729_(ShapedRecipe.java:306) ~[server-1.20.1-20230612.114412-srg.jar%23265!/:?]
	at net.minecraft.world.item.crafting.ShapedRecipe$Serializer.m_6729_(ShapedRecipe.java:301) ~[server-1.20.1-20230612.114412-srg.jar%23265!/:?]
	at net.minecraftforge.common.extensions.IForgeRecipeSerializer.fromJson(IForgeRecipeSerializer.java:23) ~[forge-1.20.1-47.3.7-universal.jar%23270!/:?]
	at net.minecraft.world.item.crafting.RecipeManager.fromJson(RecipeManager.java:171) ~[server-1.20.1-20230612.114412-srg.jar%23265!/:?]
	at net.minecraft.world.item.crafting.RecipeManager.m_5787_(RecipeManager.java:67) ~[server-1.20.1-20230612.114412-srg.jar%23265!/:?]
	at net.minecraft.world.item.crafting.RecipeManager.m_5787_(RecipeManager.java:34) ~[server-1.20.1-20230612.114412-srg.jar%23265!/:?]
	at net.minecraft.server.packs.resources.SimplePreparableReloadListener.m_10789_(SimplePreparableReloadListener.java:13) ~[server-1.20.1-20230612.114412-srg.jar%23265!/:?]
	at java.util.concurrent.CompletableFuture$UniAccept.tryFire(CompletableFuture.java:718) ~[?:?]
	at java.util.concurrent.CompletableFuture$Completion.run(CompletableFuture.java:482) ~[?:?]
	at net.minecraft.server.packs.resources.SimpleReloadInstance.m_143940_(SimpleReloadInstance.java:69) ~[server-1.20.1-20230612.114412-srg.jar%23265!/:?]
	at net.minecraft.Util.m_214652_(Util.java:783) ~[server-1.20.1-20230612.114412-srg.jar%23265!/:?]
	at net.minecraft.Util.m_214679_(Util.java:772) ~[server-1.20.1-20230612.114412-srg.jar%23265!/:?]
	at net.minecraft.server.Main.main(Main.java:166) ~[server-1.20.1-20230612.114412-srg.jar%23265!/:?]
	at jdk.internal.reflect.NativeMethodAccessorImpl.invoke0(Native Method) ~[?:?]
	at jdk.internal.reflect.NativeMethodAccessorImpl.invoke(NativeMethodAccessorImpl.java:77) ~[?:?]
	at jdk.internal.reflect.DelegatingMethodAccessorImpl.invoke(DelegatingMethodAccessorImpl.java:43) ~[?:?]
	at java.lang.reflect.Method.invoke(Method.java:569) ~[?:?]
	at net.minecraftforge.fml.loading.targets.CommonLaunchHandler.runTarget(CommonLaunchHandler.java:111) ~[fmlloader-1.20.1-47.3.7.jar%2369!/:?]
	at net.minecraftforge.fml.loading.targets.CommonLaunchHandler.serverService(CommonLaunchHandler.java:103) ~[fmlloader-1.20.1-47.3.7.jar%2369!/:?]
	at net.minecraftforge.fml.loading.targets.CommonServerLaunchHandler.lambda$makeService$0(CommonServerLaunchHandler.java:27) ~[fmlloader-1.20.1-47.3.7.jar%2369!/:?]
	at cpw.mods.modlauncher.LaunchServiceHandlerDecorator.launch(LaunchServiceHandlerDecorator.java:30) ~[modlauncher-10.0.9.jar%2355!/:?]
	at cpw.mods.modlauncher.LaunchServiceHandler.launch(LaunchServiceHandler.java:53) ~[modlauncher-10.0.9.jar%2355!/:?]
	at cpw.mods.modlauncher.LaunchServiceHandler.launch(LaunchServiceHandler.java:71) ~[modlauncher-10.0.9.jar%2355!/:?]
	at cpw.mods.modlauncher.Launcher.run(Launcher.java:108) ~[modlauncher-10.0.9.jar%2355!/:?]
	at cpw.mods.modlauncher.Launcher.main(Launcher.java:78) ~[modlauncher-10.0.9.jar%2355!/:?]
	at cpw.mods.modlauncher.BootstrapLaunchConsumer.accept(BootstrapLaunchConsumer.java:26) ~[modlauncher-10.0.9.jar%2355!/:?]
	at cpw.mods.modlauncher.BootstrapLaunchConsumer.accept(BootstrapLaunchConsumer.java:23) ~[modlauncher-10.0.9.jar%2355!/:?]
	at cpw.mods.bootstraplauncher.BootstrapLauncher.main(BootstrapLauncher.java:141) ~[bootstraplauncher-1.1.2.jar:?]
[01Jan2026 20:59:50.929] [main/INFO] [net.minecraft.world.item.crafting.RecipeManager/]: Skipping loading recipe endergetic:poise_slab_from_poise_planks_sawing as it's serializer returned null
[01Jan2026 20:59:50.929] [main/ERROR] [net.minecraft.world.item.crafting.RecipeManager/]: Parsing error loading recipe dungeons_and_combat:cobalt_greataxe_recipe
com.google.gson.JsonSyntaxException: Unknown item 'tohiro_ores:cobalt_ingot'
	at net.minecraft.world.item.crafting.ShapedRecipe.m_151280_(ShapedRecipe.java:292) ~[server-1.20.1-20230612.114412-srg.jar%23265!/:?]
	at java.util.Optional.orElseThrow(Optional.java:403) ~[?:?]
	at net.minecraft.world.item.crafting.ShapedRecipe.m_151278_(ShapedRecipe.java:291) ~[server-1.20.1-20230612.114412-srg.jar%23265!/:?]
	at net.minecraft.world.item.crafting.Ingredient.m_43919_(Ingredient.java:219) ~[server-1.20.1-20230612.114412-srg.jar%23265!/:?]
	at net.minecraftforge.common.crafting.VanillaIngredientSerializer.parse(VanillaIngredientSerializer.java:27) ~[forge-1.20.1-47.3.7-universal.jar%23270!/:?]
	at net.minecraftforge.common.crafting.CraftingHelper.getIngredient(CraftingHelper.java:148) ~[forge-1.20.1-47.3.7-universal.jar%23270!/:?]
	at net.minecraft.world.item.crafting.Ingredient.m_288218_(Ingredient.java:194) ~[server-1.20.1-20230612.114412-srg.jar%23265!/:?]
	at net.minecraft.world.item.crafting.ShapedRecipe.m_44210_(ShapedRecipe.java:278) ~[server-1.20.1-20230612.114412-srg.jar%23265!/:?]
	at net.minecraft.world.item.crafting.ShapedRecipe$Serializer.m_6729_(ShapedRecipe.java:306) ~[server-1.20.1-20230612.114412-srg.jar%23265!/:?]
	at net.minecraft.world.item.crafting.ShapedRecipe$Serializer.m_6729_(ShapedRecipe.java:301) ~[server-1.20.1-20230612.114412-srg.jar%23265!/:?]
	at net.minecraftforge.common.extensions.IForgeRecipeSerializer.fromJson(IForgeRecipeSerializer.java:23) ~[forge-1.20.1-47.3.7-universal.jar%23270!/:?]
	at net.minecraft.world.item.crafting.RecipeManager.fromJson(RecipeManager.java:171) ~[server-1.20.1-20230612.114412-srg.jar%23265!/:?]
	at net.minecraft.world.item.crafting.RecipeManager.m_5787_(RecipeManager.java:67) ~[server-1.20.1-20230612.114412-srg.jar%23265!/:?]
	at net.minecraft.world.item.crafting.RecipeManager.m_5787_(RecipeManager.java:34) ~[server-1.20.1-20230612.114412-srg.jar%23265!/:?]
	at net.minecraft.server.packs.resources.SimplePreparableReloadListener.m_10789_(SimplePreparableReloadListener.java:13) ~[server-1.20.1-20230612.114412-srg.jar%23265!/:?]
	at java.util.concurrent.CompletableFuture$UniAccept.tryFire(CompletableFuture.java:718) ~[?:?]
	at java.util.concurrent.CompletableFuture$Completion.run(CompletableFuture.java:482) ~[?:?]
	at net.minecraft.server.packs.resources.SimpleReloadInstance.m_143940_(SimpleReloadInstance.java:69) ~[server-1.20.1-20230612.114412-srg.jar%23265!/:?]
	at net.minecraft.Util.m_214652_(Util.java:783) ~[server-1.20.1-20230612.114412-srg.jar%23265!/:?]
	at net.minecraft.Util.m_214679_(Util.java:772) ~[server-1.20.1-20230612.114412-srg.jar%23265!/:?]
	at net.minecraft.server.Main.main(Main.java:166) ~[server-1.20.1-20230612.114412-srg.jar%23265!/:?]
	at jdk.internal.reflect.NativeMethodAccessorImpl.invoke0(Native Method) ~[?:?]
	at jdk.internal.reflect.NativeMethodAccessorImpl.invoke(NativeMethodAccessorImpl.java:77) ~[?:?]
	at jdk.internal.reflect.DelegatingMethodAccessorImpl.invoke(DelegatingMethodAccessorImpl.java:43) ~[?:?]
	at java.lang.reflect.Method.invoke(Method.java:569) ~[?:?]
	at net.minecraftforge.fml.loading.targets.CommonLaunchHandler.runTarget(CommonLaunchHandler.java:111) ~[fmlloader-1.20.1-47.3.7.jar%2369!/:?]
	at net.minecraftforge.fml.loading.targets.CommonLaunchHandler.serverService(CommonLaunchHandler.java:103) ~[fmlloader-1.20.1-47.3.7.jar%2369!/:?]
	at net.minecraftforge.fml.loading.targets.CommonServerLaunchHandler.lambda$makeService$0(CommonServerLaunchHandler.java:27) ~[fmlloader-1.20.1-47.3.7.jar%2369!/:?]
	at cpw.mods.modlauncher.LaunchServiceHandlerDecorator.launch(LaunchServiceHandlerDecorator.java:30) ~[modlauncher-10.0.9.jar%2355!/:?]
	at cpw.mods.modlauncher.LaunchServiceHandler.launch(LaunchServiceHandler.java:53) ~[modlauncher-10.0.9.jar%2355!/:?]
	at cpw.mods.modlauncher.LaunchServiceHandler.launch(LaunchServiceHandler.java:71) ~[modlauncher-10.0.9.jar%2355!/:?]
	at cpw.mods.modlauncher.Launcher.run(Launcher.java:108) ~[modlauncher-10.0.9.jar%2355!/:?]
	at cpw.mods.modlauncher.Launcher.main(Launcher.java:78) ~[modlauncher-10.0.9.jar%2355!/:?]
	at cpw.mods.modlauncher.BootstrapLaunchConsumer.accept(BootstrapLaunchConsumer.java:26) ~[modlauncher-10.0.9.jar%2355!/:?]
	at cpw.mods.modlauncher.BootstrapLaunchConsumer.accept(BootstrapLaunchConsumer.java:23) ~[modlauncher-10.0.9.jar%2355!/:?]
	at cpw.mods.bootstraplauncher.BootstrapLauncher.main(BootstrapLauncher.java:141) ~[bootstraplauncher-1.1.2.jar:?]
[01Jan2026 20:59:50.932] [main/ERROR] [net.minecraft.world.item.crafting.RecipeManager/]: Parsing error loading recipe dungeons_and_combat:neptunium_dagger_recipe
com.google.gson.JsonSyntaxException: Unknown item 'aquaculture:neptunium_ingot'
	at net.minecraft.world.item.crafting.ShapedRecipe.m_151280_(ShapedRecipe.java:292) ~[server-1.20.1-20230612.114412-srg.jar%23265!/:?]
	at java.util.Optional.orElseThrow(Optional.java:403) ~[?:?]
	at net.minecraft.world.item.crafting.ShapedRecipe.m_151278_(ShapedRecipe.java:291) ~[server-1.20.1-20230612.114412-srg.jar%23265!/:?]
	at net.minecraft.world.item.crafting.Ingredient.m_43919_(Ingredient.java:219) ~[server-1.20.1-20230612.114412-srg.jar%23265!/:?]
	at net.minecraftforge.common.crafting.VanillaIngredientSerializer.parse(VanillaIngredientSerializer.java:27) ~[forge-1.20.1-47.3.7-universal.jar%23270!/:?]
	at net.minecraftforge.common.crafting.CraftingHelper.getIngredient(CraftingHelper.java:148) ~[forge-1.20.1-47.3.7-universal.jar%23270!/:?]
	at net.minecraft.world.item.crafting.Ingredient.m_288218_(Ingredient.java:194) ~[server-1.20.1-20230612.114412-srg.jar%23265!/:?]
	at net.minecraft.world.item.crafting.ShapedRecipe.m_44210_(ShapedRecipe.java:278) ~[server-1.20.1-20230612.114412-srg.jar%23265!/:?]
	at net.minecraft.world.item.crafting.ShapedRecipe$Serializer.m_6729_(ShapedRecipe.java:306) ~[server-1.20.1-20230612.114412-srg.jar%23265!/:?]
	at net.minecraft.world.item.crafting.ShapedRecipe$Serializer.m_6729_(ShapedRecipe.java:301) ~[server-1.20.1-20230612.114412-srg.jar%23265!/:?]
	at net.minecraftforge.common.extensions.IForgeRecipeSerializer.fromJson(IForgeRecipeSerializer.java:23) ~[forge-1.20.1-47.3.7-universal.jar%23270!/:?]
	at net.minecraft.world.item.crafting.RecipeManager.fromJson(RecipeManager.java:171) ~[server-1.20.1-20230612.114412-srg.jar%23265!/:?]
	at net.minecraft.world.item.crafting.RecipeManager.m_5787_(RecipeManager.java:67) ~[server-1.20.1-20230612.114412-srg.jar%23265!/:?]
	at net.minecraft.world.item.crafting.RecipeManager.m_5787_(RecipeManager.java:34) ~[server-1.20.1-20230612.114412-srg.jar%23265!/:?]
	at net.minecraft.server.packs.resources.SimplePreparableReloadListener.m_10789_(SimplePreparableReloadListener.java:13) ~[server-1.20.1-20230612.114412-srg.jar%23265!/:?]
	at java.util.concurrent.CompletableFuture$UniAccept.tryFire(CompletableFuture.java:718) ~[?:?]
	at java.util.concurrent.CompletableFuture$Completion.run(CompletableFuture.java:482) ~[?:?]
	at net.minecraft.server.packs.resources.SimpleReloadInstance.m_143940_(SimpleReloadInstance.java:69) ~[server-1.20.1-20230612.114412-srg.jar%23265!/:?]
	at net.minecraft.Util.m_214652_(Util.java:783) ~[server-1.20.1-20230612.114412-srg.jar%23265!/:?]
	at net.minecraft.Util.m_214679_(Util.java:772) ~[server-1.20.1-20230612.114412-srg.jar%23265!/:?]
	at net.minecraft.server.Main.main(Main.java:166) ~[server-1.20.1-20230612.114412-srg.jar%23265!/:?]
	at jdk.internal.reflect.NativeMethodAccessorImpl.invoke0(Native Method) ~[?:?]
	at jdk.internal.reflect.NativeMethodAccessorImpl.invoke(NativeMethodAccessorImpl.java:77) ~[?:?]
	at jdk.internal.reflect.DelegatingMethodAccessorImpl.invoke(DelegatingMethodAccessorImpl.java:43) ~[?:?]
	at java.lang.reflect.Method.invoke(Method.java:569) ~[?:?]
	at net.minecraftforge.fml.loading.targets.CommonLaunchHandler.runTarget(CommonLaunchHandler.java:111) ~[fmlloader-1.20.1-47.3.7.jar%2369!/:?]
	at net.minecraftforge.fml.loading.targets.CommonLaunchHandler.serverService(CommonLaunchHandler.java:103) ~[fmlloader-1.20.1-47.3.7.jar%2369!/:?]
	at net.minecraftforge.fml.loading.targets.CommonServerLaunchHandler.lambda$makeService$0(CommonServerLaunchHandler.java:27) ~[fmlloader-1.20.1-47.3.7.jar%2369!/:?]
	at cpw.mods.modlauncher.LaunchServiceHandlerDecorator.launch(LaunchServiceHandlerDecorator.java:30) ~[modlauncher-10.0.9.jar%2355!/:?]
	at cpw.mods.modlauncher.LaunchServiceHandler.launch(LaunchServiceHandler.java:53) ~[modlauncher-10.0.9.jar%2355!/:?]
	at cpw.mods.modlauncher.LaunchServiceHandler.launch(LaunchServiceHandler.java:71) ~[modlauncher-10.0.9.jar%2355!/:?]
	at cpw.mods.modlauncher.Launcher.run(Launcher.java:108) ~[modlauncher-10.0.9.jar%2355!/:?]
	at cpw.mods.modlauncher.Launcher.main(Launcher.java:78) ~[modlauncher-10.0.9.jar%2355!/:?]
	at cpw.mods.modlauncher.BootstrapLaunchConsumer.accept(BootstrapLaunchConsumer.java:26) ~[modlauncher-10.0.9.jar%2355!/:?]
	at cpw.mods.modlauncher.BootstrapLaunchConsumer.accept(BootstrapLaunchConsumer.java:23) ~[modlauncher-10.0.9.jar%2355!/:?]
	at cpw.mods.bootstraplauncher.BootstrapLauncher.main(BootstrapLauncher.java:141) ~[bootstraplauncher-1.1.2.jar:?]
[01Jan2026 20:59:50.934] [main/INFO] [net.minecraft.world.item.crafting.RecipeManager/]: Skipping loading recipe endergetic:chiseled_poise_bookshelf as it's serializer returned null
[01Jan2026 20:59:50.935] [main/INFO] [net.minecraft.world.item.crafting.RecipeManager/]: Skipping loading recipe endergetic:poise_planks_from_poise_stems_sawing as it's serializer returned null
[01Jan2026 20:59:50.936] [main/INFO] [net.minecraft.world.item.crafting.RecipeManager/]: Skipping loading recipe endergetic:eumus_brick_from_baking as it's serializer returned null
[01Jan2026 20:59:50.943] [main/ERROR] [net.minecraft.world.item.crafting.RecipeManager/]: Parsing error loading recipe dungeons_and_combat:tin_greathammer_recipe
com.google.gson.JsonSyntaxException: Unknown item 'tohiro_ores:tin_ingot'
	at net.minecraft.world.item.crafting.ShapedRecipe.m_151280_(ShapedRecipe.java:292) ~[server-1.20.1-20230612.114412-srg.jar%23265!/:?]
	at java.util.Optional.orElseThrow(Optional.java:403) ~[?:?]
	at net.minecraft.world.item.crafting.ShapedRecipe.m_151278_(ShapedRecipe.java:291) ~[server-1.20.1-20230612.114412-srg.jar%23265!/:?]
	at net.minecraft.world.item.crafting.Ingredient.m_43919_(Ingredient.java:219) ~[server-1.20.1-20230612.114412-srg.jar%23265!/:?]
	at net.minecraftforge.common.crafting.VanillaIngredientSerializer.parse(VanillaIngredientSerializer.java:27) ~[forge-1.20.1-47.3.7-universal.jar%23270!/:?]
	at net.minecraftforge.common.crafting.CraftingHelper.getIngredient(CraftingHelper.java:148) ~[forge-1.20.1-47.3.7-universal.jar%23270!/:?]
	at net.minecraft.world.item.crafting.Ingredient.m_288218_(Ingredient.java:194) ~[server-1.20.1-20230612.114412-srg.jar%23265!/:?]
	at net.minecraft.world.item.crafting.ShapedRecipe.m_44210_(ShapedRecipe.java:278) ~[server-1.20.1-20230612.114412-srg.jar%23265!/:?]
	at net.minecraft.world.item.crafting.ShapedRecipe$Serializer.m_6729_(ShapedRecipe.java:306) ~[server-1.20.1-20230612.114412-srg.jar%23265!/:?]
	at net.minecraft.world.item.crafting.ShapedRecipe$Serializer.m_6729_(ShapedRecipe.java:301) ~[server-1.20.1-20230612.114412-srg.jar%23265!/:?]
	at net.minecraftforge.common.extensions.IForgeRecipeSerializer.fromJson(IForgeRecipeSerializer.java:23) ~[forge-1.20.1-47.3.7-universal.jar%23270!/:?]
	at net.minecraft.world.item.crafting.RecipeManager.fromJson(RecipeManager.java:171) ~[server-1.20.1-20230612.114412-srg.jar%23265!/:?]
	at net.minecraft.world.item.crafting.RecipeManager.m_5787_(RecipeManager.java:67) ~[server-1.20.1-20230612.114412-srg.jar%23265!/:?]
	at net.minecraft.world.item.crafting.RecipeManager.m_5787_(RecipeManager.java:34) ~[server-1.20.1-20230612.114412-srg.jar%23265!/:?]
	at net.minecraft.server.packs.resources.SimplePreparableReloadListener.m_10789_(SimplePreparableReloadListener.java:13) ~[server-1.20.1-20230612.114412-srg.jar%23265!/:?]
	at java.util.concurrent.CompletableFuture$UniAccept.tryFire(CompletableFuture.java:718) ~[?:?]
	at java.util.concurrent.CompletableFuture$Completion.run(CompletableFuture.java:482) ~[?:?]
	at net.minecraft.server.packs.resources.SimpleReloadInstance.m_143940_(SimpleReloadInstance.java:69) ~[server-1.20.1-20230612.114412-srg.jar%23265!/:?]
	at net.minecraft.Util.m_214652_(Util.java:783) ~[server-1.20.1-20230612.114412-srg.jar%23265!/:?]
	at net.minecraft.Util.m_214679_(Util.java:772) ~[server-1.20.1-20230612.114412-srg.jar%23265!/:?]
	at net.minecraft.server.Main.main(Main.java:166) ~[server-1.20.1-20230612.114412-srg.jar%23265!/:?]
	at jdk.internal.reflect.NativeMethodAccessorImpl.invoke0(Native Method) ~[?:?]
	at jdk.internal.reflect.NativeMethodAccessorImpl.invoke(NativeMethodAccessorImpl.java:77) ~[?:?]
	at jdk.internal.reflect.DelegatingMethodAccessorImpl.invoke(DelegatingMethodAccessorImpl.java:43) ~[?:?]
	at java.lang.reflect.Method.invoke(Method.java:569) ~[?:?]
	at net.minecraftforge.fml.loading.targets.CommonLaunchHandler.runTarget(CommonLaunchHandler.java:111) ~[fmlloader-1.20.1-47.3.7.jar%2369!/:?]
	at net.minecraftforge.fml.loading.targets.CommonLaunchHandler.serverService(CommonLaunchHandler.java:103) ~[fmlloader-1.20.1-47.3.7.jar%2369!/:?]
	at net.minecraftforge.fml.loading.targets.CommonServerLaunchHandler.lambda$makeService$0(CommonServerLaunchHandler.java:27) ~[fmlloader-1.20.1-47.3.7.jar%2369!/:?]
	at cpw.mods.modlauncher.LaunchServiceHandlerDecorator.launch(LaunchServiceHandlerDecorator.java:30) ~[modlauncher-10.0.9.jar%2355!/:?]
	at cpw.mods.modlauncher.LaunchServiceHandler.launch(LaunchServiceHandler.java:53) ~[modlauncher-10.0.9.jar%2355!/:?]
	at cpw.mods.modlauncher.LaunchServiceHandler.launch(LaunchServiceHandler.java:71) ~[modlauncher-10.0.9.jar%2355!/:?]
	at cpw.mods.modlauncher.Launcher.run(Launcher.java:108) ~[modlauncher-10.0.9.jar%2355!/:?]
	at cpw.mods.modlauncher.Launcher.main(Launcher.java:78) ~[modlauncher-10.0.9.jar%2355!/:?]
	at cpw.mods.modlauncher.BootstrapLaunchConsumer.accept(BootstrapLaunchConsumer.java:26) ~[modlauncher-10.0.9.jar%2355!/:?]
	at cpw.mods.modlauncher.BootstrapLaunchConsumer.accept(BootstrapLaunchConsumer.java:23) ~[modlauncher-10.0.9.jar%2355!/:?]
	at cpw.mods.bootstraplauncher.BootstrapLauncher.main(BootstrapLauncher.java:141) ~[bootstraplauncher-1.1.2.jar:?]
[01Jan2026 20:59:50.946] [main/ERROR] [net.minecraft.world.item.crafting.RecipeManager/]: Parsing error loading recipe mofus_better_end_:end_engine_recipe
com.google.gson.JsonSyntaxException: Unknown item 'mofus_better_end_:deleted_mod_element'
	at net.minecraftforge.common.crafting.CraftingHelper.getItem(CraftingHelper.java:160) ~[forge-1.20.1-47.3.7-universal.jar%23270!/:?]
	at net.minecraftforge.common.crafting.CraftingHelper.getItemStack(CraftingHelper.java:186) ~[forge-1.20.1-47.3.7-universal.jar%23270!/:?]
	at net.minecraft.world.item.crafting.ShapedRecipe.m_151274_(ShapedRecipe.java:286) ~[server-1.20.1-20230612.114412-srg.jar%23265!/:?]
	at net.minecraft.world.item.crafting.ShapedRecipe$Serializer.m_6729_(ShapedRecipe.java:311) ~[server-1.20.1-20230612.114412-srg.jar%23265!/:?]
	at net.minecraft.world.item.crafting.ShapedRecipe$Serializer.m_6729_(ShapedRecipe.java:301) ~[server-1.20.1-20230612.114412-srg.jar%23265!/:?]
	at net.minecraftforge.common.extensions.IForgeRecipeSerializer.fromJson(IForgeRecipeSerializer.java:23) ~[forge-1.20.1-47.3.7-universal.jar%23270!/:?]
	at net.minecraft.world.item.crafting.RecipeManager.fromJson(RecipeManager.java:171) ~[server-1.20.1-20230612.114412-srg.jar%23265!/:?]
	at net.minecraft.world.item.crafting.RecipeManager.m_5787_(RecipeManager.java:67) ~[server-1.20.1-20230612.114412-srg.jar%23265!/:?]
	at net.minecraft.world.item.crafting.RecipeManager.m_5787_(RecipeManager.java:34) ~[server-1.20.1-20230612.114412-srg.jar%23265!/:?]
	at net.minecraft.server.packs.resources.SimplePreparableReloadListener.m_10789_(SimplePreparableReloadListener.java:13) ~[server-1.20.1-20230612.114412-srg.jar%23265!/:?]
	at java.util.concurrent.CompletableFuture$UniAccept.tryFire(CompletableFuture.java:718) ~[?:?]
	at java.util.concurrent.CompletableFuture$Completion.run(CompletableFuture.java:482) ~[?:?]
	at net.minecraft.server.packs.resources.SimpleReloadInstance.m_143940_(SimpleReloadInstance.java:69) ~[server-1.20.1-20230612.114412-srg.jar%23265!/:?]
	at net.minecraft.Util.m_214652_(Util.java:783) ~[server-1.20.1-20230612.114412-srg.jar%23265!/:?]
	at net.minecraft.Util.m_214679_(Util.java:772) ~[server-1.20.1-20230612.114412-srg.jar%23265!/:?]
	at net.minecraft.server.Main.main(Main.java:166) ~[server-1.20.1-20230612.114412-srg.jar%23265!/:?]
	at jdk.internal.reflect.NativeMethodAccessorImpl.invoke0(Native Method) ~[?:?]
	at jdk.internal.reflect.NativeMethodAccessorImpl.invoke(NativeMethodAccessorImpl.java:77) ~[?:?]
	at jdk.internal.reflect.DelegatingMethodAccessorImpl.invoke(DelegatingMethodAccessorImpl.java:43) ~[?:?]
	at java.lang.reflect.Method.invoke(Method.java:569) ~[?:?]
	at net.minecraftforge.fml.loading.targets.CommonLaunchHandler.runTarget(CommonLaunchHandler.java:111) ~[fmlloader-1.20.1-47.3.7.jar%2369!/:?]
	at net.minecraftforge.fml.loading.targets.CommonLaunchHandler.serverService(CommonLaunchHandler.java:103) ~[fmlloader-1.20.1-47.3.7.jar%2369!/:?]
	at net.minecraftforge.fml.loading.targets.CommonServerLaunchHandler.lambda$makeService$0(CommonServerLaunchHandler.java:27) ~[fmlloader-1.20.1-47.3.7.jar%2369!/:?]
	at cpw.mods.modlauncher.LaunchServiceHandlerDecorator.launch(LaunchServiceHandlerDecorator.java:30) ~[modlauncher-10.0.9.jar%2355!/:?]
	at cpw.mods.modlauncher.LaunchServiceHandler.launch(LaunchServiceHandler.java:53) ~[modlauncher-10.0.9.jar%2355!/:?]
	at cpw.mods.modlauncher.LaunchServiceHandler.launch(LaunchServiceHandler.java:71) ~[modlauncher-10.0.9.jar%2355!/:?]
	at cpw.mods.modlauncher.Launcher.run(Launcher.java:108) ~[modlauncher-10.0.9.jar%2355!/:?]
	at cpw.mods.modlauncher.Launcher.main(Launcher.java:78) ~[modlauncher-10.0.9.jar%2355!/:?]
	at cpw.mods.modlauncher.BootstrapLaunchConsumer.accept(BootstrapLaunchConsumer.java:26) ~[modlauncher-10.0.9.jar%2355!/:?]
	at cpw.mods.modlauncher.BootstrapLaunchConsumer.accept(BootstrapLaunchConsumer.java:23) ~[modlauncher-10.0.9.jar%2355!/:?]
	at cpw.mods.bootstraplauncher.BootstrapLauncher.main(BootstrapLauncher.java:141) ~[bootstraplauncher-1.1.2.jar:?]
[01Jan2026 20:59:50.948] [main/ERROR] [net.minecraft.world.item.crafting.RecipeManager/]: Parsing error loading recipe dungeons_and_combat:tin_shield_recipe
com.google.gson.JsonSyntaxException: Unknown item 'tohiro_ores:tin_ingot'
	at net.minecraft.world.item.crafting.ShapedRecipe.m_151280_(ShapedRecipe.java:292) ~[server-1.20.1-20230612.114412-srg.jar%23265!/:?]
	at java.util.Optional.orElseThrow(Optional.java:403) ~[?:?]
	at net.minecraft.world.item.crafting.ShapedRecipe.m_151278_(ShapedRecipe.java:291) ~[server-1.20.1-20230612.114412-srg.jar%23265!/:?]
	at net.minecraft.world.item.crafting.Ingredient.m_43919_(Ingredient.java:219) ~[server-1.20.1-20230612.114412-srg.jar%23265!/:?]
	at net.minecraftforge.common.crafting.VanillaIngredientSerializer.parse(VanillaIngredientSerializer.java:27) ~[forge-1.20.1-47.3.7-universal.jar%23270!/:?]
	at net.minecraftforge.common.crafting.CraftingHelper.getIngredient(CraftingHelper.java:148) ~[forge-1.20.1-47.3.7-universal.jar%23270!/:?]
	at net.minecraft.world.item.crafting.Ingredient.m_288218_(Ingredient.java:194) ~[server-1.20.1-20230612.114412-srg.jar%23265!/:?]
	at net.minecraft.world.item.crafting.ShapedRecipe.m_44210_(ShapedRecipe.java:278) ~[server-1.20.1-20230612.114412-srg.jar%23265!/:?]
	at net.minecraft.world.item.crafting.ShapedRecipe$Serializer.m_6729_(ShapedRecipe.java:306) ~[server-1.20.1-20230612.114412-srg.jar%23265!/:?]
	at net.minecraft.world.item.crafting.ShapedRecipe$Serializer.m_6729_(ShapedRecipe.java:301) ~[server-1.20.1-20230612.114412-srg.jar%23265!/:?]
	at net.minecraftforge.common.extensions.IForgeRecipeSerializer.fromJson(IForgeRecipeSerializer.java:23) ~[forge-1.20.1-47.3.7-universal.jar%23270!/:?]
	at net.minecraft.world.item.crafting.RecipeManager.fromJson(RecipeManager.java:171) ~[server-1.20.1-20230612.114412-srg.jar%23265!/:?]
	at net.minecraft.world.item.crafting.RecipeManager.m_5787_(RecipeManager.java:67) ~[server-1.20.1-20230612.114412-srg.jar%23265!/:?]
	at net.minecraft.world.item.crafting.RecipeManager.m_5787_(RecipeManager.java:34) ~[server-1.20.1-20230612.114412-srg.jar%23265!/:?]
	at net.minecraft.server.packs.resources.SimplePreparableReloadListener.m_10789_(SimplePreparableReloadListener.java:13) ~[server-1.20.1-20230612.114412-srg.jar%23265!/:?]
	at java.util.concurrent.CompletableFuture$UniAccept.tryFire(CompletableFuture.java:718) ~[?:?]
	at java.util.concurrent.CompletableFuture$Completion.run(CompletableFuture.java:482) ~[?:?]
	at net.minecraft.server.packs.resources.SimpleReloadInstance.m_143940_(SimpleReloadInstance.java:69) ~[server-1.20.1-20230612.114412-srg.jar%23265!/:?]
	at net.minecraft.Util.m_214652_(Util.java:783) ~[server-1.20.1-20230612.114412-srg.jar%23265!/:?]
	at net.minecraft.Util.m_214679_(Util.java:772) ~[server-1.20.1-20230612.114412-srg.jar%23265!/:?]
	at net.minecraft.server.Main.main(Main.java:166) ~[server-1.20.1-20230612.114412-srg.jar%23265!/:?]
	at jdk.internal.reflect.NativeMethodAccessorImpl.invoke0(Native Method) ~[?:?]
	at jdk.internal.reflect.NativeMethodAccessorImpl.invoke(NativeMethodAccessorImpl.java:77) ~[?:?]
	at jdk.internal.reflect.DelegatingMethodAccessorImpl.invoke(DelegatingMethodAccessorImpl.java:43) ~[?:?]
	at java.lang.reflect.Method.invoke(Method.java:569) ~[?:?]
	at net.minecraftforge.fml.loading.targets.CommonLaunchHandler.runTarget(CommonLaunchHandler.java:111) ~[fmlloader-1.20.1-47.3.7.jar%2369!/:?]
	at net.minecraftforge.fml.loading.targets.CommonLaunchHandler.serverService(CommonLaunchHandler.java:103) ~[fmlloader-1.20.1-47.3.7.jar%2369!/:?]
	at net.minecraftforge.fml.loading.targets.CommonServerLaunchHandler.lambda$makeService$0(CommonServerLaunchHandler.java:27) ~[fmlloader-1.20.1-47.3.7.jar%2369!/:?]
	at cpw.mods.modlauncher.LaunchServiceHandlerDecorator.launch(LaunchServiceHandlerDecorator.java:30) ~[modlauncher-10.0.9.jar%2355!/:?]
	at cpw.mods.modlauncher.LaunchServiceHandler.launch(LaunchServiceHandler.java:53) ~[modlauncher-10.0.9.jar%2355!/:?]
	at cpw.mods.modlauncher.LaunchServiceHandler.launch(LaunchServiceHandler.java:71) ~[modlauncher-10.0.9.jar%2355!/:?]
	at cpw.mods.modlauncher.Launcher.run(Launcher.java:108) ~[modlauncher-10.0.9.jar%2355!/:?]
	at cpw.mods.modlauncher.Launcher.main(Launcher.java:78) ~[modlauncher-10.0.9.jar%2355!/:?]
	at cpw.mods.modlauncher.BootstrapLaunchConsumer.accept(BootstrapLaunchConsumer.java:26) ~[modlauncher-10.0.9.jar%2355!/:?]
	at cpw.mods.modlauncher.BootstrapLaunchConsumer.accept(BootstrapLaunchConsumer.java:23) ~[modlauncher-10.0.9.jar%2355!/:?]
	at cpw.mods.bootstraplauncher.BootstrapLauncher.main(BootstrapLauncher.java:141) ~[bootstraplauncher-1.1.2.jar:?]
[01Jan2026 20:59:50.956] [main/ERROR] [net.minecraft.world.item.crafting.RecipeManager/]: Parsing error loading recipe dungeons_and_combat:crystal_lance_recipe
com.google.gson.JsonSyntaxException: Unknown item 'tohiro_ores:crystal_smithing_template'
	at net.minecraft.world.item.crafting.ShapedRecipe.m_151280_(ShapedRecipe.java:292) ~[server-1.20.1-20230612.114412-srg.jar%23265!/:?]
	at java.util.Optional.orElseThrow(Optional.java:403) ~[?:?]
	at net.minecraft.world.item.crafting.ShapedRecipe.m_151278_(ShapedRecipe.java:291) ~[server-1.20.1-20230612.114412-srg.jar%23265!/:?]
	at net.minecraft.world.item.crafting.Ingredient.m_43919_(Ingredient.java:219) ~[server-1.20.1-20230612.114412-srg.jar%23265!/:?]
	at net.minecraftforge.common.crafting.VanillaIngredientSerializer.parse(VanillaIngredientSerializer.java:27) ~[forge-1.20.1-47.3.7-universal.jar%23270!/:?]
	at net.minecraftforge.common.crafting.CraftingHelper.getIngredient(CraftingHelper.java:148) ~[forge-1.20.1-47.3.7-universal.jar%23270!/:?]
	at net.minecraft.world.item.crafting.Ingredient.m_288218_(Ingredient.java:194) ~[server-1.20.1-20230612.114412-srg.jar%23265!/:?]
	at net.minecraft.world.item.crafting.Ingredient.m_43917_(Ingredient.java:189) ~[server-1.20.1-20230612.114412-srg.jar%23265!/:?]
	at net.minecraft.world.item.crafting.SmithingTransformRecipe$Serializer.m_6729_(SmithingTransformRecipe.java:73) ~[server-1.20.1-20230612.114412-srg.jar%23265!/:?]
	at net.minecraft.world.item.crafting.SmithingTransformRecipe$Serializer.m_6729_(SmithingTransformRecipe.java:71) ~[server-1.20.1-20230612.114412-srg.jar%23265!/:?]
	at net.minecraftforge.common.extensions.IForgeRecipeSerializer.fromJson(IForgeRecipeSerializer.java:23) ~[forge-1.20.1-47.3.7-universal.jar%23270!/:?]
	at net.minecraft.world.item.crafting.RecipeManager.fromJson(RecipeManager.java:171) ~[server-1.20.1-20230612.114412-srg.jar%23265!/:?]
	at net.minecraft.world.item.crafting.RecipeManager.m_5787_(RecipeManager.java:67) ~[server-1.20.1-20230612.114412-srg.jar%23265!/:?]
	at net.minecraft.world.item.crafting.RecipeManager.m_5787_(RecipeManager.java:34) ~[server-1.20.1-20230612.114412-srg.jar%23265!/:?]
	at net.minecraft.server.packs.resources.SimplePreparableReloadListener.m_10789_(SimplePreparableReloadListener.java:13) ~[server-1.20.1-20230612.114412-srg.jar%23265!/:?]
	at java.util.concurrent.CompletableFuture$UniAccept.tryFire(CompletableFuture.java:718) ~[?:?]
	at java.util.concurrent.CompletableFuture$Completion.run(CompletableFuture.java:482) ~[?:?]
	at net.minecraft.server.packs.resources.SimpleReloadInstance.m_143940_(SimpleReloadInstance.java:69) ~[server-1.20.1-20230612.114412-srg.jar%23265!/:?]
	at net.minecraft.Util.m_214652_(Util.java:783) ~[server-1.20.1-20230612.114412-srg.jar%23265!/:?]
	at net.minecraft.Util.m_214679_(Util.java:772) ~[server-1.20.1-20230612.114412-srg.jar%23265!/:?]
	at net.minecraft.server.Main.main(Main.java:166) ~[server-1.20.1-20230612.114412-srg.jar%23265!/:?]
	at jdk.internal.reflect.NativeMethodAccessorImpl.invoke0(Native Method) ~[?:?]
	at jdk.internal.reflect.NativeMethodAccessorImpl.invoke(NativeMethodAccessorImpl.java:77) ~[?:?]
	at jdk.internal.reflect.DelegatingMethodAccessorImpl.invoke(DelegatingMethodAccessorImpl.java:43) ~[?:?]
	at java.lang.reflect.Method.invoke(Method.java:569) ~[?:?]
	at net.minecraftforge.fml.loading.targets.CommonLaunchHandler.runTarget(CommonLaunchHandler.java:111) ~[fmlloader-1.20.1-47.3.7.jar%2369!/:?]
	at net.minecraftforge.fml.loading.targets.CommonLaunchHandler.serverService(CommonLaunchHandler.java:103) ~[fmlloader-1.20.1-47.3.7.jar%2369!/:?]
	at net.minecraftforge.fml.loading.targets.CommonServerLaunchHandler.lambda$makeService$0(CommonServerLaunchHandler.java:27) ~[fmlloader-1.20.1-47.3.7.jar%2369!/:?]
	at cpw.mods.modlauncher.LaunchServiceHandlerDecorator.launch(LaunchServiceHandlerDecorator.java:30) ~[modlauncher-10.0.9.jar%2355!/:?]
	at cpw.mods.modlauncher.LaunchServiceHandler.launch(LaunchServiceHandler.java:53) ~[modlauncher-10.0.9.jar%2355!/:?]
	at cpw.mods.modlauncher.LaunchServiceHandler.launch(LaunchServiceHandler.java:71) ~[modlauncher-10.0.9.jar%2355!/:?]
	at cpw.mods.modlauncher.Launcher.run(Launcher.java:108) ~[modlauncher-10.0.9.jar%2355!/:?]
	at cpw.mods.modlauncher.Launcher.main(Launcher.java:78) ~[modlauncher-10.0.9.jar%2355!/:?]
	at cpw.mods.modlauncher.BootstrapLaunchConsumer.accept(BootstrapLaunchConsumer.java:26) ~[modlauncher-10.0.9.jar%2355!/:?]
	at cpw.mods.modlauncher.BootstrapLaunchConsumer.accept(BootstrapLaunchConsumer.java:23) ~[modlauncher-10.0.9.jar%2355!/:?]
	at cpw.mods.bootstraplauncher.BootstrapLauncher.main(BootstrapLauncher.java:141) ~[bootstraplauncher-1.1.2.jar:?]
[01Jan2026 20:59:50.959] [main/INFO] [net.minecraft.world.item.crafting.RecipeManager/]: Skipping loading recipe endergetic:poise_fence_gate_from_poise_stems_sawing as it's serializer returned null
[01Jan2026 20:59:50.960] [main/ERROR] [net.minecraft.world.item.crafting.RecipeManager/]: Parsing error loading recipe dungeons_and_combat:neptunium_chestplate
com.google.gson.JsonSyntaxException: Unknown item 'aquaculture:neptunium_chestplate'
	at net.minecraft.world.item.crafting.ShapedRecipe.m_151280_(ShapedRecipe.java:292) ~[server-1.20.1-20230612.114412-srg.jar%23265!/:?]
	at java.util.Optional.orElseThrow(Optional.java:403) ~[?:?]
	at net.minecraft.world.item.crafting.ShapedRecipe.m_151278_(ShapedRecipe.java:291) ~[server-1.20.1-20230612.114412-srg.jar%23265!/:?]
	at net.minecraft.world.item.crafting.Ingredient.m_43919_(Ingredient.java:219) ~[server-1.20.1-20230612.114412-srg.jar%23265!/:?]
	at net.minecraftforge.common.crafting.VanillaIngredientSerializer.parse(VanillaIngredientSerializer.java:27) ~[forge-1.20.1-47.3.7-universal.jar%23270!/:?]
	at net.minecraftforge.common.crafting.CraftingHelper.getIngredient(CraftingHelper.java:148) ~[forge-1.20.1-47.3.7-universal.jar%23270!/:?]
	at net.minecraft.world.item.crafting.Ingredient.m_288218_(Ingredient.java:194) ~[server-1.20.1-20230612.114412-srg.jar%23265!/:?]
	at net.minecraft.world.item.crafting.Ingredient.m_43917_(Ingredient.java:189) ~[server-1.20.1-20230612.114412-srg.jar%23265!/:?]
	at net.minecraft.world.item.crafting.SmithingTransformRecipe$Serializer.m_6729_(SmithingTransformRecipe.java:74) ~[server-1.20.1-20230612.114412-srg.jar%23265!/:?]
	at net.minecraft.world.item.crafting.SmithingTransformRecipe$Serializer.m_6729_(SmithingTransformRecipe.java:71) ~[server-1.20.1-20230612.114412-srg.jar%23265!/:?]
	at net.minecraftforge.common.extensions.IForgeRecipeSerializer.fromJson(IForgeRecipeSerializer.java:23) ~[forge-1.20.1-47.3.7-universal.jar%23270!/:?]
	at net.minecraft.world.item.crafting.RecipeManager.fromJson(RecipeManager.java:171) ~[server-1.20.1-20230612.114412-srg.jar%23265!/:?]
	at net.minecraft.world.item.crafting.RecipeManager.m_5787_(RecipeManager.java:67) ~[server-1.20.1-20230612.114412-srg.jar%23265!/:?]
	at net.minecraft.world.item.crafting.RecipeManager.m_5787_(RecipeManager.java:34) ~[server-1.20.1-20230612.114412-srg.jar%23265!/:?]
	at net.minecraft.server.packs.resources.SimplePreparableReloadListener.m_10789_(SimplePreparableReloadListener.java:13) ~[server-1.20.1-20230612.114412-srg.jar%23265!/:?]
	at java.util.concurrent.CompletableFuture$UniAccept.tryFire(CompletableFuture.java:718) ~[?:?]
	at java.util.concurrent.CompletableFuture$Completion.run(CompletableFuture.java:482) ~[?:?]
	at net.minecraft.server.packs.resources.SimpleReloadInstance.m_143940_(SimpleReloadInstance.java:69) ~[server-1.20.1-20230612.114412-srg.jar%23265!/:?]
	at net.minecraft.Util.m_214652_(Util.java:783) ~[server-1.20.1-20230612.114412-srg.jar%23265!/:?]
	at net.minecraft.Util.m_214679_(Util.java:772) ~[server-1.20.1-20230612.114412-srg.jar%23265!/:?]
	at net.minecraft.server.Main.main(Main.java:166) ~[server-1.20.1-20230612.114412-srg.jar%23265!/:?]
	at jdk.internal.reflect.NativeMethodAccessorImpl.invoke0(Native Method) ~[?:?]
	at jdk.internal.reflect.NativeMethodAccessorImpl.invoke(NativeMethodAccessorImpl.java:77) ~[?:?]
	at jdk.internal.reflect.DelegatingMethodAccessorImpl.invoke(DelegatingMethodAccessorImpl.java:43) ~[?:?]
	at java.lang.reflect.Method.invoke(Method.java:569) ~[?:?]
	at net.minecraftforge.fml.loading.targets.CommonLaunchHandler.runTarget(CommonLaunchHandler.java:111) ~[fmlloader-1.20.1-47.3.7.jar%2369!/:?]
	at net.minecraftforge.fml.loading.targets.CommonLaunchHandler.serverService(CommonLaunchHandler.java:103) ~[fmlloader-1.20.1-47.3.7.jar%2369!/:?]
	at net.minecraftforge.fml.loading.targets.CommonServerLaunchHandler.lambda$makeService$0(CommonServerLaunchHandler.java:27) ~[fmlloader-1.20.1-47.3.7.jar%2369!/:?]
	at cpw.mods.modlauncher.LaunchServiceHandlerDecorator.launch(LaunchServiceHandlerDecorator.java:30) ~[modlauncher-10.0.9.jar%2355!/:?]
	at cpw.mods.modlauncher.LaunchServiceHandler.launch(LaunchServiceHandler.java:53) ~[modlauncher-10.0.9.jar%2355!/:?]
	at cpw.mods.modlauncher.LaunchServiceHandler.launch(LaunchServiceHandler.java:71) ~[modlauncher-10.0.9.jar%2355!/:?]
	at cpw.mods.modlauncher.Launcher.run(Launcher.java:108) ~[modlauncher-10.0.9.jar%2355!/:?]
	at cpw.mods.modlauncher.Launcher.main(Launcher.java:78) ~[modlauncher-10.0.9.jar%2355!/:?]
	at cpw.mods.modlauncher.BootstrapLaunchConsumer.accept(BootstrapLaunchConsumer.java:26) ~[modlauncher-10.0.9.jar%2355!/:?]
	at cpw.mods.modlauncher.BootstrapLaunchConsumer.accept(BootstrapLaunchConsumer.java:23) ~[modlauncher-10.0.9.jar%2355!/:?]
	at cpw.mods.bootstraplauncher.BootstrapLauncher.main(BootstrapLauncher.java:141) ~[bootstraplauncher-1.1.2.jar:?]
[01Jan2026 20:59:50.961] [main/INFO] [net.minecraft.world.item.crafting.RecipeManager/]: Skipping loading recipe endergetic:poise_ladder as it's serializer returned null
[01Jan2026 20:59:50.962] [main/INFO] [net.minecraft.world.item.crafting.RecipeManager/]: Skipping loading recipe endergetic:poise_door_from_poise_stems_sawing as it's serializer returned null
[01Jan2026 20:59:50.963] [main/INFO] [net.minecraft.world.item.crafting.RecipeManager/]: Skipping loading recipe endergetic:trapped_poise_chest as it's serializer returned null
[01Jan2026 20:59:50.964] [main/ERROR] [net.minecraft.world.item.crafting.RecipeManager/]: Parsing error loading recipe netherdungeons:crafting/chiseled_polished_gilded_blackstone
com.google.gson.JsonSyntaxException: Unknown item 'netherdungeons:polished_gilded_blackstone_slab'
	at net.minecraft.world.item.crafting.ShapedRecipe.m_151280_(ShapedRecipe.java:292) ~[server-1.20.1-20230612.114412-srg.jar%23265!/:?]
	at java.util.Optional.orElseThrow(Optional.java:403) ~[?:?]
	at net.minecraft.world.item.crafting.ShapedRecipe.m_151278_(ShapedRecipe.java:291) ~[server-1.20.1-20230612.114412-srg.jar%23265!/:?]
	at net.minecraft.world.item.crafting.Ingredient.m_43919_(Ingredient.java:219) ~[server-1.20.1-20230612.114412-srg.jar%23265!/:?]
	at net.minecraftforge.common.crafting.VanillaIngredientSerializer.parse(VanillaIngredientSerializer.java:27) ~[forge-1.20.1-47.3.7-universal.jar%23270!/:?]
	at net.minecraftforge.common.crafting.CraftingHelper.getIngredient(CraftingHelper.java:148) ~[forge-1.20.1-47.3.7-universal.jar%23270!/:?]
	at net.minecraft.world.item.crafting.Ingredient.m_288218_(Ingredient.java:194) ~[server-1.20.1-20230612.114412-srg.jar%23265!/:?]
	at net.minecraft.world.item.crafting.ShapedRecipe.m_44210_(ShapedRecipe.java:278) ~[server-1.20.1-20230612.114412-srg.jar%23265!/:?]
	at net.minecraft.world.item.crafting.ShapedRecipe$Serializer.m_6729_(ShapedRecipe.java:306) ~[server-1.20.1-20230612.114412-srg.jar%23265!/:?]
	at net.minecraft.world.item.crafting.ShapedRecipe$Serializer.m_6729_(ShapedRecipe.java:301) ~[server-1.20.1-20230612.114412-srg.jar%23265!/:?]
	at net.minecraftforge.common.extensions.IForgeRecipeSerializer.fromJson(IForgeRecipeSerializer.java:23) ~[forge-1.20.1-47.3.7-universal.jar%23270!/:?]
	at net.minecraft.world.item.crafting.RecipeManager.fromJson(RecipeManager.java:171) ~[server-1.20.1-20230612.114412-srg.jar%23265!/:?]
	at net.minecraft.world.item.crafting.RecipeManager.m_5787_(RecipeManager.java:67) ~[server-1.20.1-20230612.114412-srg.jar%23265!/:?]
	at net.minecraft.world.item.crafting.RecipeManager.m_5787_(RecipeManager.java:34) ~[server-1.20.1-20230612.114412-srg.jar%23265!/:?]
	at net.minecraft.server.packs.resources.SimplePreparableReloadListener.m_10789_(SimplePreparableReloadListener.java:13) ~[server-1.20.1-20230612.114412-srg.jar%23265!/:?]
	at java.util.concurrent.CompletableFuture$UniAccept.tryFire(CompletableFuture.java:718) ~[?:?]
	at java.util.concurrent.CompletableFuture$Completion.run(CompletableFuture.java:482) ~[?:?]
	at net.minecraft.server.packs.resources.SimpleReloadInstance.m_143940_(SimpleReloadInstance.java:69) ~[server-1.20.1-20230612.114412-srg.jar%23265!/:?]
	at net.minecraft.Util.m_214652_(Util.java:783) ~[server-1.20.1-20230612.114412-srg.jar%23265!/:?]
	at net.minecraft.Util.m_214679_(Util.java:772) ~[server-1.20.1-20230612.114412-srg.jar%23265!/:?]
	at net.minecraft.server.Main.main(Main.java:166) ~[server-1.20.1-20230612.114412-srg.jar%23265!/:?]
	at jdk.internal.reflect.NativeMethodAccessorImpl.invoke0(Native Method) ~[?:?]
	at jdk.internal.reflect.NativeMethodAccessorImpl.invoke(NativeMethodAccessorImpl.java:77) ~[?:?]
	at jdk.internal.reflect.DelegatingMethodAccessorImpl.invoke(DelegatingMethodAccessorImpl.java:43) ~[?:?]
	at java.lang.reflect.Method.invoke(Method.java:569) ~[?:?]
	at net.minecraftforge.fml.loading.targets.CommonLaunchHandler.runTarget(CommonLaunchHandler.java:111) ~[fmlloader-1.20.1-47.3.7.jar%2369!/:?]
	at net.minecraftforge.fml.loading.targets.CommonLaunchHandler.serverService(CommonLaunchHandler.java:103) ~[fmlloader-1.20.1-47.3.7.jar%2369!/:?]
	at net.minecraftforge.fml.loading.targets.CommonServerLaunchHandler.lambda$makeService$0(CommonServerLaunchHandler.java:27) ~[fmlloader-1.20.1-47.3.7.jar%2369!/:?]
	at cpw.mods.modlauncher.LaunchServiceHandlerDecorator.launch(LaunchServiceHandlerDecorator.java:30) ~[modlauncher-10.0.9.jar%2355!/:?]
	at cpw.mods.modlauncher.LaunchServiceHandler.launch(LaunchServiceHandler.java:53) ~[modlauncher-10.0.9.jar%2355!/:?]
	at cpw.mods.modlauncher.LaunchServiceHandler.launch(LaunchServiceHandler.java:71) ~[modlauncher-10.0.9.jar%2355!/:?]
	at cpw.mods.modlauncher.Launcher.run(Launcher.java:108) ~[modlauncher-10.0.9.jar%2355!/:?]
	at cpw.mods.modlauncher.Launcher.main(Launcher.java:78) ~[modlauncher-10.0.9.jar%2355!/:?]
	at cpw.mods.modlauncher.BootstrapLaunchConsumer.accept(BootstrapLaunchConsumer.java:26) ~[modlauncher-10.0.9.jar%2355!/:?]
	at cpw.mods.modlauncher.BootstrapLaunchConsumer.accept(BootstrapLaunchConsumer.java:23) ~[modlauncher-10.0.9.jar%2355!/:?]
	at cpw.mods.bootstraplauncher.BootstrapLauncher.main(BootstrapLauncher.java:141) ~[bootstraplauncher-1.1.2.jar:?]
[01Jan2026 20:59:50.965] [main/ERROR] [net.minecraft.world.item.crafting.RecipeManager/]: Parsing error loading recipe dungeons_and_combat:cobalt_long_sword_recipe
com.google.gson.JsonSyntaxException: Unknown item 'tohiro_ores:cobalt_ingot'
	at net.minecraft.world.item.crafting.ShapedRecipe.m_151280_(ShapedRecipe.java:292) ~[server-1.20.1-20230612.114412-srg.jar%23265!/:?]
	at java.util.Optional.orElseThrow(Optional.java:403) ~[?:?]
	at net.minecraft.world.item.crafting.ShapedRecipe.m_151278_(ShapedRecipe.java:291) ~[server-1.20.1-20230612.114412-srg.jar%23265!/:?]
	at net.minecraft.world.item.crafting.Ingredient.m_43919_(Ingredient.java:219) ~[server-1.20.1-20230612.114412-srg.jar%23265!/:?]
	at net.minecraftforge.common.crafting.VanillaIngredientSerializer.parse(VanillaIngredientSerializer.java:27) ~[forge-1.20.1-47.3.7-universal.jar%23270!/:?]
	at net.minecraftforge.common.crafting.CraftingHelper.getIngredient(CraftingHelper.java:148) ~[forge-1.20.1-47.3.7-universal.jar%23270!/:?]
	at net.minecraft.world.item.crafting.Ingredient.m_288218_(Ingredient.java:194) ~[server-1.20.1-20230612.114412-srg.jar%23265!/:?]
	at net.minecraft.world.item.crafting.ShapedRecipe.m_44210_(ShapedRecipe.java:278) ~[server-1.20.1-20230612.114412-srg.jar%23265!/:?]
	at net.minecraft.world.item.crafting.ShapedRecipe$Serializer.m_6729_(ShapedRecipe.java:306) ~[server-1.20.1-20230612.114412-srg.jar%23265!/:?]
	at net.minecraft.world.item.crafting.ShapedRecipe$Serializer.m_6729_(ShapedRecipe.java:301) ~[server-1.20.1-20230612.114412-srg.jar%23265!/:?]
	at net.minecraftforge.common.extensions.IForgeRecipeSerializer.fromJson(IForgeRecipeSerializer.java:23) ~[forge-1.20.1-47.3.7-universal.jar%23270!/:?]
	at net.minecraft.world.item.crafting.RecipeManager.fromJson(RecipeManager.java:171) ~[server-1.20.1-20230612.114412-srg.jar%23265!/:?]
	at net.minecraft.world.item.crafting.RecipeManager.m_5787_(RecipeManager.java:67) ~[server-1.20.1-20230612.114412-srg.jar%23265!/:?]
	at net.minecraft.world.item.crafting.RecipeManager.m_5787_(RecipeManager.java:34) ~[server-1.20.1-20230612.114412-srg.jar%23265!/:?]
	at net.minecraft.server.packs.resources.SimplePreparableReloadListener.m_10789_(SimplePreparableReloadListener.java:13) ~[server-1.20.1-20230612.114412-srg.jar%23265!/:?]
	at java.util.concurrent.CompletableFuture$UniAccept.tryFire(CompletableFuture.java:718) ~[?:?]
	at java.util.concurrent.CompletableFuture$Completion.run(CompletableFuture.java:482) ~[?:?]
	at net.minecraft.server.packs.resources.SimpleReloadInstance.m_143940_(SimpleReloadInstance.java:69) ~[server-1.20.1-20230612.114412-srg.jar%23265!/:?]
	at net.minecraft.Util.m_214652_(Util.java:783) ~[server-1.20.1-20230612.114412-srg.jar%23265!/:?]
	at net.minecraft.Util.m_214679_(Util.java:772) ~[server-1.20.1-20230612.114412-srg.jar%23265!/:?]
	at net.minecraft.server.Main.main(Main.java:166) ~[server-1.20.1-20230612.114412-srg.jar%23265!/:?]
	at jdk.internal.reflect.NativeMethodAccessorImpl.invoke0(Native Method) ~[?:?]
	at jdk.internal.reflect.NativeMethodAccessorImpl.invoke(NativeMethodAccessorImpl.java:77) ~[?:?]
	at jdk.internal.reflect.DelegatingMethodAccessorImpl.invoke(DelegatingMethodAccessorImpl.java:43) ~[?:?]
	at java.lang.reflect.Method.invoke(Method.java:569) ~[?:?]
	at net.minecraftforge.fml.loading.targets.CommonLaunchHandler.runTarget(CommonLaunchHandler.java:111) ~[fmlloader-1.20.1-47.3.7.jar%2369!/:?]
	at net.minecraftforge.fml.loading.targets.CommonLaunchHandler.serverService(CommonLaunchHandler.java:103) ~[fmlloader-1.20.1-47.3.7.jar%2369!/:?]
	at net.minecraftforge.fml.loading.targets.CommonServerLaunchHandler.lambda$makeService$0(CommonServerLaunchHandler.java:27) ~[fmlloader-1.20.1-47.3.7.jar%2369!/:?]
	at cpw.mods.modlauncher.LaunchServiceHandlerDecorator.launch(LaunchServiceHandlerDecorator.java:30) ~[modlauncher-10.0.9.jar%2355!/:?]
	at cpw.mods.modlauncher.LaunchServiceHandler.launch(LaunchServiceHandler.java:53) ~[modlauncher-10.0.9.jar%2355!/:?]
	at cpw.mods.modlauncher.LaunchServiceHandler.launch(LaunchServiceHandler.java:71) ~[modlauncher-10.0.9.jar%2355!/:?]
	at cpw.mods.modlauncher.Launcher.run(Launcher.java:108) ~[modlauncher-10.0.9.jar%2355!/:?]
	at cpw.mods.modlauncher.Launcher.main(Launcher.java:78) ~[modlauncher-10.0.9.jar%2355!/:?]
	at cpw.mods.modlauncher.BootstrapLaunchConsumer.accept(BootstrapLaunchConsumer.java:26) ~[modlauncher-10.0.9.jar%2355!/:?]
	at cpw.mods.modlauncher.BootstrapLaunchConsumer.accept(BootstrapLaunchConsumer.java:23) ~[modlauncher-10.0.9.jar%2355!/:?]
	at cpw.mods.bootstraplauncher.BootstrapLauncher.main(BootstrapLauncher.java:141) ~[bootstraplauncher-1.1.2.jar:?]
[01Jan2026 20:59:50.968] [main/ERROR] [net.minecraft.world.item.crafting.RecipeManager/]: Parsing error loading recipe legendary_monsters:ancient_dripstone_brick_stairs_left
com.google.gson.JsonSyntaxException: Unknown item 'legendary_monsters:ancient_dripstone_brick'
	at net.minecraft.world.item.crafting.ShapedRecipe.m_151280_(ShapedRecipe.java:292) ~[server-1.20.1-20230612.114412-srg.jar%23265!/:?]
	at java.util.Optional.orElseThrow(Optional.java:403) ~[?:?]
	at net.minecraft.world.item.crafting.ShapedRecipe.m_151278_(ShapedRecipe.java:291) ~[server-1.20.1-20230612.114412-srg.jar%23265!/:?]
	at net.minecraft.world.item.crafting.Ingredient.m_43919_(Ingredient.java:219) ~[server-1.20.1-20230612.114412-srg.jar%23265!/:?]
	at net.minecraftforge.common.crafting.VanillaIngredientSerializer.parse(VanillaIngredientSerializer.java:27) ~[forge-1.20.1-47.3.7-universal.jar%23270!/:?]
	at net.minecraftforge.common.crafting.CraftingHelper.getIngredient(CraftingHelper.java:148) ~[forge-1.20.1-47.3.7-universal.jar%23270!/:?]
	at net.minecraft.world.item.crafting.Ingredient.m_288218_(Ingredient.java:194) ~[server-1.20.1-20230612.114412-srg.jar%23265!/:?]
	at net.minecraft.world.item.crafting.ShapedRecipe.m_44210_(ShapedRecipe.java:278) ~[server-1.20.1-20230612.114412-srg.jar%23265!/:?]
	at net.minecraft.world.item.crafting.ShapedRecipe$Serializer.m_6729_(ShapedRecipe.java:306) ~[server-1.20.1-20230612.114412-srg.jar%23265!/:?]
	at net.minecraft.world.item.crafting.ShapedRecipe$Serializer.m_6729_(ShapedRecipe.java:301) ~[server-1.20.1-20230612.114412-srg.jar%23265!/:?]
	at net.minecraftforge.common.extensions.IForgeRecipeSerializer.fromJson(IForgeRecipeSerializer.java:23) ~[forge-1.20.1-47.3.7-universal.jar%23270!/:?]
	at net.minecraft.world.item.crafting.RecipeManager.fromJson(RecipeManager.java:171) ~[server-1.20.1-20230612.114412-srg.jar%23265!/:?]
	at net.minecraft.world.item.crafting.RecipeManager.m_5787_(RecipeManager.java:67) ~[server-1.20.1-20230612.114412-srg.jar%23265!/:?]
	at net.minecraft.world.item.crafting.RecipeManager.m_5787_(RecipeManager.java:34) ~[server-1.20.1-20230612.114412-srg.jar%23265!/:?]
	at net.minecraft.server.packs.resources.SimplePreparableReloadListener.m_10789_(SimplePreparableReloadListener.java:13) ~[server-1.20.1-20230612.114412-srg.jar%23265!/:?]
	at java.util.concurrent.CompletableFuture$UniAccept.tryFire(CompletableFuture.java:718) ~[?:?]
	at java.util.concurrent.CompletableFuture$Completion.run(CompletableFuture.java:482) ~[?:?]
	at net.minecraft.server.packs.resources.SimpleReloadInstance.m_143940_(SimpleReloadInstance.java:69) ~[server-1.20.1-20230612.114412-srg.jar%23265!/:?]
	at net.minecraft.Util.m_214652_(Util.java:783) ~[server-1.20.1-20230612.114412-srg.jar%23265!/:?]
	at net.minecraft.Util.m_214679_(Util.java:772) ~[server-1.20.1-20230612.114412-srg.jar%23265!/:?]
	at net.minecraft.server.Main.main(Main.java:166) ~[server-1.20.1-20230612.114412-srg.jar%23265!/:?]
	at jdk.internal.reflect.NativeMethodAccessorImpl.invoke0(Native Method) ~[?:?]
	at jdk.internal.reflect.NativeMethodAccessorImpl.invoke(NativeMethodAccessorImpl.java:77) ~[?:?]
	at jdk.internal.reflect.DelegatingMethodAccessorImpl.invoke(DelegatingMethodAccessorImpl.java:43) ~[?:?]
	at java.lang.reflect.Method.invoke(Method.java:569) ~[?:?]
	at net.minecraftforge.fml.loading.targets.CommonLaunchHandler.runTarget(CommonLaunchHandler.java:111) ~[fmlloader-1.20.1-47.3.7.jar%2369!/:?]
	at net.minecraftforge.fml.loading.targets.CommonLaunchHandler.serverService(CommonLaunchHandler.java:103) ~[fmlloader-1.20.1-47.3.7.jar%2369!/:?]
	at net.minecraftforge.fml.loading.targets.CommonServerLaunchHandler.lambda$makeService$0(CommonServerLaunchHandler.java:27) ~[fmlloader-1.20.1-47.3.7.jar%2369!/:?]
	at cpw.mods.modlauncher.LaunchServiceHandlerDecorator.launch(LaunchServiceHandlerDecorator.java:30) ~[modlauncher-10.0.9.jar%2355!/:?]
	at cpw.mods.modlauncher.LaunchServiceHandler.launch(LaunchServiceHandler.java:53) ~[modlauncher-10.0.9.jar%2355!/:?]
	at cpw.mods.modlauncher.LaunchServiceHandler.launch(LaunchServiceHandler.java:71) ~[modlauncher-10.0.9.jar%2355!/:?]
	at cpw.mods.modlauncher.Launcher.run(Launcher.java:108) ~[modlauncher-10.0.9.jar%2355!/:?]
	at cpw.mods.modlauncher.Launcher.main(Launcher.java:78) ~[modlauncher-10.0.9.jar%2355!/:?]
	at cpw.mods.modlauncher.BootstrapLaunchConsumer.accept(BootstrapLaunchConsumer.java:26) ~[modlauncher-10.0.9.jar%2355!/:?]
	at cpw.mods.modlauncher.BootstrapLaunchConsumer.accept(BootstrapLaunchConsumer.java:23) ~[modlauncher-10.0.9.jar%2355!/:?]
	at cpw.mods.bootstraplauncher.BootstrapLauncher.main(BootstrapLauncher.java:141) ~[bootstraplauncher-1.1.2.jar:?]
[01Jan2026 20:59:50.972] [main/ERROR] [net.minecraft.world.item.crafting.RecipeManager/]: Parsing error loading recipe dungeons_and_combat:neptunium_helmet
com.google.gson.JsonSyntaxException: Unknown item 'aquaculture:neptunium_helmet'
	at net.minecraft.world.item.crafting.ShapedRecipe.m_151280_(ShapedRecipe.java:292) ~[server-1.20.1-20230612.114412-srg.jar%23265!/:?]
	at java.util.Optional.orElseThrow(Optional.java:403) ~[?:?]
	at net.minecraft.world.item.crafting.ShapedRecipe.m_151278_(ShapedRecipe.java:291) ~[server-1.20.1-20230612.114412-srg.jar%23265!/:?]
	at net.minecraft.world.item.crafting.Ingredient.m_43919_(Ingredient.java:219) ~[server-1.20.1-20230612.114412-srg.jar%23265!/:?]
	at net.minecraftforge.common.crafting.VanillaIngredientSerializer.parse(VanillaIngredientSerializer.java:27) ~[forge-1.20.1-47.3.7-universal.jar%23270!/:?]
	at net.minecraftforge.common.crafting.CraftingHelper.getIngredient(CraftingHelper.java:148) ~[forge-1.20.1-47.3.7-universal.jar%23270!/:?]
	at net.minecraft.world.item.crafting.Ingredient.m_288218_(Ingredient.java:194) ~[server-1.20.1-20230612.114412-srg.jar%23265!/:?]
	at net.minecraft.world.item.crafting.Ingredient.m_43917_(Ingredient.java:189) ~[server-1.20.1-20230612.114412-srg.jar%23265!/:?]
	at net.minecraft.world.item.crafting.SmithingTransformRecipe$Serializer.m_6729_(SmithingTransformRecipe.java:74) ~[server-1.20.1-20230612.114412-srg.jar%23265!/:?]
	at net.minecraft.world.item.crafting.SmithingTransformRecipe$Serializer.m_6729_(SmithingTransformRecipe.java:71) ~[server-1.20.1-20230612.114412-srg.jar%23265!/:?]
	at net.minecraftforge.common.extensions.IForgeRecipeSerializer.fromJson(IForgeRecipeSerializer.java:23) ~[forge-1.20.1-47.3.7-universal.jar%23270!/:?]
	at net.minecraft.world.item.crafting.RecipeManager.fromJson(RecipeManager.java:171) ~[server-1.20.1-20230612.114412-srg.jar%23265!/:?]
	at net.minecraft.world.item.crafting.RecipeManager.m_5787_(RecipeManager.java:67) ~[server-1.20.1-20230612.114412-srg.jar%23265!/:?]
	at net.minecraft.world.item.crafting.RecipeManager.m_5787_(RecipeManager.java:34) ~[server-1.20.1-20230612.114412-srg.jar%23265!/:?]
	at net.minecraft.server.packs.resources.SimplePreparableReloadListener.m_10789_(SimplePreparableReloadListener.java:13) ~[server-1.20.1-20230612.114412-srg.jar%23265!/:?]
	at java.util.concurrent.CompletableFuture$UniAccept.tryFire(CompletableFuture.java:718) ~[?:?]
	at java.util.concurrent.CompletableFuture$Completion.run(CompletableFuture.java:482) ~[?:?]
	at net.minecraft.server.packs.resources.SimpleReloadInstance.m_143940_(SimpleReloadInstance.java:69) ~[server-1.20.1-20230612.114412-srg.jar%23265!/:?]
	at net.minecraft.Util.m_214652_(Util.java:783) ~[server-1.20.1-20230612.114412-srg.jar%23265!/:?]
	at net.minecraft.Util.m_214679_(Util.java:772) ~[server-1.20.1-20230612.114412-srg.jar%23265!/:?]
	at net.minecraft.server.Main.main(Main.java:166) ~[server-1.20.1-20230612.114412-srg.jar%23265!/:?]
	at jdk.internal.reflect.NativeMethodAccessorImpl.invoke0(Native Method) ~[?:?]
	at jdk.internal.reflect.NativeMethodAccessorImpl.invoke(NativeMethodAccessorImpl.java:77) ~[?:?]
	at jdk.internal.reflect.DelegatingMethodAccessorImpl.invoke(DelegatingMethodAccessorImpl.java:43) ~[?:?]
	at java.lang.reflect.Method.invoke(Method.java:569) ~[?:?]
	at net.minecraftforge.fml.loading.targets.CommonLaunchHandler.runTarget(CommonLaunchHandler.java:111) ~[fmlloader-1.20.1-47.3.7.jar%2369!/:?]
	at net.minecraftforge.fml.loading.targets.CommonLaunchHandler.serverService(CommonLaunchHandler.java:103) ~[fmlloader-1.20.1-47.3.7.jar%2369!/:?]
	at net.minecraftforge.fml.loading.targets.CommonServerLaunchHandler.lambda$makeService$0(CommonServerLaunchHandler.java:27) ~[fmlloader-1.20.1-47.3.7.jar%2369!/:?]
	at cpw.mods.modlauncher.LaunchServiceHandlerDecorator.launch(LaunchServiceHandlerDecorator.java:30) ~[modlauncher-10.0.9.jar%2355!/:?]
	at cpw.mods.modlauncher.LaunchServiceHandler.launch(LaunchServiceHandler.java:53) ~[modlauncher-10.0.9.jar%2355!/:?]
	at cpw.mods.modlauncher.LaunchServiceHandler.launch(LaunchServiceHandler.java:71) ~[modlauncher-10.0.9.jar%2355!/:?]
	at cpw.mods.modlauncher.Launcher.run(Launcher.java:108) ~[modlauncher-10.0.9.jar%2355!/:?]
	at cpw.mods.modlauncher.Launcher.main(Launcher.java:78) ~[modlauncher-10.0.9.jar%2355!/:?]
	at cpw.mods.modlauncher.BootstrapLaunchConsumer.accept(BootstrapLaunchConsumer.java:26) ~[modlauncher-10.0.9.jar%2355!/:?]
	at cpw.mods.modlauncher.BootstrapLaunchConsumer.accept(BootstrapLaunchConsumer.java:23) ~[modlauncher-10.0.9.jar%2355!/:?]
	at cpw.mods.bootstraplauncher.BootstrapLauncher.main(BootstrapLauncher.java:141) ~[bootstraplauncher-1.1.2.jar:?]
[01Jan2026 20:59:50.974] [main/INFO] [net.minecraft.world.item.crafting.RecipeManager/]: Skipping loading recipe endergetic:cracked_eumus_bricks_from_baking as it's serializer returned null
[01Jan2026 20:59:50.974] [main/ERROR] [net.minecraft.world.item.crafting.RecipeManager/]: Parsing error loading recipe legendary_monsters:purified_soul
com.google.gson.JsonSyntaxException: Invalid or unsupported recipe type 'minecraft:brewing'
	at net.minecraft.world.item.crafting.RecipeManager.m_220253_(RecipeManager.java:170) ~[server-1.20.1-20230612.114412-srg.jar%23265!/:?]
	at java.util.Optional.orElseThrow(Optional.java:403) ~[?:?]
	at net.minecraft.world.item.crafting.RecipeManager.fromJson(RecipeManager.java:169) ~[server-1.20.1-20230612.114412-srg.jar%23265!/:?]
	at net.minecraft.world.item.crafting.RecipeManager.m_5787_(RecipeManager.java:67) ~[server-1.20.1-20230612.114412-srg.jar%23265!/:?]
	at net.minecraft.world.item.crafting.RecipeManager.m_5787_(RecipeManager.java:34) ~[server-1.20.1-20230612.114412-srg.jar%23265!/:?]
	at net.minecraft.server.packs.resources.SimplePreparableReloadListener.m_10789_(SimplePreparableReloadListener.java:13) ~[server-1.20.1-20230612.114412-srg.jar%23265!/:?]
	at java.util.concurrent.CompletableFuture$UniAccept.tryFire(CompletableFuture.java:718) ~[?:?]
	at java.util.concurrent.CompletableFuture$Completion.run(CompletableFuture.java:482) ~[?:?]
	at net.minecraft.server.packs.resources.SimpleReloadInstance.m_143940_(SimpleReloadInstance.java:69) ~[server-1.20.1-20230612.114412-srg.jar%23265!/:?]
	at net.minecraft.Util.m_214652_(Util.java:783) ~[server-1.20.1-20230612.114412-srg.jar%23265!/:?]
	at net.minecraft.Util.m_214679_(Util.java:772) ~[server-1.20.1-20230612.114412-srg.jar%23265!/:?]
	at net.minecraft.server.Main.main(Main.java:166) ~[server-1.20.1-20230612.114412-srg.jar%23265!/:?]
	at jdk.internal.reflect.NativeMethodAccessorImpl.invoke0(Native Method) ~[?:?]
	at jdk.internal.reflect.NativeMethodAccessorImpl.invoke(NativeMethodAccessorImpl.java:77) ~[?:?]
	at jdk.internal.reflect.DelegatingMethodAccessorImpl.invoke(DelegatingMethodAccessorImpl.java:43) ~[?:?]
	at java.lang.reflect.Method.invoke(Method.java:569) ~[?:?]
	at net.minecraftforge.fml.loading.targets.CommonLaunchHandler.runTarget(CommonLaunchHandler.java:111) ~[fmlloader-1.20.1-47.3.7.jar%2369!/:?]
	at net.minecraftforge.fml.loading.targets.CommonLaunchHandler.serverService(CommonLaunchHandler.java:103) ~[fmlloader-1.20.1-47.3.7.jar%2369!/:?]
	at net.minecraftforge.fml.loading.targets.CommonServerLaunchHandler.lambda$makeService$0(CommonServerLaunchHandler.java:27) ~[fmlloader-1.20.1-47.3.7.jar%2369!/:?]
	at cpw.mods.modlauncher.LaunchServiceHandlerDecorator.launch(LaunchServiceHandlerDecorator.java:30) ~[modlauncher-10.0.9.jar%2355!/:?]
	at cpw.mods.modlauncher.LaunchServiceHandler.launch(LaunchServiceHandler.java:53) ~[modlauncher-10.0.9.jar%2355!/:?]
	at cpw.mods.modlauncher.LaunchServiceHandler.launch(LaunchServiceHandler.java:71) ~[modlauncher-10.0.9.jar%2355!/:?]
	at cpw.mods.modlauncher.Launcher.run(Launcher.java:108) ~[modlauncher-10.0.9.jar%2355!/:?]
	at cpw.mods.modlauncher.Launcher.main(Launcher.java:78) ~[modlauncher-10.0.9.jar%2355!/:?]
	at cpw.mods.modlauncher.BootstrapLaunchConsumer.accept(BootstrapLaunchConsumer.java:26) ~[modlauncher-10.0.9.jar%2355!/:?]
	at cpw.mods.modlauncher.BootstrapLaunchConsumer.accept(BootstrapLaunchConsumer.java:23) ~[modlauncher-10.0.9.jar%2355!/:?]
	at cpw.mods.bootstraplauncher.BootstrapLauncher.main(BootstrapLauncher.java:141) ~[bootstraplauncher-1.1.2.jar:?]
[01Jan2026 20:59:51.118] [main/INFO] [net.minecraft.world.item.crafting.RecipeManager/]: Skipping loading recipe endergetic:poise_boards as it's serializer returned null
[01Jan2026 20:59:51.119] [main/ERROR] [net.minecraft.world.item.crafting.RecipeManager/]: Parsing error loading recipe dungeons_and_combat:cobalt_shield_recipe
com.google.gson.JsonSyntaxException: Unknown item 'tohiro_ores:cobalt_ingot'
	at net.minecraft.world.item.crafting.ShapedRecipe.m_151280_(ShapedRecipe.java:292) ~[server-1.20.1-20230612.114412-srg.jar%23265!/:?]
	at java.util.Optional.orElseThrow(Optional.java:403) ~[?:?]
	at net.minecraft.world.item.crafting.ShapedRecipe.m_151278_(ShapedRecipe.java:291) ~[server-1.20.1-20230612.114412-srg.jar%23265!/:?]
	at net.minecraft.world.item.crafting.Ingredient.m_43919_(Ingredient.java:219) ~[server-1.20.1-20230612.114412-srg.jar%23265!/:?]
	at net.minecraftforge.common.crafting.VanillaIngredientSerializer.parse(VanillaIngredientSerializer.java:27) ~[forge-1.20.1-47.3.7-universal.jar%23270!/:?]
	at net.minecraftforge.common.crafting.CraftingHelper.getIngredient(CraftingHelper.java:148) ~[forge-1.20.1-47.3.7-universal.jar%23270!/:?]
	at net.minecraft.world.item.crafting.Ingredient.m_288218_(Ingredient.java:194) ~[server-1.20.1-20230612.114412-srg.jar%23265!/:?]
	at net.minecraft.world.item.crafting.ShapedRecipe.m_44210_(ShapedRecipe.java:278) ~[server-1.20.1-20230612.114412-srg.jar%23265!/:?]
	at net.minecraft.world.item.crafting.ShapedRecipe$Serializer.m_6729_(ShapedRecipe.java:306) ~[server-1.20.1-20230612.114412-srg.jar%23265!/:?]
	at net.minecraft.world.item.crafting.ShapedRecipe$Serializer.m_6729_(ShapedRecipe.java:301) ~[server-1.20.1-20230612.114412-srg.jar%23265!/:?]
	at net.minecraftforge.common.extensions.IForgeRecipeSerializer.fromJson(IForgeRecipeSerializer.java:23) ~[forge-1.20.1-47.3.7-universal.jar%23270!/:?]
	at net.minecraft.world.item.crafting.RecipeManager.fromJson(RecipeManager.java:171) ~[server-1.20.1-20230612.114412-srg.jar%23265!/:?]
	at net.minecraft.world.item.crafting.RecipeManager.m_5787_(RecipeManager.java:67) ~[server-1.20.1-20230612.114412-srg.jar%23265!/:?]
	at net.minecraft.world.item.crafting.RecipeManager.m_5787_(RecipeManager.java:34) ~[server-1.20.1-20230612.114412-srg.jar%23265!/:?]
	at net.minecraft.server.packs.resources.SimplePreparableReloadListener.m_10789_(SimplePreparableReloadListener.java:13) ~[server-1.20.1-20230612.114412-srg.jar%23265!/:?]
	at java.util.concurrent.CompletableFuture$UniAccept.tryFire(CompletableFuture.java:718) ~[?:?]
	at java.util.concurrent.CompletableFuture$Completion.run(CompletableFuture.java:482) ~[?:?]
	at net.minecraft.server.packs.resources.SimpleReloadInstance.m_143940_(SimpleReloadInstance.java:69) ~[server-1.20.1-20230612.114412-srg.jar%23265!/:?]
	at net.minecraft.Util.m_214652_(Util.java:783) ~[server-1.20.1-20230612.114412-srg.jar%23265!/:?]
	at net.minecraft.Util.m_214679_(Util.java:772) ~[server-1.20.1-20230612.114412-srg.jar%23265!/:?]
	at net.minecraft.server.Main.main(Main.java:166) ~[server-1.20.1-20230612.114412-srg.jar%23265!/:?]
	at jdk.internal.reflect.NativeMethodAccessorImpl.invoke0(Native Method) ~[?:?]
	at jdk.internal.reflect.NativeMethodAccessorImpl.invoke(NativeMethodAccessorImpl.java:77) ~[?:?]
	at jdk.internal.reflect.DelegatingMethodAccessorImpl.invoke(DelegatingMethodAccessorImpl.java:43) ~[?:?]
	at java.lang.reflect.Method.invoke(Method.java:569) ~[?:?]
	at net.minecraftforge.fml.loading.targets.CommonLaunchHandler.runTarget(CommonLaunchHandler.java:111) ~[fmlloader-1.20.1-47.3.7.jar%2369!/:?]
	at net.minecraftforge.fml.loading.targets.CommonLaunchHandler.serverService(CommonLaunchHandler.java:103) ~[fmlloader-1.20.1-47.3.7.jar%2369!/:?]
	at net.minecraftforge.fml.loading.targets.CommonServerLaunchHandler.lambda$makeService$0(CommonServerLaunchHandler.java:27) ~[fmlloader-1.20.1-47.3.7.jar%2369!/:?]
	at cpw.mods.modlauncher.LaunchServiceHandlerDecorator.launch(LaunchServiceHandlerDecorator.java:30) ~[modlauncher-10.0.9.jar%2355!/:?]
	at cpw.mods.modlauncher.LaunchServiceHandler.launch(LaunchServiceHandler.java:53) ~[modlauncher-10.0.9.jar%2355!/:?]
	at cpw.mods.modlauncher.LaunchServiceHandler.launch(LaunchServiceHandler.java:71) ~[modlauncher-10.0.9.jar%2355!/:?]
	at cpw.mods.modlauncher.Launcher.run(Launcher.java:108) ~[modlauncher-10.0.9.jar%2355!/:?]
	at cpw.mods.modlauncher.Launcher.main(Launcher.java:78) ~[modlauncher-10.0.9.jar%2355!/:?]
	at cpw.mods.modlauncher.BootstrapLaunchConsumer.accept(BootstrapLaunchConsumer.java:26) ~[modlauncher-10.0.9.jar%2355!/:?]
	at cpw.mods.modlauncher.BootstrapLaunchConsumer.accept(BootstrapLaunchConsumer.java:23) ~[modlauncher-10.0.9.jar%2355!/:?]
	at cpw.mods.bootstraplauncher.BootstrapLauncher.main(BootstrapLauncher.java:141) ~[bootstraplauncher-1.1.2.jar:?]
[01Jan2026 20:59:51.121] [main/ERROR] [net.minecraft.world.item.crafting.RecipeManager/]: Parsing error loading recipe dungeons_and_combat:wulfrum_rapier_recipe
com.google.gson.JsonSyntaxException: Unknown item 'tohiro_ores:wulfrum_ingot'
	at net.minecraft.world.item.crafting.ShapedRecipe.m_151280_(ShapedRecipe.java:292) ~[server-1.20.1-20230612.114412-srg.jar%23265!/:?]
	at java.util.Optional.orElseThrow(Optional.java:403) ~[?:?]
	at net.minecraft.world.item.crafting.ShapedRecipe.m_151278_(ShapedRecipe.java:291) ~[server-1.20.1-20230612.114412-srg.jar%23265!/:?]
	at net.minecraft.world.item.crafting.Ingredient.m_43919_(Ingredient.java:219) ~[server-1.20.1-20230612.114412-srg.jar%23265!/:?]
	at net.minecraftforge.common.crafting.VanillaIngredientSerializer.parse(VanillaIngredientSerializer.java:27) ~[forge-1.20.1-47.3.7-universal.jar%23270!/:?]
	at net.minecraftforge.common.crafting.CraftingHelper.getIngredient(CraftingHelper.java:148) ~[forge-1.20.1-47.3.7-universal.jar%23270!/:?]
	at net.minecraft.world.item.crafting.Ingredient.m_288218_(Ingredient.java:194) ~[server-1.20.1-20230612.114412-srg.jar%23265!/:?]
	at net.minecraft.world.item.crafting.ShapedRecipe.m_44210_(ShapedRecipe.java:278) ~[server-1.20.1-20230612.114412-srg.jar%23265!/:?]
	at net.minecraft.world.item.crafting.ShapedRecipe$Serializer.m_6729_(ShapedRecipe.java:306) ~[server-1.20.1-20230612.114412-srg.jar%23265!/:?]
	at net.minecraft.world.item.crafting.ShapedRecipe$Serializer.m_6729_(ShapedRecipe.java:301) ~[server-1.20.1-20230612.114412-srg.jar%23265!/:?]
	at net.minecraftforge.common.extensions.IForgeRecipeSerializer.fromJson(IForgeRecipeSerializer.java:23) ~[forge-1.20.1-47.3.7-universal.jar%23270!/:?]
	at net.minecraft.world.item.crafting.RecipeManager.fromJson(RecipeManager.java:171) ~[server-1.20.1-20230612.114412-srg.jar%23265!/:?]
	at net.minecraft.world.item.crafting.RecipeManager.m_5787_(RecipeManager.java:67) ~[server-1.20.1-20230612.114412-srg.jar%23265!/:?]
	at net.minecraft.world.item.crafting.RecipeManager.m_5787_(RecipeManager.java:34) ~[server-1.20.1-20230612.114412-srg.jar%23265!/:?]
	at net.minecraft.server.packs.resources.SimplePreparableReloadListener.m_10789_(SimplePreparableReloadListener.java:13) ~[server-1.20.1-20230612.114412-srg.jar%23265!/:?]
	at java.util.concurrent.CompletableFuture$UniAccept.tryFire(CompletableFuture.java:718) ~[?:?]
	at java.util.concurrent.CompletableFuture$Completion.run(CompletableFuture.java:482) ~[?:?]
	at net.minecraft.server.packs.resources.SimpleReloadInstance.m_143940_(SimpleReloadInstance.java:69) ~[server-1.20.1-20230612.114412-srg.jar%23265!/:?]
	at net.minecraft.Util.m_214652_(Util.java:783) ~[server-1.20.1-20230612.114412-srg.jar%23265!/:?]
	at net.minecraft.Util.m_214679_(Util.java:772) ~[server-1.20.1-20230612.114412-srg.jar%23265!/:?]
	at net.minecraft.server.Main.main(Main.java:166) ~[server-1.20.1-20230612.114412-srg.jar%23265!/:?]
	at jdk.internal.reflect.NativeMethodAccessorImpl.invoke0(Native Method) ~[?:?]
	at jdk.internal.reflect.NativeMethodAccessorImpl.invoke(NativeMethodAccessorImpl.java:77) ~[?:?]
	at jdk.internal.reflect.DelegatingMethodAccessorImpl.invoke(DelegatingMethodAccessorImpl.java:43) ~[?:?]
	at java.lang.reflect.Method.invoke(Method.java:569) ~[?:?]
	at net.minecraftforge.fml.loading.targets.CommonLaunchHandler.runTarget(CommonLaunchHandler.java:111) ~[fmlloader-1.20.1-47.3.7.jar%2369!/:?]
	at net.minecraftforge.fml.loading.targets.CommonLaunchHandler.serverService(CommonLaunchHandler.java:103) ~[fmlloader-1.20.1-47.3.7.jar%2369!/:?]
	at net.minecraftforge.fml.loading.targets.CommonServerLaunchHandler.lambda$makeService$0(CommonServerLaunchHandler.java:27) ~[fmlloader-1.20.1-47.3.7.jar%2369!/:?]
	at cpw.mods.modlauncher.LaunchServiceHandlerDecorator.launch(LaunchServiceHandlerDecorator.java:30) ~[modlauncher-10.0.9.jar%2355!/:?]
	at cpw.mods.modlauncher.LaunchServiceHandler.launch(LaunchServiceHandler.java:53) ~[modlauncher-10.0.9.jar%2355!/:?]
	at cpw.mods.modlauncher.LaunchServiceHandler.launch(LaunchServiceHandler.java:71) ~[modlauncher-10.0.9.jar%2355!/:?]
	at cpw.mods.modlauncher.Launcher.run(Launcher.java:108) ~[modlauncher-10.0.9.jar%2355!/:?]
	at cpw.mods.modlauncher.Launcher.main(Launcher.java:78) ~[modlauncher-10.0.9.jar%2355!/:?]
	at cpw.mods.modlauncher.BootstrapLaunchConsumer.accept(BootstrapLaunchConsumer.java:26) ~[modlauncher-10.0.9.jar%2355!/:?]
	at cpw.mods.modlauncher.BootstrapLaunchConsumer.accept(BootstrapLaunchConsumer.java:23) ~[modlauncher-10.0.9.jar%2355!/:?]
	at cpw.mods.bootstraplauncher.BootstrapLauncher.main(BootstrapLauncher.java:141) ~[bootstraplauncher-1.1.2.jar:?]
[01Jan2026 20:59:51.123] [main/ERROR] [net.minecraft.world.item.crafting.RecipeManager/]: Parsing error loading recipe dungeons_and_combat:wulfrum_greatsword_recipe
com.google.gson.JsonSyntaxException: Unknown item 'tohiro_ores:wulfrum_ingot'
	at net.minecraft.world.item.crafting.ShapedRecipe.m_151280_(ShapedRecipe.java:292) ~[server-1.20.1-20230612.114412-srg.jar%23265!/:?]
	at java.util.Optional.orElseThrow(Optional.java:403) ~[?:?]
	at net.minecraft.world.item.crafting.ShapedRecipe.m_151278_(ShapedRecipe.java:291) ~[server-1.20.1-20230612.114412-srg.jar%23265!/:?]
	at net.minecraft.world.item.crafting.Ingredient.m_43919_(Ingredient.java:219) ~[server-1.20.1-20230612.114412-srg.jar%23265!/:?]
	at net.minecraftforge.common.crafting.VanillaIngredientSerializer.parse(VanillaIngredientSerializer.java:27) ~[forge-1.20.1-47.3.7-universal.jar%23270!/:?]
	at net.minecraftforge.common.crafting.CraftingHelper.getIngredient(CraftingHelper.java:148) ~[forge-1.20.1-47.3.7-universal.jar%23270!/:?]
	at net.minecraft.world.item.crafting.Ingredient.m_288218_(Ingredient.java:194) ~[server-1.20.1-20230612.114412-srg.jar%23265!/:?]
	at net.minecraft.world.item.crafting.ShapedRecipe.m_44210_(ShapedRecipe.java:278) ~[server-1.20.1-20230612.114412-srg.jar%23265!/:?]
	at net.minecraft.world.item.crafting.ShapedRecipe$Serializer.m_6729_(ShapedRecipe.java:306) ~[server-1.20.1-20230612.114412-srg.jar%23265!/:?]
	at net.minecraft.world.item.crafting.ShapedRecipe$Serializer.m_6729_(ShapedRecipe.java:301) ~[server-1.20.1-20230612.114412-srg.jar%23265!/:?]
	at net.minecraftforge.common.extensions.IForgeRecipeSerializer.fromJson(IForgeRecipeSerializer.java:23) ~[forge-1.20.1-47.3.7-universal.jar%23270!/:?]
	at net.minecraft.world.item.crafting.RecipeManager.fromJson(RecipeManager.java:171) ~[server-1.20.1-20230612.114412-srg.jar%23265!/:?]
	at net.minecraft.world.item.crafting.RecipeManager.m_5787_(RecipeManager.java:67) ~[server-1.20.1-20230612.114412-srg.jar%23265!/:?]
	at net.minecraft.world.item.crafting.RecipeManager.m_5787_(RecipeManager.java:34) ~[server-1.20.1-20230612.114412-srg.jar%23265!/:?]
	at net.minecraft.server.packs.resources.SimplePreparableReloadListener.m_10789_(SimplePreparableReloadListener.java:13) ~[server-1.20.1-20230612.114412-srg.jar%23265!/:?]
	at java.util.concurrent.CompletableFuture$UniAccept.tryFire(CompletableFuture.java:718) ~[?:?]
	at java.util.concurrent.CompletableFuture$Completion.run(CompletableFuture.java:482) ~[?:?]
	at net.minecraft.server.packs.resources.SimpleReloadInstance.m_143940_(SimpleReloadInstance.java:69) ~[server-1.20.1-20230612.114412-srg.jar%23265!/:?]
	at net.minecraft.Util.m_214652_(Util.java:783) ~[server-1.20.1-20230612.114412-srg.jar%23265!/:?]
	at net.minecraft.Util.m_214679_(Util.java:772) ~[server-1.20.1-20230612.114412-srg.jar%23265!/:?]
	at net.minecraft.server.Main.main(Main.java:166) ~[server-1.20.1-20230612.114412-srg.jar%23265!/:?]
	at jdk.internal.reflect.NativeMethodAccessorImpl.invoke0(Native Method) ~[?:?]
	at jdk.internal.reflect.NativeMethodAccessorImpl.invoke(NativeMethodAccessorImpl.java:77) ~[?:?]
	at jdk.internal.reflect.DelegatingMethodAccessorImpl.invoke(DelegatingMethodAccessorImpl.java:43) ~[?:?]
	at java.lang.reflect.Method.invoke(Method.java:569) ~[?:?]
	at net.minecraftforge.fml.loading.targets.CommonLaunchHandler.runTarget(CommonLaunchHandler.java:111) ~[fmlloader-1.20.1-47.3.7.jar%2369!/:?]
	at net.minecraftforge.fml.loading.targets.CommonLaunchHandler.serverService(CommonLaunchHandler.java:103) ~[fmlloader-1.20.1-47.3.7.jar%2369!/:?]
	at net.minecraftforge.fml.loading.targets.CommonServerLaunchHandler.lambda$makeService$0(CommonServerLaunchHandler.java:27) ~[fmlloader-1.20.1-47.3.7.jar%2369!/:?]
	at cpw.mods.modlauncher.LaunchServiceHandlerDecorator.launch(LaunchServiceHandlerDecorator.java:30) ~[modlauncher-10.0.9.jar%2355!/:?]
	at cpw.mods.modlauncher.LaunchServiceHandler.launch(LaunchServiceHandler.java:53) ~[modlauncher-10.0.9.jar%2355!/:?]
	at cpw.mods.modlauncher.LaunchServiceHandler.launch(LaunchServiceHandler.java:71) ~[modlauncher-10.0.9.jar%2355!/:?]
	at cpw.mods.modlauncher.Launcher.run(Launcher.java:108) ~[modlauncher-10.0.9.jar%2355!/:?]
	at cpw.mods.modlauncher.Launcher.main(Launcher.java:78) ~[modlauncher-10.0.9.jar%2355!/:?]
	at cpw.mods.modlauncher.BootstrapLaunchConsumer.accept(BootstrapLaunchConsumer.java:26) ~[modlauncher-10.0.9.jar%2355!/:?]
	at cpw.mods.modlauncher.BootstrapLaunchConsumer.accept(BootstrapLaunchConsumer.java:23) ~[modlauncher-10.0.9.jar%2355!/:?]
	at cpw.mods.bootstraplauncher.BootstrapLauncher.main(BootstrapLauncher.java:141) ~[bootstraplauncher-1.1.2.jar:?]
[01Jan2026 20:59:51.124] [main/INFO] [net.minecraft.world.item.crafting.RecipeManager/]: Skipping loading recipe endergetic:poise_sign_from_poise_stems_sawing as it's serializer returned null
[01Jan2026 20:59:51.125] [main/INFO] [net.minecraft.world.item.crafting.RecipeManager/]: Skipping loading recipe endergetic:poise_boards_from_poise_stems_sawing as it's serializer returned null
[01Jan2026 20:59:51.126] [main/ERROR] [net.minecraft.world.item.crafting.RecipeManager/]: Parsing error loading recipe dungeons_and_combat:crystal_greatsword_recipe
com.google.gson.JsonSyntaxException: Unknown item 'tohiro_ores:crystal_smithing_template'
	at net.minecraft.world.item.crafting.ShapedRecipe.m_151280_(ShapedRecipe.java:292) ~[server-1.20.1-20230612.114412-srg.jar%23265!/:?]
	at java.util.Optional.orElseThrow(Optional.java:403) ~[?:?]
	at net.minecraft.world.item.crafting.ShapedRecipe.m_151278_(ShapedRecipe.java:291) ~[server-1.20.1-20230612.114412-srg.jar%23265!/:?]
	at net.minecraft.world.item.crafting.Ingredient.m_43919_(Ingredient.java:219) ~[server-1.20.1-20230612.114412-srg.jar%23265!/:?]
	at net.minecraftforge.common.crafting.VanillaIngredientSerializer.parse(VanillaIngredientSerializer.java:27) ~[forge-1.20.1-47.3.7-universal.jar%23270!/:?]
	at net.minecraftforge.common.crafting.CraftingHelper.getIngredient(CraftingHelper.java:148) ~[forge-1.20.1-47.3.7-universal.jar%23270!/:?]
	at net.minecraft.world.item.crafting.Ingredient.m_288218_(Ingredient.java:194) ~[server-1.20.1-20230612.114412-srg.jar%23265!/:?]
	at net.minecraft.world.item.crafting.Ingredient.m_43917_(Ingredient.java:189) ~[server-1.20.1-20230612.114412-srg.jar%23265!/:?]
	at net.minecraft.world.item.crafting.SmithingTransformRecipe$Serializer.m_6729_(SmithingTransformRecipe.java:73) ~[server-1.20.1-20230612.114412-srg.jar%23265!/:?]
	at net.minecraft.world.item.crafting.SmithingTransformRecipe$Serializer.m_6729_(SmithingTransformRecipe.java:71) ~[server-1.20.1-20230612.114412-srg.jar%23265!/:?]
	at net.minecraftforge.common.extensions.IForgeRecipeSerializer.fromJson(IForgeRecipeSerializer.java:23) ~[forge-1.20.1-47.3.7-universal.jar%23270!/:?]
	at net.minecraft.world.item.crafting.RecipeManager.fromJson(RecipeManager.java:171) ~[server-1.20.1-20230612.114412-srg.jar%23265!/:?]
	at net.minecraft.world.item.crafting.RecipeManager.m_5787_(RecipeManager.java:67) ~[server-1.20.1-20230612.114412-srg.jar%23265!/:?]
	at net.minecraft.world.item.crafting.RecipeManager.m_5787_(RecipeManager.java:34) ~[server-1.20.1-20230612.114412-srg.jar%23265!/:?]
	at net.minecraft.server.packs.resources.SimplePreparableReloadListener.m_10789_(SimplePreparableReloadListener.java:13) ~[server-1.20.1-20230612.114412-srg.jar%23265!/:?]
	at java.util.concurrent.CompletableFuture$UniAccept.tryFire(CompletableFuture.java:718) ~[?:?]
	at java.util.concurrent.CompletableFuture$Completion.run(CompletableFuture.java:482) ~[?:?]
	at net.minecraft.server.packs.resources.SimpleReloadInstance.m_143940_(SimpleReloadInstance.java:69) ~[server-1.20.1-20230612.114412-srg.jar%23265!/:?]
	at net.minecraft.Util.m_214652_(Util.java:783) ~[server-1.20.1-20230612.114412-srg.jar%23265!/:?]
	at net.minecraft.Util.m_214679_(Util.java:772) ~[server-1.20.1-20230612.114412-srg.jar%23265!/:?]
	at net.minecraft.server.Main.main(Main.java:166) ~[server-1.20.1-20230612.114412-srg.jar%23265!/:?]
	at jdk.internal.reflect.NativeMethodAccessorImpl.invoke0(Native Method) ~[?:?]
	at jdk.internal.reflect.NativeMethodAccessorImpl.invoke(NativeMethodAccessorImpl.java:77) ~[?:?]
	at jdk.internal.reflect.DelegatingMethodAccessorImpl.invoke(DelegatingMethodAccessorImpl.java:43) ~[?:?]
	at java.lang.reflect.Method.invoke(Method.java:569) ~[?:?]
	at net.minecraftforge.fml.loading.targets.CommonLaunchHandler.runTarget(CommonLaunchHandler.java:111) ~[fmlloader-1.20.1-47.3.7.jar%2369!/:?]
	at net.minecraftforge.fml.loading.targets.CommonLaunchHandler.serverService(CommonLaunchHandler.java:103) ~[fmlloader-1.20.1-47.3.7.jar%2369!/:?]
	at net.minecraftforge.fml.loading.targets.CommonServerLaunchHandler.lambda$makeService$0(CommonServerLaunchHandler.java:27) ~[fmlloader-1.20.1-47.3.7.jar%2369!/:?]
	at cpw.mods.modlauncher.LaunchServiceHandlerDecorator.launch(LaunchServiceHandlerDecorator.java:30) ~[modlauncher-10.0.9.jar%2355!/:?]
	at cpw.mods.modlauncher.LaunchServiceHandler.launch(LaunchServiceHandler.java:53) ~[modlauncher-10.0.9.jar%2355!/:?]
	at cpw.mods.modlauncher.LaunchServiceHandler.launch(LaunchServiceHandler.java:71) ~[modlauncher-10.0.9.jar%2355!/:?]
	at cpw.mods.modlauncher.Launcher.run(Launcher.java:108) ~[modlauncher-10.0.9.jar%2355!/:?]
	at cpw.mods.modlauncher.Launcher.main(Launcher.java:78) ~[modlauncher-10.0.9.jar%2355!/:?]
	at cpw.mods.modlauncher.BootstrapLaunchConsumer.accept(BootstrapLaunchConsumer.java:26) ~[modlauncher-10.0.9.jar%2355!/:?]
	at cpw.mods.modlauncher.BootstrapLaunchConsumer.accept(BootstrapLaunchConsumer.java:23) ~[modlauncher-10.0.9.jar%2355!/:?]
	at cpw.mods.bootstraplauncher.BootstrapLauncher.main(BootstrapLauncher.java:141) ~[bootstraplauncher-1.1.2.jar:?]
[01Jan2026 20:59:51.128] [main/ERROR] [net.minecraft.world.item.crafting.RecipeManager/]: Parsing error loading recipe legendary_monsters:dinosaur_bone_meal
com.google.gson.JsonSyntaxException: Unknown item 'legendary_monsters:dinosaur_bone_meal'
	at net.minecraftforge.common.crafting.CraftingHelper.getItem(CraftingHelper.java:160) ~[forge-1.20.1-47.3.7-universal.jar%23270!/:?]
	at net.minecraftforge.common.crafting.CraftingHelper.getItemStack(CraftingHelper.java:186) ~[forge-1.20.1-47.3.7-universal.jar%23270!/:?]
	at net.minecraft.world.item.crafting.ShapedRecipe.m_151274_(ShapedRecipe.java:286) ~[server-1.20.1-20230612.114412-srg.jar%23265!/:?]
	at net.minecraft.world.item.crafting.ShapedRecipe$Serializer.m_6729_(ShapedRecipe.java:311) ~[server-1.20.1-20230612.114412-srg.jar%23265!/:?]
	at net.minecraft.world.item.crafting.ShapedRecipe$Serializer.m_6729_(ShapedRecipe.java:301) ~[server-1.20.1-20230612.114412-srg.jar%23265!/:?]
	at net.minecraftforge.common.extensions.IForgeRecipeSerializer.fromJson(IForgeRecipeSerializer.java:23) ~[forge-1.20.1-47.3.7-universal.jar%23270!/:?]
	at net.minecraft.world.item.crafting.RecipeManager.fromJson(RecipeManager.java:171) ~[server-1.20.1-20230612.114412-srg.jar%23265!/:?]
	at net.minecraft.world.item.crafting.RecipeManager.m_5787_(RecipeManager.java:67) ~[server-1.20.1-20230612.114412-srg.jar%23265!/:?]
	at net.minecraft.world.item.crafting.RecipeManager.m_5787_(RecipeManager.java:34) ~[server-1.20.1-20230612.114412-srg.jar%23265!/:?]
	at net.minecraft.server.packs.resources.SimplePreparableReloadListener.m_10789_(SimplePreparableReloadListener.java:13) ~[server-1.20.1-20230612.114412-srg.jar%23265!/:?]
	at java.util.concurrent.CompletableFuture$UniAccept.tryFire(CompletableFuture.java:718) ~[?:?]
	at java.util.concurrent.CompletableFuture$Completion.run(CompletableFuture.java:482) ~[?:?]
	at net.minecraft.server.packs.resources.SimpleReloadInstance.m_143940_(SimpleReloadInstance.java:69) ~[server-1.20.1-20230612.114412-srg.jar%23265!/:?]
	at net.minecraft.Util.m_214652_(Util.java:783) ~[server-1.20.1-20230612.114412-srg.jar%23265!/:?]
	at net.minecraft.Util.m_214679_(Util.java:772) ~[server-1.20.1-20230612.114412-srg.jar%23265!/:?]
	at net.minecraft.server.Main.main(Main.java:166) ~[server-1.20.1-20230612.114412-srg.jar%23265!/:?]
	at jdk.internal.reflect.NativeMethodAccessorImpl.invoke0(Native Method) ~[?:?]
	at jdk.internal.reflect.NativeMethodAccessorImpl.invoke(NativeMethodAccessorImpl.java:77) ~[?:?]
	at jdk.internal.reflect.DelegatingMethodAccessorImpl.invoke(DelegatingMethodAccessorImpl.java:43) ~[?:?]
	at java.lang.reflect.Method.invoke(Method.java:569) ~[?:?]
	at net.minecraftforge.fml.loading.targets.CommonLaunchHandler.runTarget(CommonLaunchHandler.java:111) ~[fmlloader-1.20.1-47.3.7.jar%2369!/:?]
	at net.minecraftforge.fml.loading.targets.CommonLaunchHandler.serverService(CommonLaunchHandler.java:103) ~[fmlloader-1.20.1-47.3.7.jar%2369!/:?]
	at net.minecraftforge.fml.loading.targets.CommonServerLaunchHandler.lambda$makeService$0(CommonServerLaunchHandler.java:27) ~[fmlloader-1.20.1-47.3.7.jar%2369!/:?]
	at cpw.mods.modlauncher.LaunchServiceHandlerDecorator.launch(LaunchServiceHandlerDecorator.java:30) ~[modlauncher-10.0.9.jar%2355!/:?]
	at cpw.mods.modlauncher.LaunchServiceHandler.launch(LaunchServiceHandler.java:53) ~[modlauncher-10.0.9.jar%2355!/:?]
	at cpw.mods.modlauncher.LaunchServiceHandler.launch(LaunchServiceHandler.java:71) ~[modlauncher-10.0.9.jar%2355!/:?]
	at cpw.mods.modlauncher.Launcher.run(Launcher.java:108) ~[modlauncher-10.0.9.jar%2355!/:?]
	at cpw.mods.modlauncher.Launcher.main(Launcher.java:78) ~[modlauncher-10.0.9.jar%2355!/:?]
	at cpw.mods.modlauncher.BootstrapLaunchConsumer.accept(BootstrapLaunchConsumer.java:26) ~[modlauncher-10.0.9.jar%2355!/:?]
	at cpw.mods.modlauncher.BootstrapLaunchConsumer.accept(BootstrapLaunchConsumer.java:23) ~[modlauncher-10.0.9.jar%2355!/:?]
	at cpw.mods.bootstraplauncher.BootstrapLauncher.main(BootstrapLauncher.java:141) ~[bootstraplauncher-1.1.2.jar:?]
[01Jan2026 20:59:51.130] [main/INFO] [net.minecraft.world.item.crafting.RecipeManager/]: Skipping loading recipe endergetic:poise_stairs_from_poise_stems_sawing as it's serializer returned null
[01Jan2026 20:59:51.132] [main/INFO] [net.minecraft.world.item.crafting.RecipeManager/]: Skipping loading recipe endergetic:poise_button_from_poise_planks_sawing as it's serializer returned null
[01Jan2026 20:59:51.133] [main/INFO] [net.minecraft.world.item.crafting.RecipeManager/]: Skipping loading recipe endergetic:poise_bookshelf as it's serializer returned null
[01Jan2026 20:59:51.136] [main/ERROR] [net.minecraft.world.item.crafting.RecipeManager/]: Parsing error loading recipe dungeons_and_combat:neptunium_boots
com.google.gson.JsonSyntaxException: Unknown item 'aquaculture:neptunium_boots'
	at net.minecraft.world.item.crafting.ShapedRecipe.m_151280_(ShapedRecipe.java:292) ~[server-1.20.1-20230612.114412-srg.jar%23265!/:?]
	at java.util.Optional.orElseThrow(Optional.java:403) ~[?:?]
	at net.minecraft.world.item.crafting.ShapedRecipe.m_151278_(ShapedRecipe.java:291) ~[server-1.20.1-20230612.114412-srg.jar%23265!/:?]
	at net.minecraft.world.item.crafting.Ingredient.m_43919_(Ingredient.java:219) ~[server-1.20.1-20230612.114412-srg.jar%23265!/:?]
	at net.minecraftforge.common.crafting.VanillaIngredientSerializer.parse(VanillaIngredientSerializer.java:27) ~[forge-1.20.1-47.3.7-universal.jar%23270!/:?]
	at net.minecraftforge.common.crafting.CraftingHelper.getIngredient(CraftingHelper.java:148) ~[forge-1.20.1-47.3.7-universal.jar%23270!/:?]
	at net.minecraft.world.item.crafting.Ingredient.m_288218_(Ingredient.java:194) ~[server-1.20.1-20230612.114412-srg.jar%23265!/:?]
	at net.minecraft.world.item.crafting.Ingredient.m_43917_(Ingredient.java:189) ~[server-1.20.1-20230612.114412-srg.jar%23265!/:?]
	at net.minecraft.world.item.crafting.SmithingTransformRecipe$Serializer.m_6729_(SmithingTransformRecipe.java:74) ~[server-1.20.1-20230612.114412-srg.jar%23265!/:?]
	at net.minecraft.world.item.crafting.SmithingTransformRecipe$Serializer.m_6729_(SmithingTransformRecipe.java:71) ~[server-1.20.1-20230612.114412-srg.jar%23265!/:?]
	at net.minecraftforge.common.extensions.IForgeRecipeSerializer.fromJson(IForgeRecipeSerializer.java:23) ~[forge-1.20.1-47.3.7-universal.jar%23270!/:?]
	at net.minecraft.world.item.crafting.RecipeManager.fromJson(RecipeManager.java:171) ~[server-1.20.1-20230612.114412-srg.jar%23265!/:?]
	at net.minecraft.world.item.crafting.RecipeManager.m_5787_(RecipeManager.java:67) ~[server-1.20.1-20230612.114412-srg.jar%23265!/:?]
	at net.minecraft.world.item.crafting.RecipeManager.m_5787_(RecipeManager.java:34) ~[server-1.20.1-20230612.114412-srg.jar%23265!/:?]
	at net.minecraft.server.packs.resources.SimplePreparableReloadListener.m_10789_(SimplePreparableReloadListener.java:13) ~[server-1.20.1-20230612.114412-srg.jar%23265!/:?]
	at java.util.concurrent.CompletableFuture$UniAccept.tryFire(CompletableFuture.java:718) ~[?:?]
	at java.util.concurrent.CompletableFuture$Completion.run(CompletableFuture.java:482) ~[?:?]
	at net.minecraft.server.packs.resources.SimpleReloadInstance.m_143940_(SimpleReloadInstance.java:69) ~[server-1.20.1-20230612.114412-srg.jar%23265!/:?]
	at net.minecraft.Util.m_214652_(Util.java:783) ~[server-1.20.1-20230612.114412-srg.jar%23265!/:?]
	at net.minecraft.Util.m_214679_(Util.java:772) ~[server-1.20.1-20230612.114412-srg.jar%23265!/:?]
	at net.minecraft.server.Main.main(Main.java:166) ~[server-1.20.1-20230612.114412-srg.jar%23265!/:?]
	at jdk.internal.reflect.NativeMethodAccessorImpl.invoke0(Native Method) ~[?:?]
	at jdk.internal.reflect.NativeMethodAccessorImpl.invoke(NativeMethodAccessorImpl.java:77) ~[?:?]
	at jdk.internal.reflect.DelegatingMethodAccessorImpl.invoke(DelegatingMethodAccessorImpl.java:43) ~[?:?]
	at java.lang.reflect.Method.invoke(Method.java:569) ~[?:?]
	at net.minecraftforge.fml.loading.targets.CommonLaunchHandler.runTarget(CommonLaunchHandler.java:111) ~[fmlloader-1.20.1-47.3.7.jar%2369!/:?]
	at net.minecraftforge.fml.loading.targets.CommonLaunchHandler.serverService(CommonLaunchHandler.java:103) ~[fmlloader-1.20.1-47.3.7.jar%2369!/:?]
	at net.minecraftforge.fml.loading.targets.CommonServerLaunchHandler.lambda$makeService$0(CommonServerLaunchHandler.java:27) ~[fmlloader-1.20.1-47.3.7.jar%2369!/:?]
	at cpw.mods.modlauncher.LaunchServiceHandlerDecorator.launch(LaunchServiceHandlerDecorator.java:30) ~[modlauncher-10.0.9.jar%2355!/:?]
	at cpw.mods.modlauncher.LaunchServiceHandler.launch(LaunchServiceHandler.java:53) ~[modlauncher-10.0.9.jar%2355!/:?]
	at cpw.mods.modlauncher.LaunchServiceHandler.launch(LaunchServiceHandler.java:71) ~[modlauncher-10.0.9.jar%2355!/:?]
	at cpw.mods.modlauncher.Launcher.run(Launcher.java:108) ~[modlauncher-10.0.9.jar%2355!/:?]
	at cpw.mods.modlauncher.Launcher.main(Launcher.java:78) ~[modlauncher-10.0.9.jar%2355!/:?]
	at cpw.mods.modlauncher.BootstrapLaunchConsumer.accept(BootstrapLaunchConsumer.java:26) ~[modlauncher-10.0.9.jar%2355!/:?]
	at cpw.mods.modlauncher.BootstrapLaunchConsumer.accept(BootstrapLaunchConsumer.java:23) ~[modlauncher-10.0.9.jar%2355!/:?]
	at cpw.mods.bootstraplauncher.BootstrapLauncher.main(BootstrapLauncher.java:141) ~[bootstraplauncher-1.1.2.jar:?]
[01Jan2026 20:59:51.138] [main/ERROR] [net.minecraft.world.item.crafting.RecipeManager/]: Parsing error loading recipe dungeons_and_combat:neptunium_trident_recipe
com.google.gson.JsonSyntaxException: Unknown item 'aquaculture:neptunium_ingot'
	at net.minecraft.world.item.crafting.ShapedRecipe.m_151280_(ShapedRecipe.java:292) ~[server-1.20.1-20230612.114412-srg.jar%23265!/:?]
	at java.util.Optional.orElseThrow(Optional.java:403) ~[?:?]
	at net.minecraft.world.item.crafting.ShapedRecipe.m_151278_(ShapedRecipe.java:291) ~[server-1.20.1-20230612.114412-srg.jar%23265!/:?]
	at net.minecraft.world.item.crafting.Ingredient.m_43919_(Ingredient.java:219) ~[server-1.20.1-20230612.114412-srg.jar%23265!/:?]
	at net.minecraftforge.common.crafting.VanillaIngredientSerializer.parse(VanillaIngredientSerializer.java:27) ~[forge-1.20.1-47.3.7-universal.jar%23270!/:?]
	at net.minecraftforge.common.crafting.CraftingHelper.getIngredient(CraftingHelper.java:148) ~[forge-1.20.1-47.3.7-universal.jar%23270!/:?]
	at net.minecraft.world.item.crafting.Ingredient.m_288218_(Ingredient.java:194) ~[server-1.20.1-20230612.114412-srg.jar%23265!/:?]
	at net.minecraft.world.item.crafting.ShapedRecipe.m_44210_(ShapedRecipe.java:278) ~[server-1.20.1-20230612.114412-srg.jar%23265!/:?]
	at net.minecraft.world.item.crafting.ShapedRecipe$Serializer.m_6729_(ShapedRecipe.java:306) ~[server-1.20.1-20230612.114412-srg.jar%23265!/:?]
	at net.minecraft.world.item.crafting.ShapedRecipe$Serializer.m_6729_(ShapedRecipe.java:301) ~[server-1.20.1-20230612.114412-srg.jar%23265!/:?]
	at net.minecraftforge.common.extensions.IForgeRecipeSerializer.fromJson(IForgeRecipeSerializer.java:23) ~[forge-1.20.1-47.3.7-universal.jar%23270!/:?]
	at net.minecraft.world.item.crafting.RecipeManager.fromJson(RecipeManager.java:171) ~[server-1.20.1-20230612.114412-srg.jar%23265!/:?]
	at net.minecraft.world.item.crafting.RecipeManager.m_5787_(RecipeManager.java:67) ~[server-1.20.1-20230612.114412-srg.jar%23265!/:?]
	at net.minecraft.world.item.crafting.RecipeManager.m_5787_(RecipeManager.java:34) ~[server-1.20.1-20230612.114412-srg.jar%23265!/:?]
	at net.minecraft.server.packs.resources.SimplePreparableReloadListener.m_10789_(SimplePreparableReloadListener.java:13) ~[server-1.20.1-20230612.114412-srg.jar%23265!/:?]
	at java.util.concurrent.CompletableFuture$UniAccept.tryFire(CompletableFuture.java:718) ~[?:?]
	at java.util.concurrent.CompletableFuture$Completion.run(CompletableFuture.java:482) ~[?:?]
	at net.minecraft.server.packs.resources.SimpleReloadInstance.m_143940_(SimpleReloadInstance.java:69) ~[server-1.20.1-20230612.114412-srg.jar%23265!/:?]
	at net.minecraft.Util.m_214652_(Util.java:783) ~[server-1.20.1-20230612.114412-srg.jar%23265!/:?]
	at net.minecraft.Util.m_214679_(Util.java:772) ~[server-1.20.1-20230612.114412-srg.jar%23265!/:?]
	at net.minecraft.server.Main.main(Main.java:166) ~[server-1.20.1-20230612.114412-srg.jar%23265!/:?]
	at jdk.internal.reflect.NativeMethodAccessorImpl.invoke0(Native Method) ~[?:?]
	at jdk.internal.reflect.NativeMethodAccessorImpl.invoke(NativeMethodAccessorImpl.java:77) ~[?:?]
	at jdk.internal.reflect.DelegatingMethodAccessorImpl.invoke(DelegatingMethodAccessorImpl.java:43) ~[?:?]
	at java.lang.reflect.Method.invoke(Method.java:569) ~[?:?]
	at net.minecraftforge.fml.loading.targets.CommonLaunchHandler.runTarget(CommonLaunchHandler.java:111) ~[fmlloader-1.20.1-47.3.7.jar%2369!/:?]
	at net.minecraftforge.fml.loading.targets.CommonLaunchHandler.serverService(CommonLaunchHandler.java:103) ~[fmlloader-1.20.1-47.3.7.jar%2369!/:?]
	at net.minecraftforge.fml.loading.targets.CommonServerLaunchHandler.lambda$makeService$0(CommonServerLaunchHandler.java:27) ~[fmlloader-1.20.1-47.3.7.jar%2369!/:?]
	at cpw.mods.modlauncher.LaunchServiceHandlerDecorator.launch(LaunchServiceHandlerDecorator.java:30) ~[modlauncher-10.0.9.jar%2355!/:?]
	at cpw.mods.modlauncher.LaunchServiceHandler.launch(LaunchServiceHandler.java:53) ~[modlauncher-10.0.9.jar%2355!/:?]
	at cpw.mods.modlauncher.LaunchServiceHandler.launch(LaunchServiceHandler.java:71) ~[modlauncher-10.0.9.jar%2355!/:?]
	at cpw.mods.modlauncher.Launcher.run(Launcher.java:108) ~[modlauncher-10.0.9.jar%2355!/:?]
	at cpw.mods.modlauncher.Launcher.main(Launcher.java:78) ~[modlauncher-10.0.9.jar%2355!/:?]
	at cpw.mods.modlauncher.BootstrapLaunchConsumer.accept(BootstrapLaunchConsumer.java:26) ~[modlauncher-10.0.9.jar%2355!/:?]
	at cpw.mods.modlauncher.BootstrapLaunchConsumer.accept(BootstrapLaunchConsumer.java:23) ~[modlauncher-10.0.9.jar%2355!/:?]
	at cpw.mods.bootstraplauncher.BootstrapLauncher.main(BootstrapLauncher.java:141) ~[bootstraplauncher-1.1.2.jar:?]
[01Jan2026 20:59:51.139] [main/INFO] [net.minecraft.world.item.crafting.RecipeManager/]: Skipping loading recipe endergetic:poise_boards_from_poise_planks_sawing as it's serializer returned null
[01Jan2026 20:59:51.149] [main/INFO] [net.minecraft.world.item.crafting.RecipeManager/]: Skipping loading recipe endergetic:poise_pressure_plate_from_poise_stems_sawing as it's serializer returned null
[01Jan2026 20:59:51.151] [main/ERROR] [net.minecraft.world.item.crafting.RecipeManager/]: Parsing error loading recipe dungeons_and_combat:light_upgrade_blazing_halberd
com.google.gson.JsonSyntaxException: Unknown item 'dungeons_and_combat:deleted_mod_element'
	at net.minecraft.world.item.crafting.ShapedRecipe.m_151280_(ShapedRecipe.java:292) ~[server-1.20.1-20230612.114412-srg.jar%23265!/:?]
	at java.util.Optional.orElseThrow(Optional.java:403) ~[?:?]
	at net.minecraft.world.item.crafting.ShapedRecipe.m_151278_(ShapedRecipe.java:291) ~[server-1.20.1-20230612.114412-srg.jar%23265!/:?]
	at net.minecraft.world.item.crafting.Ingredient.m_43919_(Ingredient.java:219) ~[server-1.20.1-20230612.114412-srg.jar%23265!/:?]
	at net.minecraftforge.common.crafting.VanillaIngredientSerializer.parse(VanillaIngredientSerializer.java:27) ~[forge-1.20.1-47.3.7-universal.jar%23270!/:?]
	at net.minecraftforge.common.crafting.CraftingHelper.getIngredient(CraftingHelper.java:148) ~[forge-1.20.1-47.3.7-universal.jar%23270!/:?]
	at net.minecraft.world.item.crafting.Ingredient.m_288218_(Ingredient.java:194) ~[server-1.20.1-20230612.114412-srg.jar%23265!/:?]
	at net.minecraft.world.item.crafting.Ingredient.m_43917_(Ingredient.java:189) ~[server-1.20.1-20230612.114412-srg.jar%23265!/:?]
	at net.minecraft.world.item.crafting.SmithingTransformRecipe$Serializer.m_6729_(SmithingTransformRecipe.java:74) ~[server-1.20.1-20230612.114412-srg.jar%23265!/:?]
	at net.minecraft.world.item.crafting.SmithingTransformRecipe$Serializer.m_6729_(SmithingTransformRecipe.java:71) ~[server-1.20.1-20230612.114412-srg.jar%23265!/:?]
	at net.minecraftforge.common.extensions.IForgeRecipeSerializer.fromJson(IForgeRecipeSerializer.java:23) ~[forge-1.20.1-47.3.7-universal.jar%23270!/:?]
	at net.minecraft.world.item.crafting.RecipeManager.fromJson(RecipeManager.java:171) ~[server-1.20.1-20230612.114412-srg.jar%23265!/:?]
	at net.minecraft.world.item.crafting.RecipeManager.m_5787_(RecipeManager.java:67) ~[server-1.20.1-20230612.114412-srg.jar%23265!/:?]
	at net.minecraft.world.item.crafting.RecipeManager.m_5787_(RecipeManager.java:34) ~[server-1.20.1-20230612.114412-srg.jar%23265!/:?]
	at net.minecraft.server.packs.resources.SimplePreparableReloadListener.m_10789_(SimplePreparableReloadListener.java:13) ~[server-1.20.1-20230612.114412-srg.jar%23265!/:?]
	at java.util.concurrent.CompletableFuture$UniAccept.tryFire(CompletableFuture.java:718) ~[?:?]
	at java.util.concurrent.CompletableFuture$Completion.run(CompletableFuture.java:482) ~[?:?]
	at net.minecraft.server.packs.resources.SimpleReloadInstance.m_143940_(SimpleReloadInstance.java:69) ~[server-1.20.1-20230612.114412-srg.jar%23265!/:?]
	at net.minecraft.Util.m_214652_(Util.java:783) ~[server-1.20.1-20230612.114412-srg.jar%23265!/:?]
	at net.minecraft.Util.m_214679_(Util.java:772) ~[server-1.20.1-20230612.114412-srg.jar%23265!/:?]
	at net.minecraft.server.Main.main(Main.java:166) ~[server-1.20.1-20230612.114412-srg.jar%23265!/:?]
	at jdk.internal.reflect.NativeMethodAccessorImpl.invoke0(Native Method) ~[?:?]
	at jdk.internal.reflect.NativeMethodAccessorImpl.invoke(NativeMethodAccessorImpl.java:77) ~[?:?]
	at jdk.internal.reflect.DelegatingMethodAccessorImpl.invoke(DelegatingMethodAccessorImpl.java:43) ~[?:?]
	at java.lang.reflect.Method.invoke(Method.java:569) ~[?:?]
	at net.minecraftforge.fml.loading.targets.CommonLaunchHandler.runTarget(CommonLaunchHandler.java:111) ~[fmlloader-1.20.1-47.3.7.jar%2369!/:?]
	at net.minecraftforge.fml.loading.targets.CommonLaunchHandler.serverService(CommonLaunchHandler.java:103) ~[fmlloader-1.20.1-47.3.7.jar%2369!/:?]
	at net.minecraftforge.fml.loading.targets.CommonServerLaunchHandler.lambda$makeService$0(CommonServerLaunchHandler.java:27) ~[fmlloader-1.20.1-47.3.7.jar%2369!/:?]
	at cpw.mods.modlauncher.LaunchServiceHandlerDecorator.launch(LaunchServiceHandlerDecorator.java:30) ~[modlauncher-10.0.9.jar%2355!/:?]
	at cpw.mods.modlauncher.LaunchServiceHandler.launch(LaunchServiceHandler.java:53) ~[modlauncher-10.0.9.jar%2355!/:?]
	at cpw.mods.modlauncher.LaunchServiceHandler.launch(LaunchServiceHandler.java:71) ~[modlauncher-10.0.9.jar%2355!/:?]
	at cpw.mods.modlauncher.Launcher.run(Launcher.java:108) ~[modlauncher-10.0.9.jar%2355!/:?]
	at cpw.mods.modlauncher.Launcher.main(Launcher.java:78) ~[modlauncher-10.0.9.jar%2355!/:?]
	at cpw.mods.modlauncher.BootstrapLaunchConsumer.accept(BootstrapLaunchConsumer.java:26) ~[modlauncher-10.0.9.jar%2355!/:?]
	at cpw.mods.modlauncher.BootstrapLaunchConsumer.accept(BootstrapLaunchConsumer.java:23) ~[modlauncher-10.0.9.jar%2355!/:?]
	at cpw.mods.bootstraplauncher.BootstrapLauncher.main(BootstrapLauncher.java:141) ~[bootstraplauncher-1.1.2.jar:?]
[01Jan2026 20:59:51.153] [main/INFO] [net.minecraft.world.item.crafting.RecipeManager/]: Skipping loading recipe endergetic:poise_fence_from_poise_stems_sawing as it's serializer returned null
[01Jan2026 20:59:51.153] [main/INFO] [net.minecraft.world.item.crafting.RecipeManager/]: Skipping loading recipe endergetic:large_poise_boat as it's serializer returned null
[01Jan2026 20:59:51.157] [main/ERROR] [net.minecraft.world.item.crafting.RecipeManager/]: Parsing error loading recipe dungeons_and_combat:neptunium_shield_recipe
com.google.gson.JsonSyntaxException: Unknown item 'aquaculture:neptunium_ingot'
	at net.minecraft.world.item.crafting.ShapedRecipe.m_151280_(ShapedRecipe.java:292) ~[server-1.20.1-20230612.114412-srg.jar%23265!/:?]
	at java.util.Optional.orElseThrow(Optional.java:403) ~[?:?]
	at net.minecraft.world.item.crafting.ShapedRecipe.m_151278_(ShapedRecipe.java:291) ~[server-1.20.1-20230612.114412-srg.jar%23265!/:?]
	at net.minecraft.world.item.crafting.Ingredient.m_43919_(Ingredient.java:219) ~[server-1.20.1-20230612.114412-srg.jar%23265!/:?]
	at net.minecraftforge.common.crafting.VanillaIngredientSerializer.parse(VanillaIngredientSerializer.java:27) ~[forge-1.20.1-47.3.7-universal.jar%23270!/:?]
	at net.minecraftforge.common.crafting.CraftingHelper.getIngredient(CraftingHelper.java:148) ~[forge-1.20.1-47.3.7-universal.jar%23270!/:?]
	at net.minecraft.world.item.crafting.Ingredient.m_288218_(Ingredient.java:194) ~[server-1.20.1-20230612.114412-srg.jar%23265!/:?]
	at net.minecraft.world.item.crafting.ShapedRecipe.m_44210_(ShapedRecipe.java:278) ~[server-1.20.1-20230612.114412-srg.jar%23265!/:?]
	at net.minecraft.world.item.crafting.ShapedRecipe$Serializer.m_6729_(ShapedRecipe.java:306) ~[server-1.20.1-20230612.114412-srg.jar%23265!/:?]
	at net.minecraft.world.item.crafting.ShapedRecipe$Serializer.m_6729_(ShapedRecipe.java:301) ~[server-1.20.1-20230612.114412-srg.jar%23265!/:?]
	at net.minecraftforge.common.extensions.IForgeRecipeSerializer.fromJson(IForgeRecipeSerializer.java:23) ~[forge-1.20.1-47.3.7-universal.jar%23270!/:?]
	at net.minecraft.world.item.crafting.RecipeManager.fromJson(RecipeManager.java:171) ~[server-1.20.1-20230612.114412-srg.jar%23265!/:?]
	at net.minecraft.world.item.crafting.RecipeManager.m_5787_(RecipeManager.java:67) ~[server-1.20.1-20230612.114412-srg.jar%23265!/:?]
	at net.minecraft.world.item.crafting.RecipeManager.m_5787_(RecipeManager.java:34) ~[server-1.20.1-20230612.114412-srg.jar%23265!/:?]
	at net.minecraft.server.packs.resources.SimplePreparableReloadListener.m_10789_(SimplePreparableReloadListener.java:13) ~[server-1.20.1-20230612.114412-srg.jar%23265!/:?]
	at java.util.concurrent.CompletableFuture$UniAccept.tryFire(CompletableFuture.java:718) ~[?:?]
	at java.util.concurrent.CompletableFuture$Completion.run(CompletableFuture.java:482) ~[?:?]
	at net.minecraft.server.packs.resources.SimpleReloadInstance.m_143940_(SimpleReloadInstance.java:69) ~[server-1.20.1-20230612.114412-srg.jar%23265!/:?]
	at net.minecraft.Util.m_214652_(Util.java:783) ~[server-1.20.1-20230612.114412-srg.jar%23265!/:?]
	at net.minecraft.Util.m_214679_(Util.java:772) ~[server-1.20.1-20230612.114412-srg.jar%23265!/:?]
	at net.minecraft.server.Main.main(Main.java:166) ~[server-1.20.1-20230612.114412-srg.jar%23265!/:?]
	at jdk.internal.reflect.NativeMethodAccessorImpl.invoke0(Native Method) ~[?:?]
	at jdk.internal.reflect.NativeMethodAccessorImpl.invoke(NativeMethodAccessorImpl.java:77) ~[?:?]
	at jdk.internal.reflect.DelegatingMethodAccessorImpl.invoke(DelegatingMethodAccessorImpl.java:43) ~[?:?]
	at java.lang.reflect.Method.invoke(Method.java:569) ~[?:?]
	at net.minecraftforge.fml.loading.targets.CommonLaunchHandler.runTarget(CommonLaunchHandler.java:111) ~[fmlloader-1.20.1-47.3.7.jar%2369!/:?]
	at net.minecraftforge.fml.loading.targets.CommonLaunchHandler.serverService(CommonLaunchHandler.java:103) ~[fmlloader-1.20.1-47.3.7.jar%2369!/:?]
	at net.minecraftforge.fml.loading.targets.CommonServerLaunchHandler.lambda$makeService$0(CommonServerLaunchHandler.java:27) ~[fmlloader-1.20.1-47.3.7.jar%2369!/:?]
	at cpw.mods.modlauncher.LaunchServiceHandlerDecorator.launch(LaunchServiceHandlerDecorator.java:30) ~[modlauncher-10.0.9.jar%2355!/:?]
	at cpw.mods.modlauncher.LaunchServiceHandler.launch(LaunchServiceHandler.java:53) ~[modlauncher-10.0.9.jar%2355!/:?]
	at cpw.mods.modlauncher.LaunchServiceHandler.launch(LaunchServiceHandler.java:71) ~[modlauncher-10.0.9.jar%2355!/:?]
	at cpw.mods.modlauncher.Launcher.run(Launcher.java:108) ~[modlauncher-10.0.9.jar%2355!/:?]
	at cpw.mods.modlauncher.Launcher.main(Launcher.java:78) ~[modlauncher-10.0.9.jar%2355!/:?]
	at cpw.mods.modlauncher.BootstrapLaunchConsumer.accept(BootstrapLaunchConsumer.java:26) ~[modlauncher-10.0.9.jar%2355!/:?]
	at cpw.mods.modlauncher.BootstrapLaunchConsumer.accept(BootstrapLaunchConsumer.java:23) ~[modlauncher-10.0.9.jar%2355!/:?]
	at cpw.mods.bootstraplauncher.BootstrapLauncher.main(BootstrapLauncher.java:141) ~[bootstraplauncher-1.1.2.jar:?]
[01Jan2026 20:59:51.158] [main/INFO] [net.minecraft.world.item.crafting.RecipeManager/]: Skipping loading recipe endergetic:poise_stairs_from_poise_planks_sawing as it's serializer returned null
[01Jan2026 20:59:51.159] [main/INFO] [net.minecraft.world.item.crafting.RecipeManager/]: Skipping loading recipe endergetic:poise_ladder_from_poise_planks_sawing as it's serializer returned null
[01Jan2026 20:59:51.160] [main/INFO] [net.minecraft.world.item.crafting.RecipeManager/]: Skipping loading recipe endergetic:cracked_end_stone_bricks_from_baking as it's serializer returned null
[01Jan2026 20:59:51.163] [main/INFO] [net.minecraft.world.item.crafting.RecipeManager/]: Skipping loading recipe endergetic:poise_ladder_from_poise_stems_sawing as it's serializer returned null
[01Jan2026 20:59:51.163] [main/INFO] [net.minecraft.world.item.crafting.RecipeManager/]: Skipping loading recipe endergetic:poise_chest as it's serializer returned null
[01Jan2026 20:59:51.164] [main/ERROR] [net.minecraft.world.item.crafting.RecipeManager/]: Parsing error loading recipe dungeons_and_combat:tin_dagger_recipe
com.google.gson.JsonSyntaxException: Unknown item 'tohiro_ores:tin_ingot'
	at net.minecraft.world.item.crafting.ShapedRecipe.m_151280_(ShapedRecipe.java:292) ~[server-1.20.1-20230612.114412-srg.jar%23265!/:?]
	at java.util.Optional.orElseThrow(Optional.java:403) ~[?:?]
	at net.minecraft.world.item.crafting.ShapedRecipe.m_151278_(ShapedRecipe.java:291) ~[server-1.20.1-20230612.114412-srg.jar%23265!/:?]
	at net.minecraft.world.item.crafting.Ingredient.m_43919_(Ingredient.java:219) ~[server-1.20.1-20230612.114412-srg.jar%23265!/:?]
	at net.minecraftforge.common.crafting.VanillaIngredientSerializer.parse(VanillaIngredientSerializer.java:27) ~[forge-1.20.1-47.3.7-universal.jar%23270!/:?]
	at net.minecraftforge.common.crafting.CraftingHelper.getIngredient(CraftingHelper.java:148) ~[forge-1.20.1-47.3.7-universal.jar%23270!/:?]
	at net.minecraft.world.item.crafting.Ingredient.m_288218_(Ingredient.java:194) ~[server-1.20.1-20230612.114412-srg.jar%23265!/:?]
	at net.minecraft.world.item.crafting.ShapedRecipe.m_44210_(ShapedRecipe.java:278) ~[server-1.20.1-20230612.114412-srg.jar%23265!/:?]
	at net.minecraft.world.item.crafting.ShapedRecipe$Serializer.m_6729_(ShapedRecipe.java:306) ~[server-1.20.1-20230612.114412-srg.jar%23265!/:?]
	at net.minecraft.world.item.crafting.ShapedRecipe$Serializer.m_6729_(ShapedRecipe.java:301) ~[server-1.20.1-20230612.114412-srg.jar%23265!/:?]
	at net.minecraftforge.common.extensions.IForgeRecipeSerializer.fromJson(IForgeRecipeSerializer.java:23) ~[forge-1.20.1-47.3.7-universal.jar%23270!/:?]
	at net.minecraft.world.item.crafting.RecipeManager.fromJson(RecipeManager.java:171) ~[server-1.20.1-20230612.114412-srg.jar%23265!/:?]
	at net.minecraft.world.item.crafting.RecipeManager.m_5787_(RecipeManager.java:67) ~[server-1.20.1-20230612.114412-srg.jar%23265!/:?]
	at net.minecraft.world.item.crafting.RecipeManager.m_5787_(RecipeManager.java:34) ~[server-1.20.1-20230612.114412-srg.jar%23265!/:?]
	at net.minecraft.server.packs.resources.SimplePreparableReloadListener.m_10789_(SimplePreparableReloadListener.java:13) ~[server-1.20.1-20230612.114412-srg.jar%23265!/:?]
	at java.util.concurrent.CompletableFuture$UniAccept.tryFire(CompletableFuture.java:718) ~[?:?]
	at java.util.concurrent.CompletableFuture$Completion.run(CompletableFuture.java:482) ~[?:?]
	at net.minecraft.server.packs.resources.SimpleReloadInstance.m_143940_(SimpleReloadInstance.java:69) ~[server-1.20.1-20230612.114412-srg.jar%23265!/:?]
	at net.minecraft.Util.m_214652_(Util.java:783) ~[server-1.20.1-20230612.114412-srg.jar%23265!/:?]
	at net.minecraft.Util.m_214679_(Util.java:772) ~[server-1.20.1-20230612.114412-srg.jar%23265!/:?]
	at net.minecraft.server.Main.main(Main.java:166) ~[server-1.20.1-20230612.114412-srg.jar%23265!/:?]
	at jdk.internal.reflect.NativeMethodAccessorImpl.invoke0(Native Method) ~[?:?]
	at jdk.internal.reflect.NativeMethodAccessorImpl.invoke(NativeMethodAccessorImpl.java:77) ~[?:?]
	at jdk.internal.reflect.DelegatingMethodAccessorImpl.invoke(DelegatingMethodAccessorImpl.java:43) ~[?:?]
	at java.lang.reflect.Method.invoke(Method.java:569) ~[?:?]
	at net.minecraftforge.fml.loading.targets.CommonLaunchHandler.runTarget(CommonLaunchHandler.java:111) ~[fmlloader-1.20.1-47.3.7.jar%2369!/:?]
	at net.minecraftforge.fml.loading.targets.CommonLaunchHandler.serverService(CommonLaunchHandler.java:103) ~[fmlloader-1.20.1-47.3.7.jar%2369!/:?]
	at net.minecraftforge.fml.loading.targets.CommonServerLaunchHandler.lambda$makeService$0(CommonServerLaunchHandler.java:27) ~[fmlloader-1.20.1-47.3.7.jar%2369!/:?]
	at cpw.mods.modlauncher.LaunchServiceHandlerDecorator.launch(LaunchServiceHandlerDecorator.java:30) ~[modlauncher-10.0.9.jar%2355!/:?]
	at cpw.mods.modlauncher.LaunchServiceHandler.launch(LaunchServiceHandler.java:53) ~[modlauncher-10.0.9.jar%2355!/:?]
	at cpw.mods.modlauncher.LaunchServiceHandler.launch(LaunchServiceHandler.java:71) ~[modlauncher-10.0.9.jar%2355!/:?]
	at cpw.mods.modlauncher.Launcher.run(Launcher.java:108) ~[modlauncher-10.0.9.jar%2355!/:?]
	at cpw.mods.modlauncher.Launcher.main(Launcher.java:78) ~[modlauncher-10.0.9.jar%2355!/:?]
	at cpw.mods.modlauncher.BootstrapLaunchConsumer.accept(BootstrapLaunchConsumer.java:26) ~[modlauncher-10.0.9.jar%2355!/:?]
	at cpw.mods.modlauncher.BootstrapLaunchConsumer.accept(BootstrapLaunchConsumer.java:23) ~[modlauncher-10.0.9.jar%2355!/:?]
	at cpw.mods.bootstraplauncher.BootstrapLauncher.main(BootstrapLauncher.java:141) ~[bootstraplauncher-1.1.2.jar:?]
[01Jan2026 20:59:51.168] [main/INFO] [net.minecraft.world.item.crafting.RecipeManager/]: Loaded 19 recipes
[01Jan2026 20:59:51.183] [main/ERROR] [HammerLib/]: Register attachment for RegisterRecipesEvent: org.zeith.hammerlib.core.test.HammerLibRecipeExtension.
[01Jan2026 20:59:51.184] [main/ERROR] [HammerLib/]: Register attachment for RegisterRecipesEvent: org.zeith.improvableskills.api.recipe.Is3RecipeBuilderExtension.
[01Jan2026 20:59:51.201] [main/INFO] [HammerLib/]: Reloading HammerLib recipes...
[01Jan2026 20:59:51.202] [main/INFO] [HammerLib/]: HammerLib injected 16 recipes into recipe map. Removed 0 recipes from the game.
[01Jan2026 20:59:51.206] [main/INFO] [HammerLib/]: Registered 16 additional recipes.
[01Jan2026 20:59:51.218] [main/INFO] [com.teamabnormals.blueprint.core.Blueprint/]: Advancement Modification Manager has loaded 5 modifier groups
[01Jan2026 20:59:51.223] [main/WARN] [HammerLib/]: Unable to find registry for tag directory tags/functions
[01Jan2026 20:59:51.429] [main/INFO] [net.minecraft.advancements.AdvancementList/]: Loaded 3022 advancements
[01Jan2026 20:59:51.443] [main/INFO] [com.teamabnormals.blueprint.core.Blueprint/]: Chunk Generator Modification Manager has loaded 1 modifier groups
[01Jan2026 20:59:51.459] [main/INFO] [top.theillusivec4.curios.Curios/]: Loaded 13 curio slots
[01Jan2026 20:59:51.465] [main/INFO] [top.theillusivec4.curios.Curios/]: Loaded 1 curio entities
[01Jan2026 20:59:51.496] [main/WARN] [net.minecraft.core.MappedRegistry/]: Not all defined tags for registry ResourceKey[minecraft:root / minecraft:worldgen/biome] are present in data pack: minecraft:is_plains
[01Jan2026 20:59:53.841] [Server thread/INFO] [net.minecraft.server.dedicated.DedicatedServer/]: Starting minecraft server version 1.20.1
[01Jan2026 20:59:53.841] [Server thread/INFO] [net.minecraft.server.dedicated.DedicatedServer/]: Loading properties
[01Jan2026 20:59:53.842] [Server thread/INFO] [net.minecraft.server.dedicated.DedicatedServer/]: Default game type: SURVIVAL
[01Jan2026 20:59:53.842] [Server thread/INFO] [net.minecraft.server.MinecraftServer/]: Generating keypair
[01Jan2026 20:59:54.003] [Server thread/INFO] [net.minecraft.server.dedicated.DedicatedServer/]: Starting Minecraft server on *:25565
[01Jan2026 20:59:54.023] [Server thread/INFO] [net.minecraft.server.network.ServerConnectionListener/]: Using epoll channel type
[01Jan2026 20:59:54.095] [Server thread/WARN] [net.minecraft.server.dedicated.DedicatedServer/]: **** SERVER IS RUNNING IN OFFLINE/INSECURE MODE!
[01Jan2026 20:59:54.095] [Server thread/WARN] [net.minecraft.server.dedicated.DedicatedServer/]: The server will make no attempt to authenticate usernames. Beware.
[01Jan2026 20:59:54.096] [Server thread/WARN] [net.minecraft.server.dedicated.DedicatedServer/]: While this makes the game possible to play without internet access, it also opens up the ability for hackers to connect with any username they choose.
[01Jan2026 20:59:54.096] [Server thread/WARN] [net.minecraft.server.dedicated.DedicatedServer/]: To change this, set "online-mode" to "true" in the server.properties file.
[01Jan2026 20:59:54.112] [Server thread/INFO] [journeymap/]: Loading JourneyMap Forge Configs
[01Jan2026 20:59:54.113] [Thread-1/INFO] [journeymap/]: Loading JourneyMap Forge Configs
[01Jan2026 20:59:54.114] [Thread-1/INFO] [journeymap/]: Loading JourneyMap Forge Configs
[01Jan2026 20:59:54.353] [Server thread/INFO] [net.jadenxgamer.elysium_api.Elysium/]: ElysiumBiomeSource successfully initialized for minecraft:overworld
[01Jan2026 20:59:54.354] [Server thread/INFO] [net.jadenxgamer.elysium_api.Elysium/]: ElysiumBiomeSource successfully initialized for minecraft:the_nether
[01Jan2026 20:59:54.355] [Server thread/INFO] [net.minecraft.server.dedicated.DedicatedServer/]: Preparing level "world"
[01Jan2026 20:59:55.332] [Server thread/WARN] [net.minecraft.network.syncher.SynchedEntityData/]: defineId called for: class com.cerbon.bosses_of_mass_destruction.entity.custom.obsidilith.ObsidilithEntity from class com.cerbon.bosses_of_mass_destruction.entity.custom.obsidilith.ObsidilithUtils
[01Jan2026 20:59:55.336] [Server thread/WARN] [net.minecraft.network.syncher.SynchedEntityData/]: defineId called for: class com.cerbon.bosses_of_mass_destruction.entity.custom.gauntlet.GauntletEntity from class com.cerbon.bosses_of_mass_destruction.projectile.PetalBladeProjectile
[01Jan2026 20:59:55.342] [Server thread/WARN] [net.minecraft.network.syncher.SynchedEntityData/]: defineId called for: class com.cerbon.bosses_of_mass_destruction.entity.util.BaseEntity from class com.cerbon.bosses_of_mass_destruction.entity.custom.void_blossom.hitbox.NetworkedHitboxManager
[01Jan2026 21:00:02.427] [Netty Epoll Server IO #1/INFO] [net.minecraftforge.server.ServerLifecycleHooks/SERVERHOOKS]: Disconnecting Player (server is still starting): literal{Server is still starting! Please wait before reconnecting.}
[01Jan2026 21:00:04.305] [Server thread/INFO] [net.minecraft.server.MinecraftServer/]: Preparing start region for dimension minecraft:overworld
[01Jan2026 21:00:16.420] [Worker-Main-5/INFO] [net.minecraft.server.level.progress.LoggerChunkProgressListener/]: Preparing spawn area: 0%
[01Jan2026 21:00:16.421] [Worker-Main-5/INFO] [net.minecraft.server.level.progress.LoggerChunkProgressListener/]: Preparing spawn area: 0%
[01Jan2026 21:00:16.422] [Worker-Main-3/INFO] [net.minecraft.server.level.progress.LoggerChunkProgressListener/]: Preparing spawn area: 0%
[01Jan2026 21:00:16.423] [Worker-Main-4/INFO] [net.minecraft.server.level.progress.LoggerChunkProgressListener/]: Preparing spawn area: 0%
[01Jan2026 21:00:16.423] [Worker-Main-3/INFO] [net.minecraft.server.level.progress.LoggerChunkProgressListener/]: Preparing spawn area: 0%
[01Jan2026 21:00:16.423] [Worker-Main-3/INFO] [net.minecraft.server.level.progress.LoggerChunkProgressListener/]: Preparing spawn area: 0%
[01Jan2026 21:00:16.424] [Worker-Main-5/INFO] [net.minecraft.server.level.progress.LoggerChunkProgressListener/]: Preparing spawn area: 0%
[01Jan2026 21:00:16.425] [Worker-Main-3/INFO] [net.minecraft.server.level.progress.LoggerChunkProgressListener/]: Preparing spawn area: 0%
[01Jan2026 21:00:16.425] [Worker-Main-3/INFO] [net.minecraft.server.level.progress.LoggerChunkProgressListener/]: Preparing spawn area: 0%
[01Jan2026 21:00:16.427] [Worker-Main-3/INFO] [net.minecraft.server.level.progress.LoggerChunkProgressListener/]: Preparing spawn area: 0%
[01Jan2026 21:00:16.428] [Worker-Main-3/INFO] [net.minecraft.server.level.progress.LoggerChunkProgressListener/]: Preparing spawn area: 0%
[01Jan2026 21:00:16.429] [Worker-Main-3/INFO] [net.minecraft.server.level.progress.LoggerChunkProgressListener/]: Preparing spawn area: 0%
[01Jan2026 21:00:16.430] [Worker-Main-4/INFO] [net.minecraft.server.level.progress.LoggerChunkProgressListener/]: Preparing spawn area: 0%
[01Jan2026 21:00:16.431] [Worker-Main-5/INFO] [net.minecraft.server.level.progress.LoggerChunkProgressListener/]: Preparing spawn area: 0%
[01Jan2026 21:00:16.432] [Worker-Main-5/INFO] [net.minecraft.server.level.progress.LoggerChunkProgressListener/]: Preparing spawn area: 0%
[01Jan2026 21:00:16.434] [Worker-Main-3/INFO] [net.minecraft.server.level.progress.LoggerChunkProgressListener/]: Preparing spawn area: 0%
[01Jan2026 21:00:16.436] [Worker-Main-4/INFO] [net.minecraft.server.level.progress.LoggerChunkProgressListener/]: Preparing spawn area: 0%
[01Jan2026 21:00:16.436] [Worker-Main-4/INFO] [net.minecraft.server.level.progress.LoggerChunkProgressListener/]: Preparing spawn area: 0%
[01Jan2026 21:00:16.437] [Worker-Main-4/INFO] [net.minecraft.server.level.progress.LoggerChunkProgressListener/]: Preparing spawn area: 0%
[01Jan2026 21:00:16.438] [Worker-Main-4/INFO] [net.minecraft.server.level.progress.LoggerChunkProgressListener/]: Preparing spawn area: 0%
[01Jan2026 21:00:16.438] [Worker-Main-4/INFO] [net.minecraft.server.level.progress.LoggerChunkProgressListener/]: Preparing spawn area: 0%
[01Jan2026 21:00:16.439] [Worker-Main-3/INFO] [net.minecraft.server.level.progress.LoggerChunkProgressListener/]: Preparing spawn area: 0%
[01Jan2026 21:00:16.439] [Worker-Main-3/INFO] [net.minecraft.server.level.progress.LoggerChunkProgressListener/]: Preparing spawn area: 0%
[01Jan2026 21:00:16.441] [Worker-Main-3/INFO] [net.minecraft.server.level.progress.LoggerChunkProgressListener/]: Preparing spawn area: 0%
[01Jan2026 21:00:16.442] [Worker-Main-5/INFO] [net.minecraft.server.level.progress.LoggerChunkProgressListener/]: Preparing spawn area: 0%
[01Jan2026 21:00:16.806] [Worker-Main-3/INFO] [net.minecraft.server.level.progress.LoggerChunkProgressListener/]: Preparing spawn area: 2%
[01Jan2026 21:00:17.306] [Worker-Main-5/INFO] [net.minecraft.server.level.progress.LoggerChunkProgressListener/]: Preparing spawn area: 46%
[01Jan2026 21:00:17.641] [Server thread/INFO] [net.minecraft.server.level.progress.LoggerChunkProgressListener/]: Time elapsed: 13336 ms
[01Jan2026 21:00:17.642] [Server thread/INFO] [net.minecraft.server.dedicated.DedicatedServer/]: Done (23.534s)! For help, type "help"
[01Jan2026 21:00:17.717] [Server thread/INFO] [net.minecraftforge.server.permission.PermissionAPI/]: Successfully initialized permission handler forge:default_handler
[01Jan2026 21:00:17.753] [Server thread/INFO] [tn.naizo.jauml.JaumlCore/]: HELLO from server starting
[01Jan2026 21:00:17.754] [Server thread/INFO] [com.github.alexthe666.iceandfire.IceAndFire/]: {iceandfire:fire_dragon_roost=true, iceandfire:fire_lily=true, iceandfire:spawn_dragon_skeleton_fire=true, iceandfire:lightning_dragon_roost=true, iceandfire:spawn_dragon_skeleton_lightning=true, iceandfire:ice_dragon_roost=true, iceandfire:ice_dragon_cave=true, iceandfire:lightning_dragon_cave=true, iceandfire:cyclops_cave=true, iceandfire:spawn_wandering_cyclops=true, iceandfire:spawn_sea_serpent=true, iceandfire:frost_lily=true, iceandfire:hydra_cave=true, iceandfire:lightning_lily=true, iceandfire:pixie_village=true, iceandfire:myrmex_hive_jungle=true, iceandfire:myrmex_hive_desert=true, iceandfire:silver_ore=true, iceandfire:siren_island=true, iceandfire:spawn_dragon_skeleton_ice=true, iceandfire:spawn_stymphalian_bird=true, iceandfire:fire_dragon_cave=true, iceandfire:sapphire_ore=true, iceandfire:spawn_hippocampus=true, iceandfire:spawn_death_worm=true}
[01Jan2026 21:00:17.754] [Server thread/INFO] [com.github.alexthe666.iceandfire.IceAndFire/]: {TROLL_S=true, HIPPOGRYPH=true, AMPHITHERE=true, COCKATRICE=true, TROLL_M=true, DREAD_LICH=true, TROLL_F=true}
[01Jan2026 21:00:17.755] [Server thread/INFO] [com.finderfeed.fdlib.FDLib/]: Loading FD configs...
[01Jan2026 21:00:17.755] [Server thread/INFO] [com.finderfeed.fdlib.FDLib/]: Loading config fdbosses:bosses
[01Jan2026 21:00:17.756] [Server thread/INFO] [com.finderfeed.fdlib.FDLib/]: Loading config fdbosses:bosses_clientside
[01Jan2026 21:00:17.757] [Server thread/INFO] [com.finderfeed.fdlib.FDLib/]: Loading config fdlib:test
[01Jan2026 21:00:17.757] [Server thread/INFO] [com.finderfeed.fdlib.FDLib/]: Loading config fdlib:fdlib_client
[01Jan2026 21:00:17.757] [Server thread/INFO] [com.finderfeed.fdlib.FDLib/]: Loaded FD configs.
[01Jan2026 21:01:05.998] [Server thread/INFO] [net.minecraft.server.players.PlayerList/]: PedroZ0510[/127.103.16.23:34005] logged in with entity id 1356 at (-83.66375536196398, 121.0, 35.37273693669659)
[01Jan2026 21:01:06.045] [Server thread/INFO] [net.minecraft.server.MinecraftServer/]: PedroZ0510 joined the game
[01Jan2026 21:01:06.262] [Server thread/INFO] [Jade/]: Syncing config to PedroZ0510 (420e572b-e7b9-37f5-bd97-8c9618d914fc)
[01Jan2026 21:01:08.755] [Server thread/INFO] [pingwheel/]: Channel update: PedroZ0510 -> default
[01Jan2026 21:01:22.237] [Server thread/INFO] [ImprovableSkills/]: Sending skill data to PedroZ0510 (420e572b-e7b9-37f5-bd97-8c9618d914fc)
[01Jan2026 21:01:41.340] [Server thread/INFO] [net.minecraft.server.MinecraftServer/]: PedroZ0510 has made the advancement [Strange Encounter]
[01Jan2026 21:02:30.078] [Server thread/INFO] [net.minecraft.server.MinecraftServer/]: PedroZ0510 has reached the goal [Like a bird]
[01Jan2026 21:02:41.039] [Server thread/INFO] [net.minecraft.server.players.PlayerList/]: Criitiical[/127.121.236.240:52251] logged in with entity id 1874 at (-90.02021575448005, 122.0, 20.34214819248015)
[01Jan2026 21:02:41.050] [Server thread/INFO] [net.minecraft.server.MinecraftServer/]: Criitiical joined the game
[01Jan2026 21:02:41.112] [Server thread/INFO] [Jade/]: Syncing config to Criitiical (3c39c26e-af91-3f82-bbdd-8c953053e9d4)
[01Jan2026 21:02:44.906] [Server thread/INFO] [pingwheel/]: Channel update: Criitiical -> default
[01Jan2026 21:03:00.235] [Server thread/INFO] [ImprovableSkills/]: Sending skill data to Criitiical (3c39c26e-af91-3f82-bbdd-8c953053e9d4)
[01Jan2026 21:04:54.277] [Server thread/WARN] [net.minecraft.server.network.ServerGamePacketListenerImpl/]: PedroZ0510 was kicked for floating too long!
[01Jan2026 21:04:54.278] [Server thread/INFO] [net.minecraft.server.network.ServerGamePacketListenerImpl/]: PedroZ0510 lost connection: Disconnected
[01Jan2026 21:04:54.278] [Server thread/INFO] [net.minecraft.server.MinecraftServer/]: PedroZ0510 left the game
[01Jan2026 21:04:54.349] [Server thread/WARN] [net.minecraft.network.Connection/]: handleDisconnection() called twice
[01Jan2026 21:05:03.897] [Server thread/INFO] [net.minecraft.server.players.PlayerList/]: PedroZ0510[/127.103.16.23:58729] logged in with entity id 2422 at (-54.72027828019702, 107.17280655760719, -8.571080503971311)
[01Jan2026 21:05:03.907] [Server thread/INFO] [net.minecraft.server.MinecraftServer/]: PedroZ0510 joined the game
[01Jan2026 21:05:03.959] [Server thread/INFO] [Jade/]: Syncing config to PedroZ0510 (420e572b-e7b9-37f5-bd97-8c9618d914fc)
[01Jan2026 21:05:05.385] [Server thread/INFO] [pingwheel/]: Channel update: PedroZ0510 -> default
[01Jan2026 21:05:16.277] [Server thread/INFO] [ImprovableSkills/]: Sending skill data to PedroZ0510 (420e572b-e7b9-37f5-bd97-8c9618d914fc)
[01Jan2026 21:06:11.441] [Server thread/INFO] [net.minecraft.server.network.ServerGamePacketListenerImpl/]: Criitiical lost connection: Timed out
[01Jan2026 21:06:11.441] [Server thread/INFO] [net.minecraft.server.MinecraftServer/]: Criitiical left the game
[01Jan2026 21:06:19.597] [Worker-Main-5/ERROR] [net.minecraft.world.level.levelgen.structure.pools.JigsawPlacement/]: No starting jigsaw fdbosses:malkuth_arena_part_1 found in start pool fdbosses:malkuth_arena
[01Jan2026 21:06:20.705] [Worker-Main-3/WARN] [net.minecraft.server.level.WorldGenRegion/]: Tried to access a block entity before it was created. BlockPos{x=10, y=-33, z=-402}
[01Jan2026 21:07:00.136] [Worker-Main-5/ERROR] [net.minecraft.world.entity.decoration.HangingEntity/]: Hanging entity at invalid position: BlockPos{x=-423, y=-50, z=-211}
[01Jan2026 21:07:00.138] [Worker-Main-5/ERROR] [net.minecraft.world.entity.decoration.HangingEntity/]: Hanging entity at invalid position: BlockPos{x=-420, y=-50, z=-211}
[01Jan2026 21:07:00.151] [Worker-Main-5/ERROR] [net.minecraft.world.entity.decoration.HangingEntity/]: Hanging entity at invalid position: BlockPos{x=-291, y=-57, z=-315}
[01Jan2026 21:07:00.152] [Worker-Main-5/ERROR] [net.minecraft.world.entity.decoration.HangingEntity/]: Hanging entity at invalid position: BlockPos{x=-295, y=-57, z=-315}
[01Jan2026 21:07:00.152] [Worker-Main-5/ERROR] [net.minecraft.world.entity.decoration.HangingEntity/]: Hanging entity at invalid position: BlockPos{x=-293, y=-57, z=-315}
[01Jan2026 21:07:00.293] [Worker-Main-5/ERROR] [net.minecraft.world.level.block.entity.SculkShriekerBlockEntity/]: No key selector in MapLike[{event_delay:0,event_distance:0.0f,range:8,source:{pos:[I;-425,-56,-205],type:"minecraft:block"}}]
[01Jan2026 21:07:00.299] [Worker-Main-5/ERROR] [net.minecraft.world.entity.decoration.HangingEntity/]: Hanging entity at invalid position: BlockPos{x=-318, y=-45, z=-204}
[01Jan2026 21:07:00.299] [Worker-Main-5/ERROR] [net.minecraft.world.entity.decoration.HangingEntity/]: Hanging entity at invalid position: BlockPos{x=-320, y=-45, z=-203}
[01Jan2026 21:07:00.299] [Worker-Main-5/ERROR] [net.minecraft.world.entity.decoration.HangingEntity/]: Hanging entity at invalid position: BlockPos{x=-318, y=-45, z=-202}
[01Jan2026 21:07:00.305] [Worker-Main-5/ERROR] [net.minecraft.world.entity.decoration.HangingEntity/]: Hanging entity at invalid position: BlockPos{x=-292, y=-57, z=-313}
[01Jan2026 21:07:00.306] [Worker-Main-5/ERROR] [net.minecraft.world.entity.decoration.HangingEntity/]: Hanging entity at invalid position: BlockPos{x=-294, y=-57, z=-313}
[01Jan2026 21:07:00.306] [Worker-Main-5/ERROR] [net.minecraft.world.entity.decoration.HangingEntity/]: Hanging entity at invalid position: BlockPos{x=-296, y=-57, z=-313}
[01Jan2026 21:07:05.648] [Worker-Main-3/ERROR] [net.minecraft.world.entity.decoration.HangingEntity/]: Hanging entity at invalid position: BlockPos{x=-413, y=-49, z=-217}
[01Jan2026 21:07:05.675] [Worker-Main-3/ERROR] [net.minecraft.world.entity.decoration.HangingEntity/]: Hanging entity at invalid position: BlockPos{x=-418, y=-50, z=-208}
[01Jan2026 21:07:11.245] [Worker-Main-5/ERROR] [net.minecraft.world.entity.decoration.HangingEntity/]: Hanging entity at invalid position: BlockPos{x=202, y=47, z=211}
[01Jan2026 21:07:49.591] [Server thread/INFO] [net.minecraft.server.MinecraftServer/]: PedroZ0510 has reached the goal [Fortuitous Militia]
[01Jan2026 21:10:48.306] [Server thread/INFO] [net.minecraft.server.players.PlayerList/]: Criitiical[/127.121.236.240:34749] logged in with entity id 5187 at (-74.17112238982996, 121.5, 60.93543913362001)
[01Jan2026 21:10:48.315] [Server thread/INFO] [net.minecraft.server.MinecraftServer/]: Criitiical joined the game
[01Jan2026 21:10:48.365] [Server thread/INFO] [Jade/]: Syncing config to Criitiical (3c39c26e-af91-3f82-bbdd-8c953053e9d4)
[01Jan2026 21:10:52.954] [Server thread/INFO] [pingwheel/]: Channel update: Criitiical -> default
[01Jan2026 21:11:16.526] [Server thread/INFO] [ImprovableSkills/]: Sending skill data to Criitiical (3c39c26e-af91-3f82-bbdd-8c953053e9d4)
[01Jan2026 21:12:32.152] [Server thread/WARN] [net.minecraft.server.MinecraftServer/]: Can't keep up! Is the server overloaded? Running 2044ms or 40 ticks behind
[01Jan2026 21:12:53.521] [Server thread/WARN] [net.minecraft.server.MinecraftServer/]: Can't keep up! Is the server overloaded? Running 6413ms or 128 ticks behind
[01Jan2026 21:13:14.115] [Server thread/WARN] [net.minecraft.server.MinecraftServer/]: Can't keep up! Is the server overloaded? Running 5607ms or 112 ticks behind
[01Jan2026 21:19:41.474] [Server thread/WARN] [net.minecraft.server.level.ServerPlayerGameMode/]: Mismatch in destroy block pos: BlockPos{x=-76, y=103, z=48} BlockPos{x=-77, y=103, z=48}
[01Jan2026 21:19:41.526] [Server thread/WARN] [net.minecraft.server.level.ServerPlayerGameMode/]: Mismatch in destroy block pos: BlockPos{x=-76, y=103, z=48} BlockPos{x=-77, y=103, z=48}
[01Jan2026 21:22:26.006] [Server thread/WARN] [tombstone/]: The death event of the player Criitiical was canceled by another mod
[01Jan2026 21:22:26.008] [Server thread/INFO] [tombstone/]: The player Criitiical has successfully been saved
[01Jan2026 21:23:00.210] [Worker-Main-3/ERROR] [net.minecraft.world.level.levelgen.structure.pools.JigsawPlacement/]: No starting jigsaw fdbosses:malkuth_arena_part_1 found in start pool fdbosses:malkuth_arena
[01Jan2026 21:27:24.648] [Server thread/WARN] [net.minecraft.server.MinecraftServer/]: Can't keep up! Is the server overloaded? Running 2040ms or 40 ticks behind
[01Jan2026 21:27:46.992] [Server thread/WARN] [net.minecraft.server.MinecraftServer/]: Can't keep up! Is the server overloaded? Running 7383ms or 147 ticks behind
[01Jan2026 21:27:49.444] [Worker-Main-3/WARN] [net.minecraft.world.level.levelgen.structure.pools.JigsawPlacement/]: Empty or non-existent pool: minecraft:minecraft_empty
[01Jan2026 21:27:49.460] [Worker-Main-3/WARN] [net.minecraft.world.level.levelgen.structure.pools.JigsawPlacement/]: Empty or non-existent pool: minecraft:minecraft_empty
[01Jan2026 21:27:49.461] [Worker-Main-3/WARN] [net.minecraft.world.level.levelgen.structure.pools.JigsawPlacement/]: Empty or non-existent pool: minecraft:minecraft_empty
[01Jan2026 21:27:49.461] [Worker-Main-3/WARN] [net.minecraft.world.level.levelgen.structure.pools.JigsawPlacement/]: Empty or non-existent pool: minecraft:minecraft_empty
[01Jan2026 21:28:08.818] [Server thread/WARN] [net.minecraft.server.MinecraftServer/]: Can't keep up! Is the server overloaded? Running 6860ms or 137 ticks behind
[01Jan2026 21:29:02.229] [Worker-Main-3/ERROR] [net.minecraft.world.entity.decoration.HangingEntity/]: Hanging entity at invalid position: BlockPos{x=-192, y=-54, z=-74}
[01Jan2026 21:29:02.230] [Worker-Main-3/ERROR] [net.minecraft.world.entity.decoration.HangingEntity/]: Hanging entity at invalid position: BlockPos{x=-192, y=-50, z=-77}
[01Jan2026 21:29:02.230] [Worker-Main-3/ERROR] [net.minecraft.world.entity.decoration.HangingEntity/]: Hanging entity at invalid position: BlockPos{x=-187, y=-50, z=-72}
[01Jan2026 21:29:02.231] [Worker-Main-3/ERROR] [net.minecraft.world.entity.decoration.HangingEntity/]: Hanging entity at invalid position: BlockPos{x=-184, y=-45, z=-75}
[01Jan2026 21:29:02.245] [Worker-Main-3/ERROR] [net.minecraft.world.entity.decoration.HangingEntity/]: Hanging entity at invalid position: BlockPos{x=-292, y=-57, z=-313}
[01Jan2026 21:29:02.248] [Worker-Main-3/ERROR] [net.minecraft.world.entity.decoration.HangingEntity/]: Hanging entity at invalid position: BlockPos{x=-294, y=-57, z=-313}
[01Jan2026 21:29:02.248] [Worker-Main-3/ERROR] [net.minecraft.world.entity.decoration.HangingEntity/]: Hanging entity at invalid position: BlockPos{x=-296, y=-57, z=-313}
[01Jan2026 21:29:02.285] [Worker-Main-5/ERROR] [net.minecraft.world.entity.decoration.HangingEntity/]: Hanging entity at invalid position: BlockPos{x=-177, y=-55, z=-77}
[01Jan2026 21:29:02.286] [Worker-Main-5/ERROR] [net.minecraft.world.entity.decoration.HangingEntity/]: Hanging entity at invalid position: BlockPos{x=-181, y=-50, z=-73}
[01Jan2026 21:29:02.286] [Worker-Main-5/ERROR] [net.minecraft.world.entity.decoration.HangingEntity/]: Hanging entity at invalid position: BlockPos{x=-182, y=-45, z=-75}
[01Jan2026 21:29:02.286] [Worker-Main-5/ERROR] [net.minecraft.world.entity.decoration.HangingEntity/]: Hanging entity at invalid position: BlockPos{x=-172, y=-54, z=-70}
[01Jan2026 21:29:05.165] [Worker-Main-4/ERROR] [net.minecraft.world.entity.decoration.HangingEntity/]: Hanging entity at invalid position: BlockPos{x=-195, y=-54, z=-92}
[01Jan2026 21:29:05.166] [Worker-Main-4/ERROR] [net.minecraft.world.entity.decoration.HangingEntity/]: Hanging entity at invalid position: BlockPos{x=-192, y=-54, z=-88}
[01Jan2026 21:29:05.166] [Worker-Main-4/ERROR] [net.minecraft.world.entity.decoration.HangingEntity/]: Hanging entity at invalid position: BlockPos{x=-192, y=-50, z=-85}
[01Jan2026 21:29:05.167] [Worker-Main-4/ERROR] [net.minecraft.world.entity.decoration.HangingEntity/]: Hanging entity at invalid position: BlockPos{x=-183, y=-51, z=-89}
[01Jan2026 21:29:05.167] [Worker-Main-4/ERROR] [net.minecraft.world.entity.decoration.HangingEntity/]: Hanging entity at invalid position: BlockPos{x=-186, y=-50, z=-90}
[01Jan2026 21:29:05.168] [Worker-Main-4/ERROR] [net.minecraft.world.entity.decoration.HangingEntity/]: Hanging entity at invalid position: BlockPos{x=-186, y=-45, z=-87}
[01Jan2026 21:29:05.168] [Worker-Main-4/ERROR] [net.minecraft.world.entity.decoration.HangingEntity/]: Hanging entity at invalid position: BlockPos{x=-189, y=-45, z=-84}
[01Jan2026 21:29:05.175] [Worker-Main-4/ERROR] [net.minecraft.world.entity.decoration.HangingEntity/]: Hanging entity at invalid position: BlockPos{x=-291, y=-57, z=-315}
[01Jan2026 21:29:05.175] [Worker-Main-4/ERROR] [net.minecraft.world.entity.decoration.HangingEntity/]: Hanging entity at invalid position: BlockPos{x=-295, y=-57, z=-315}
[01Jan2026 21:29:05.175] [Worker-Main-4/ERROR] [net.minecraft.world.entity.decoration.HangingEntity/]: Hanging entity at invalid position: BlockPos{x=-293, y=-57, z=-315}
[01Jan2026 21:29:05.234] [Worker-Main-3/ERROR] [net.minecraft.world.entity.decoration.HangingEntity/]: Hanging entity at invalid position: BlockPos{x=-178, y=-45, z=-85}
[01Jan2026 21:29:05.235] [Worker-Main-3/ERROR] [net.minecraft.world.entity.decoration.HangingEntity/]: Hanging entity at invalid position: BlockPos{x=-178, y=-41, z=-89}
[01Jan2026 21:29:05.235] [Worker-Main-3/ERROR] [net.minecraft.world.entity.decoration.HangingEntity/]: Hanging entity at invalid position: BlockPos{x=-172, y=-54, z=-92}
[01Jan2026 21:29:05.236] [Worker-Main-3/ERROR] [net.minecraft.world.entity.decoration.HangingEntity/]: Hanging entity at invalid position: BlockPos{x=-172, y=-54, z=-93}
[01Jan2026 21:29:05.237] [Worker-Main-3/ERROR] [net.minecraft.world.entity.decoration.HangingEntity/]: Hanging entity at invalid position: BlockPos{x=-175, y=-41, z=-90}
[01Jan2026 21:29:46.345] [Server thread/INFO] [net.minecraft.server.MinecraftServer/]: Criitiical has made the advancement [The day of the Dead]
[01Jan2026 21:33:43.978] [Worker-Main-5/ERROR] [net.minecraft.world.level.levelgen.structure.pools.JigsawPlacement/]: No starting jigsaw fdbosses:malkuth_arena_part_1 found in start pool fdbosses:malkuth_arena
[01Jan2026 21:36:52.376] [Worker-Main-5/ERROR] [net.minecraft.world.entity.decoration.HangingEntity/]: Hanging entity at invalid position: BlockPos{x=202, y=47, z=211}
[01Jan2026 21:37:29.244] [Server thread/INFO] [net.minecraft.server.MinecraftServer/]: PedroZ0510 has made the advancement [Shouldn't We Cook It First?]
[01Jan2026 21:37:36.038] [Worker-Main-5/ERROR] [net.minecraft.world.level.levelgen.structure.pools.JigsawPlacement/]: No starting jigsaw fdbosses:malkuth_arena_part_1 found in start pool fdbosses:malkuth_arena
[01Jan2026 21:37:40.098] [Worker-Main-4/ERROR] [net.minecraft.world.level.levelgen.structure.pools.JigsawPlacement/]: No starting jigsaw fdbosses:malkuth_arena_part_1 found in start pool fdbosses:malkuth_arena
[01Jan2026 21:39:36.566] [Worker-Main-4/WARN] [net.minecraft.server.level.WorldGenRegion/]: Tried to access a block entity before it was created. BlockPos{x=2687, y=0, z=-4562}
[01Jan2026 21:39:40.461] [Server thread/INFO] [net.minecraft.server.MinecraftServer/]: Criitiical has made the advancement [The Lighthouse]
[01Jan2026 21:40:28.266] [Server thread/WARN] [net.minecraft.server.MinecraftServer/]: Can't keep up! Is the server overloaded? Running 2008ms or 40 ticks behind
[01Jan2026 21:40:34.348] [Server thread/INFO] [net.minecraft.server.MinecraftServer/]: Criitiical has made the advancement [Ice Bucket Challenge]
[01Jan2026 21:40:36.161] [Worker-Main-5/ERROR] [net.minecraft.world.entity.decoration.HangingEntity/]: Hanging entity at invalid position: BlockPos{x=569, y=-12, z=-241}
[01Jan2026 21:40:36.161] [Worker-Main-5/ERROR] [net.minecraft.world.entity.decoration.HangingEntity/]: Hanging entity at invalid position: BlockPos{x=569, y=-12, z=-242}
[01Jan2026 21:40:36.190] [Worker-Main-3/ERROR] [net.minecraft.world.entity.decoration.HangingEntity/]: Hanging entity at invalid position: BlockPos{x=562, y=-26, z=-242}
[01Jan2026 21:40:36.191] [Worker-Main-3/ERROR] [net.minecraft.world.entity.decoration.HangingEntity/]: Hanging entity at invalid position: BlockPos{x=562, y=-12, z=-242}
[01Jan2026 21:40:36.191] [Worker-Main-3/ERROR] [net.minecraft.world.entity.decoration.HangingEntity/]: Hanging entity at invalid position: BlockPos{x=563, y=-13, z=-242}
[01Jan2026 21:41:18.419] [Server thread/INFO] [net.minecraft.server.MinecraftServer/]: Criitiical has made the advancement [We Need to Go Deeper]
[01Jan2026 21:41:18.420] [Server thread/INFO] [net.minecraft.server.MinecraftServer/]: Criitiical has made the advancement [Incendium]
[01Jan2026 21:41:20.990] [Worker-Main-4/ERROR] [net.minecraft.Util/]: Detected setBlock in a far chunk [182, -275], pos: MutableBlockPos{x=2923, y=85, z=-4400}, status: minecraft:features, currently generating: ResourceKey[minecraft:worldgen/placed_feature / hearths:minecraft/nether_wastes/netherrack_lakes]
[01Jan2026 21:41:20.991] [Worker-Main-4/ERROR] [net.minecraft.Util/]: Detected setBlock in a far chunk [183, -275], pos: MutableBlockPos{x=2935, y=60, z=-4400}, status: minecraft:features, currently generating: ResourceKey[minecraft:worldgen/placed_feature / hearths:minecraft/nether_wastes/netherrack_lakes]
[01Jan2026 21:41:20.991] [Worker-Main-4/ERROR] [net.minecraft.Util/]: Detected setBlock in a far chunk [183, -275], pos: MutableBlockPos{x=2936, y=60, z=-4399}, status: minecraft:features, currently generating: ResourceKey[minecraft:worldgen/placed_feature / hearths:minecraft/nether_wastes/netherrack_lakes]
[01Jan2026 21:41:20.991] [Worker-Main-4/ERROR] [net.minecraft.Util/]: Detected setBlock in a far chunk [183, -275], pos: MutableBlockPos{x=2935, y=61, z=-4398}, status: minecraft:features, currently generating: ResourceKey[minecraft:worldgen/placed_feature / hearths:minecraft/nether_wastes/netherrack_lakes]
[01Jan2026 21:41:20.991] [Worker-Main-4/ERROR] [net.minecraft.Util/]: Detected setBlock in a far chunk [183, -275], pos: MutableBlockPos{x=2938, y=61, z=-4400}, status: minecraft:features, currently generating: ResourceKey[minecraft:worldgen/placed_feature / hearths:minecraft/nether_wastes/netherrack_lakes]
[01Jan2026 21:41:21.433] [Server thread/INFO] [net.minecraft.server.MinecraftServer/]: Criitiical has made the advancement [Darude - Firestorm]
[01Jan2026 21:41:21.433] [Server thread/INFO] [net.minecraft.server.MinecraftServer/]: Criitiical has made the advancement [Strange Biomes]
[01Jan2026 21:41:21.441] [Server thread/WARN] [net.minecraft.server.network.ServerGamePacketListenerImpl/]: PedroZ0510 moved too quickly! 9.812883920167224,-1.7999999999998977,-1.907282419780131
[01Jan2026 21:41:21.454] [Server thread/WARN] [net.minecraft.server.MinecraftServer/]: Can't keep up! Is the server overloaded? Running 6996ms or 139 ticks behind
[01Jan2026 21:41:37.215] [Worker-Main-5/ERROR] [net.minecraft.world.entity.decoration.HangingEntity/]: Hanging entity at invalid position: BlockPos{x=559, y=-26, z=-250}
[01Jan2026 21:41:37.217] [Worker-Main-5/ERROR] [net.minecraft.world.entity.decoration.HangingEntity/]: Hanging entity at invalid position: BlockPos{x=563, y=-26, z=-248}
[01Jan2026 21:41:37.219] [Worker-Main-5/ERROR] [net.minecraft.world.entity.decoration.HangingEntity/]: Hanging entity at invalid position: BlockPos{x=563, y=-12, z=-248}
[01Jan2026 21:41:37.219] [Worker-Main-5/ERROR] [net.minecraft.world.entity.decoration.HangingEntity/]: Hanging entity at invalid position: BlockPos{x=563, y=-12, z=-249}
[01Jan2026 21:41:37.348] [Worker-Main-5/ERROR] [net.minecraft.world.entity.decoration.HangingEntity/]: Hanging entity at invalid position: BlockPos{x=569, y=-13, z=-248}
[01Jan2026 21:41:40.748] [Server thread/WARN] [net.minecraft.server.level.ServerLevel/]: Tried to add entity realmrpg_demons:demon_lord but it was marked as removed already
[01Jan2026 21:41:58.336] [Worker-Main-4/ERROR] [net.minecraft.world.entity.decoration.HangingEntity/]: Hanging entity at invalid position: BlockPos{x=202, y=47, z=211}
[01Jan2026 21:43:11.257] [Worker-Main-3/ERROR] [net.minecraft.world.level.levelgen.structure.pools.JigsawPlacement/]: No starting jigsaw fdbosses:malkuth_arena_part_1 found in start pool fdbosses:malkuth_arena
[01Jan2026 21:44:14.193] [Server thread/WARN] [net.minecraft.server.MinecraftServer/]: Can't keep up! Is the server overloaded? Running 2535ms or 50 ticks behind
[01Jan2026 21:45:05.538] [Server thread/INFO] [net.minecraft.server.MinecraftServer/]: PedroZ0510 has made the advancement [All Along The Watchtower]
[01Jan2026 21:45:07.907] [Server thread/INFO] [net.minecraft.server.MinecraftServer/]: Criitiical has made the advancement [All Along The Watchtower]
[01Jan2026 21:46:26.820] [Server thread/WARN] [tombstone/]: The death event of the player Criitiical was canceled by another mod
[01Jan2026 21:46:26.835] [Server thread/INFO] [tombstone/]: The player Criitiical has successfully been saved
[01Jan2026 21:48:35.841] [Server thread/INFO] [net.minecraft.server.MinecraftServer/]: Criitiical has reached the goal [Dark Creator]
[01Jan2026 21:53:12.158] [Server thread/INFO] [net.minecraft.server.MinecraftServer/]: Criitiical has reached the goal [Exorcism]
[01Jan2026 21:54:02.163] [Worker-Main-3/ERROR] [net.minecraft.world.level.levelgen.structure.pools.JigsawPlacement/]: No starting jigsaw fdbosses:malkuth_arena_part_1 found in start pool fdbosses:malkuth_arena
[01Jan2026 21:55:15.942] [Worker-Main-4/ERROR] [net.minecraft.world.level.levelgen.structure.pools.JigsawPlacement/]: No starting jigsaw fdbosses:malkuth_arena_part_1 found in start pool fdbosses:malkuth_arena
[01Jan2026 21:56:44.521] [Server thread/INFO] [net.minecraft.server.MinecraftServer/]: Criitiical has reached the goal [Ice Scream]
[01Jan2026 21:56:52.527] [Server thread/INFO] [net.minecraft.world.entity.npc.Villager/]: Villager Villager['Unemployed'/28707, l='ServerLevel[world]', x=2754.72, y=65.00, z=-5558.37] died, message: 'Unemployed suffocated in a wall'
[01Jan2026 21:57:44.935] [Server thread/INFO] [net.minecraft.server.MinecraftServer/]: PedroZ0510 has made the advancement [Ice Bucket Challenge]
[01Jan2026 21:57:45.084] [Server thread/WARN] [net.minecraft.server.level.ServerPlayerGameMode/]: Mismatch in destroy block pos: BlockPos{x=2801, y=64, z=-5414} BlockPos{x=2801, y=63, z=-5413}
[01Jan2026 21:57:45.133] [Server thread/WARN] [net.minecraft.server.level.ServerPlayerGameMode/]: Mismatch in destroy block pos: BlockPos{x=2801, y=64, z=-5414} BlockPos{x=2801, y=63, z=-5413}
[01Jan2026 21:58:15.544] [Server thread/INFO] [net.minecraft.world.entity.npc.Villager/]: Villager Villager['Unemployed'/28814, l='ServerLevel[world]', x=2793.37, y=64.56, z=-5587.28] died, message: 'Unemployed suffocated in a wall'
[01Jan2026 21:58:50.327] [Server thread/INFO] [net.minecraft.world.entity.npc.Villager/]: Villager Villager['Armorer'/28730, l='ServerLevel[world]', x=2826.47, y=66.55, z=-5587.12] died, message: 'Armorer was slain by Ice Dragon'
[01Jan2026 21:59:12.940] [Server thread/INFO] [net.minecraft.server.MinecraftServer/]: Criitiical has made the advancement [Another Brick in the Wall]
[01Jan2026 21:59:55.397] [Server thread/INFO] [net.minecraft.server.MinecraftServer/]: Criitiical has made the advancement [The Song of the Dragons]
[01Jan2026 22:01:10.034] [Server thread/INFO] [net.minecraft.server.MinecraftServer/]: PedroZ0510 has made the advancement [Book of Monsters]
[01Jan2026 22:02:13.684] [Server thread/INFO] [net.minecraft.server.MinecraftServer/]: PedroZ0510 has made the advancement [What a Deal!]
[01Jan2026 22:02:14.392] [Server thread/INFO] [net.minecraft.server.MinecraftServer/]: PedroZ0510 has made the advancement [Suit Up]
[01Jan2026 22:04:04.202] [Server thread/INFO] [net.minecraft.server.MinecraftServer/]: PedroZ0510 has made the advancement [Would you Like to Know More?]
[01Jan2026 22:05:26.553] [Worker-Main-5/ERROR] [net.minecraft.world.entity.decoration.HangingEntity/]: Hanging entity at invalid position: BlockPos{x=-192, y=-54, z=-74}
[01Jan2026 22:05:26.554] [Worker-Main-5/ERROR] [net.minecraft.world.entity.decoration.HangingEntity/]: Hanging entity at invalid position: BlockPos{x=-192, y=-50, z=-77}
[01Jan2026 22:05:26.554] [Worker-Main-5/ERROR] [net.minecraft.world.entity.decoration.HangingEntity/]: Hanging entity at invalid position: BlockPos{x=-187, y=-50, z=-72}
[01Jan2026 22:05:26.554] [Worker-Main-5/ERROR] [net.minecraft.world.entity.decoration.HangingEntity/]: Hanging entity at invalid position: BlockPos{x=-184, y=-45, z=-75}
[01Jan2026 22:05:26.554] [Worker-Main-5/ERROR] [net.minecraft.world.entity.decoration.HangingEntity/]: Hanging entity at invalid position: BlockPos{x=-182, y=-45, z=-75}
[01Jan2026 22:05:26.559] [Worker-Main-5/ERROR] [net.minecraft.world.entity.decoration.HangingEntity/]: Hanging entity at invalid position: BlockPos{x=-292, y=-57, z=-313}
[01Jan2026 22:05:26.559] [Worker-Main-5/ERROR] [net.minecraft.world.entity.decoration.HangingEntity/]: Hanging entity at invalid position: BlockPos{x=-294, y=-57, z=-313}
[01Jan2026 22:05:26.559] [Worker-Main-5/ERROR] [net.minecraft.world.entity.decoration.HangingEntity/]: Hanging entity at invalid position: BlockPos{x=-296, y=-57, z=-313}
[01Jan2026 22:05:26.573] [Worker-Main-4/ERROR] [net.minecraft.world.entity.decoration.HangingEntity/]: Hanging entity at invalid position: BlockPos{x=-177, y=-55, z=-77}
[01Jan2026 22:05:26.574] [Worker-Main-4/ERROR] [net.minecraft.world.entity.decoration.HangingEntity/]: Hanging entity at invalid position: BlockPos{x=-181, y=-50, z=-73}
[01Jan2026 22:05:26.574] [Worker-Main-4/ERROR] [net.minecraft.world.entity.decoration.HangingEntity/]: Hanging entity at invalid position: BlockPos{x=-172, y=-54, z=-70}
[01Jan2026 22:05:32.713] [Worker-Main-3/ERROR] [net.minecraft.world.entity.decoration.HangingEntity/]: Hanging entity at invalid position: BlockPos{x=-178, y=-45, z=-85}
[01Jan2026 22:05:32.713] [Worker-Main-3/ERROR] [net.minecraft.world.entity.decoration.HangingEntity/]: Hanging entity at invalid position: BlockPos{x=-178, y=-41, z=-89}
[01Jan2026 22:05:32.714] [Worker-Main-3/ERROR] [net.minecraft.world.entity.decoration.HangingEntity/]: Hanging entity at invalid position: BlockPos{x=-172, y=-54, z=-92}
[01Jan2026 22:05:32.715] [Worker-Main-3/ERROR] [net.minecraft.world.entity.decoration.HangingEntity/]: Hanging entity at invalid position: BlockPos{x=-172, y=-54, z=-93}
[01Jan2026 22:05:32.716] [Worker-Main-3/ERROR] [net.minecraft.world.entity.decoration.HangingEntity/]: Hanging entity at invalid position: BlockPos{x=-175, y=-41, z=-90}
[01Jan2026 22:05:32.791] [Worker-Main-3/ERROR] [net.minecraft.world.entity.decoration.HangingEntity/]: Hanging entity at invalid position: BlockPos{x=-195, y=-54, z=-92}
[01Jan2026 22:05:32.791] [Worker-Main-3/ERROR] [net.minecraft.world.entity.decoration.HangingEntity/]: Hanging entity at invalid position: BlockPos{x=-192, y=-54, z=-88}
[01Jan2026 22:05:32.792] [Worker-Main-3/ERROR] [net.minecraft.world.entity.decoration.HangingEntity/]: Hanging entity at invalid position: BlockPos{x=-192, y=-50, z=-85}
[01Jan2026 22:05:32.792] [Worker-Main-3/ERROR] [net.minecraft.world.entity.decoration.HangingEntity/]: Hanging entity at invalid position: BlockPos{x=-183, y=-51, z=-89}
[01Jan2026 22:05:32.792] [Worker-Main-3/ERROR] [net.minecraft.world.entity.decoration.HangingEntity/]: Hanging entity at invalid position: BlockPos{x=-186, y=-50, z=-90}
[01Jan2026 22:05:32.793] [Worker-Main-3/ERROR] [net.minecraft.world.entity.decoration.HangingEntity/]: Hanging entity at invalid position: BlockPos{x=-186, y=-45, z=-87}
[01Jan2026 22:05:32.793] [Worker-Main-3/ERROR] [net.minecraft.world.entity.decoration.HangingEntity/]: Hanging entity at invalid position: BlockPos{x=-189, y=-45, z=-84}
[01Jan2026 22:05:32.799] [Worker-Main-3/ERROR] [net.minecraft.world.entity.decoration.HangingEntity/]: Hanging entity at invalid position: BlockPos{x=-291, y=-57, z=-315}
[01Jan2026 22:05:32.800] [Worker-Main-3/ERROR] [net.minecraft.world.entity.decoration.HangingEntity/]: Hanging entity at invalid position: BlockPos{x=-295, y=-57, z=-315}
[01Jan2026 22:05:32.800] [Worker-Main-3/ERROR] [net.minecraft.world.entity.decoration.HangingEntity/]: Hanging entity at invalid position: BlockPos{x=-293, y=-57, z=-315}
[01Jan2026 22:05:41.141] [Worker-Main-4/ERROR] [net.minecraft.world.entity.decoration.HangingEntity/]: Hanging entity at invalid position: BlockPos{x=45, y=-15, z=563}
[01Jan2026 22:05:41.155] [Worker-Main-4/ERROR] [net.minecraft.world.entity.decoration.HangingEntity/]: Hanging entity at invalid position: BlockPos{x=42, y=-21, z=573}
[01Jan2026 22:05:41.155] [Worker-Main-4/ERROR] [net.minecraft.world.entity.decoration.HangingEntity/]: Hanging entity at invalid position: BlockPos{x=41, y=-13, z=572}
[01Jan2026 22:05:41.155] [Worker-Main-4/ERROR] [net.minecraft.world.entity.decoration.HangingEntity/]: Hanging entity at invalid position: BlockPos{x=39, y=-9, z=574}
[01Jan2026 22:05:41.156] [Worker-Main-4/ERROR] [net.minecraft.world.entity.decoration.HangingEntity/]: Hanging entity at invalid position: BlockPos{x=42, y=-12, z=572}
[01Jan2026 22:05:41.156] [Worker-Main-4/ERROR] [net.minecraft.world.entity.decoration.HangingEntity/]: Hanging entity at invalid position: BlockPos{x=41, y=-12, z=572}
[01Jan2026 22:05:44.001] [Worker-Main-4/ERROR] [net.minecraft.world.entity.decoration.HangingEntity/]: Hanging entity at invalid position: BlockPos{x=49, y=-21, z=564}
[01Jan2026 22:05:44.002] [Worker-Main-4/ERROR] [net.minecraft.world.entity.decoration.HangingEntity/]: Hanging entity at invalid position: BlockPos{x=49, y=-14, z=566}
[01Jan2026 22:06:26.536] [Server thread/INFO] [net.minecraft.world.entity.npc.Villager/]: Villager Villager['Unemployed'/33150, l='ServerLevel[world]', x=2201.50, y=98.53, z=-5714.50] died, message: 'Unemployed tried to swim in lava'
[01Jan2026 22:06:41.174] [Worker-Main-4/ERROR] [net.minecraft.world.level.levelgen.structure.pools.JigsawPlacement/]: No starting jigsaw fdbosses:malkuth_arena_part_1 found in start pool fdbosses:malkuth_arena
[01Jan2026 22:07:10.336] [Server thread/INFO] [net.minecraft.world.entity.npc.Villager/]: Villager Villager['Unemployed'/32290, l='ServerLevel[world]', x=2430.96, y=68.00, z=-5630.35] died, message: 'Unemployed was slain by Ghost'
[01Jan2026 22:07:22.912] [Server thread/INFO] [net.minecraft.server.MinecraftServer/]: Criitiical has made the advancement [My Name is Nobody]
[01Jan2026 22:07:50.718] [Server thread/INFO] [net.minecraft.world.entity.npc.Villager/]: Villager Villager['Unemployed'/32421, l='ServerLevel[world]', x=2381.02, y=70.00, z=-5641.94] died, message: 'Unemployed was slain by Ghost'
[01Jan2026 22:09:16.227] [Worker-Main-5/ERROR] [net.minecraft.world.entity.decoration.HangingEntity/]: Hanging entity at invalid position: BlockPos{x=-176, y=-50, z=-133}
[01Jan2026 22:09:16.227] [Worker-Main-5/ERROR] [net.minecraft.world.entity.decoration.HangingEntity/]: Hanging entity at invalid position: BlockPos{x=-172, y=-50, z=-135}
[01Jan2026 22:09:20.411] [Worker-Main-4/ERROR] [net.minecraft.world.entity.decoration.HangingEntity/]: Hanging entity at invalid position: BlockPos{x=-187, y=-46, z=-151}
[01Jan2026 22:09:20.411] [Worker-Main-4/ERROR] [net.minecraft.world.entity.decoration.HangingEntity/]: Hanging entity at invalid position: BlockPos{x=-187, y=-46, z=-143}
[01Jan2026 22:09:20.411] [Worker-Main-4/ERROR] [net.minecraft.world.entity.decoration.HangingEntity/]: Hanging entity at invalid position: BlockPos{x=-185, y=-46, z=-142}
[01Jan2026 22:09:20.417] [Worker-Main-4/ERROR] [net.minecraft.world.entity.decoration.HangingEntity/]: Hanging entity at invalid position: BlockPos{x=-291, y=-57, z=-315}
[01Jan2026 22:09:20.417] [Worker-Main-4/ERROR] [net.minecraft.world.entity.decoration.HangingEntity/]: Hanging entity at invalid position: BlockPos{x=-292, y=-57, z=-313}
[01Jan2026 22:09:20.417] [Worker-Main-4/ERROR] [net.minecraft.world.entity.decoration.HangingEntity/]: Hanging entity at invalid position: BlockPos{x=-294, y=-57, z=-313}
[01Jan2026 22:09:20.417] [Worker-Main-4/ERROR] [net.minecraft.world.entity.decoration.HangingEntity/]: Hanging entity at invalid position: BlockPos{x=-296, y=-57, z=-313}
[01Jan2026 22:09:20.417] [Worker-Main-4/ERROR] [net.minecraft.world.entity.decoration.HangingEntity/]: Hanging entity at invalid position: BlockPos{x=-295, y=-57, z=-315}
[01Jan2026 22:09:20.418] [Worker-Main-4/ERROR] [net.minecraft.world.entity.decoration.HangingEntity/]: Hanging entity at invalid position: BlockPos{x=-293, y=-57, z=-315}
[01Jan2026 22:09:32.277] [Server thread/WARN] [net.minecraft.server.MinecraftServer/]: Can't keep up! Is the server overloaded? Running 2019ms or 40 ticks behind
[01Jan2026 22:09:49.462] [Server thread/WARN] [net.minecraft.server.MinecraftServer/]: Can't keep up! Is the server overloaded? Running 2004ms or 40 ticks behind
[01Jan2026 22:10:06.691] [Server thread/WARN] [net.minecraft.server.MinecraftServer/]: Can't keep up! Is the server overloaded? Running 2233ms or 44 ticks behind
[01Jan2026 22:10:24.898] [Server thread/WARN] [net.minecraft.server.MinecraftServer/]: Can't keep up! Is the server overloaded? Running 3240ms or 64 ticks behind
[01Jan2026 22:10:43.346] [Server thread/WARN] [net.minecraft.server.MinecraftServer/]: Can't keep up! Is the server overloaded? Running 3488ms or 69 ticks behind
[01Jan2026 22:11:01.124] [Server thread/WARN] [net.minecraft.server.MinecraftServer/]: Can't keep up! Is the server overloaded? Running 2816ms or 56 ticks behind
[01Jan2026 22:11:20.213] [Server thread/WARN] [net.minecraft.server.MinecraftServer/]: Can't keep up! Is the server overloaded? Running 4105ms or 82 ticks behind
[01Jan2026 22:12:45.402] [Server thread/WARN] [net.minecraft.server.MinecraftServer/]: Can't keep up! Is the server overloaded? Running 2094ms or 41 ticks behind
[01Jan2026 22:13:04.144] [Server thread/WARN] [net.minecraft.server.MinecraftServer/]: Can't keep up! Is the server overloaded? Running 3786ms or 75 ticks behind
[01Jan2026 22:13:04.338] [Worker-Main-4/ERROR] [net.minecraft.world.level.levelgen.structure.pools.JigsawPlacement/]: No starting jigsaw fdbosses:malkuth_arena_part_1 found in start pool fdbosses:malkuth_arena
[01Jan2026 22:13:25.402] [Server thread/INFO] [net.minecraft.server.MinecraftServer/]: Criitiical has reached the goal [Fighting Nightmares]
[01Jan2026 22:13:27.900] [Server thread/INFO] [net.minecraft.server.MinecraftServer/]: Criitiical has made the advancement [Stay dead]
[01Jan2026 22:18:04.649] [Worker-Main-4/ERROR] [net.minecraft.world.level.levelgen.structure.pools.JigsawPlacement/]: No starting jigsaw fdbosses:malkuth_arena_part_1 found in start pool fdbosses:malkuth_arena
[01Jan2026 22:18:26.903] [Worker-Main-3/WARN] [net.minecraft.world.level.levelgen.structure.pools.JigsawPlacement/]: Empty or non-existent pool: dungeons_arise:underworld/foundry/foundry_corridor_gears
[01Jan2026 22:18:26.904] [Worker-Main-3/WARN] [net.minecraft.world.level.levelgen.structure.pools.JigsawPlacement/]: Empty or non-existent pool: dungeons_arise:underworld/foundry/foundry_corridor_gears
[01Jan2026 22:18:26.922] [Worker-Main-3/WARN] [net.minecraft.world.level.levelgen.structure.pools.JigsawPlacement/]: Empty or non-existent pool: dungeons_arise:underworld/foundry/foundry_corridor_gears
[01Jan2026 22:18:26.923] [Worker-Main-3/WARN] [net.minecraft.world.level.levelgen.structure.pools.JigsawPlacement/]: Empty or non-existent pool: dungeons_arise:underworld/foundry/foundry_corridor_gears
[01Jan2026 22:19:17.994] [Worker-Main-4/ERROR] [net.minecraft.world.level.levelgen.structure.pools.JigsawPlacement/]: No starting jigsaw fdbosses:malkuth_arena_part_1 found in start pool fdbosses:malkuth_arena
[01Jan2026 22:20:59.087] [Server thread/INFO] [net.minecraft.server.MinecraftServer/]: PedroZ0510 has completed the challenge [Free Willy]
[01Jan2026 22:21:03.263] [Server thread/INFO] [net.minecraft.server.MinecraftServer/]: Criitiical has completed the challenge [Free Willy]
[01Jan2026 22:23:45.139] [Server thread/WARN] [net.minecraft.server.MinecraftServer/]: Can't keep up! Is the server overloaded? Running 2031ms or 40 ticks behind
[01Jan2026 22:24:04.422] [Server thread/WARN] [net.minecraft.server.network.ServerGamePacketListenerImpl/]: PedroZ0510 moved too quickly! 7.602911277198018,-0.4233779337540966,-6.732267903080356
[01Jan2026 22:24:04.423] [Server thread/WARN] [net.minecraft.server.network.ServerGamePacketListenerImpl/]: Criitiical moved too quickly! 7.7777559195715185,-0.06167315339399693,-6.651199936641206
[01Jan2026 22:24:28.640] [Worker-Main-4/WARN] [net.minecraft.world.level.levelgen.structure.pools.JigsawPlacement/]: Empty or non-existent pool: minecraft:minecraft_empty
[01Jan2026 22:24:28.645] [Worker-Main-4/WARN] [net.minecraft.world.level.levelgen.structure.pools.JigsawPlacement/]: Empty or non-existent pool: minecraft:minecraft_empty
[01Jan2026 22:24:48.667] [Worker-Main-5/ERROR] [net.minecraft.world.level.levelgen.structure.pools.JigsawPlacement/]: No starting jigsaw fdbosses:malkuth_arena_part_1 found in start pool fdbosses:malkuth_arena
[01Jan2026 22:25:16.232] [Worker-Main-5/ERROR] [net.minecraft.world.entity.decoration.HangingEntity/]: Hanging entity at invalid position: BlockPos{x=203, y=48, z=159}
[01Jan2026 22:25:24.394] [Server thread/INFO] [net.minecraft.server.MinecraftServer/]: PedroZ0510 has made the advancement [Versatility]
[01Jan2026 22:26:24.369] [Worker-Main-3/ERROR] [net.minecraft.world.level.levelgen.structure.pools.JigsawPlacement/]: No starting jigsaw fdbosses:malkuth_arena_part_1 found in start pool fdbosses:malkuth_arena
[01Jan2026 22:26:39.510] [Server thread/WARN] [net.minecraft.world.level.chunk.LevelChunk/]: Tried to load a DUMMY block entity @ BlockPos{x=3020, y=37, z=-8261} but found not block entity block Block{minecraft:water}[level=0] at location
[01Jan2026 22:26:39.510] [Server thread/WARN] [net.minecraft.world.level.chunk.LevelChunk/]: Tried to load a block entity for block Block{minecraft:water}[level=0] but failed at location BlockPos{x=3020, y=37, z=-8261}
[01Jan2026 22:29:35.159] [Worker-Main-5/ERROR] [net.minecraft.Util/]: Detected setBlock in a far chunk [170, -541], pos: MutableBlockPos{x=2720, y=107, z=-8651}, status: minecraft:features, currently generating: ResourceKey[minecraft:worldgen/placed_feature / hearths:minecraft/nether_wastes/fire]
[01Jan2026 22:29:35.159] [Worker-Main-5/ERROR] [net.minecraft.Util/]: Detected setBlock in a far chunk [170, -542], pos: MutableBlockPos{x=2720, y=109, z=-8657}, status: minecraft:features, currently generating: ResourceKey[minecraft:worldgen/placed_feature / hearths:minecraft/nether_wastes/fire]
[01Jan2026 22:29:35.489] [Worker-Main-3/ERROR] [net.minecraft.Util/]: Detected setBlock in a far chunk [171, -539], pos: MutableBlockPos{x=2745, y=63, z=-8623}, status: minecraft:features, currently generating: ResourceKey[minecraft:worldgen/placed_feature / hearths:minecraft/nether_wastes/netherrack_lakes]
[01Jan2026 22:29:35.752] [Worker-Main-4/ERROR] [net.minecraft.Util/]: Detected setBlock in a far chunk [171, -538], pos: MutableBlockPos{x=2738, y=52, z=-8608}, status: minecraft:features, currently generating: ResourceKey[minecraft:worldgen/placed_feature / hearths:minecraft/nether_wastes/blackstone_lakes]
[01Jan2026 22:29:35.753] [Worker-Main-4/ERROR] [net.minecraft.Util/]: Detected setBlock in a far chunk [171, -538], pos: MutableBlockPos{x=2745, y=51, z=-8608}, status: minecraft:features, currently generating: ResourceKey[minecraft:worldgen/placed_feature / hearths:minecraft/nether_wastes/blackstone_lakes]
[01Jan2026 22:29:35.800] [Server thread/WARN] [net.minecraft.server.network.ServerGamePacketListenerImpl/]: PedroZ0510 moved too quickly! -6.91258343996742,5.834872571634818,-4.34647929221137
[01Jan2026 22:29:35.817] [Server thread/WARN] [net.minecraft.server.MinecraftServer/]: Can't keep up! Is the server overloaded? Running 8309ms or 166 ticks behind
[01Jan2026 22:30:07.096] [Server thread/INFO] [net.minecraft.world.entity.LivingEntity/]: Named entity Vex['Restless Spirit'/50659, l='ServerLevel[world]', x=367.09, y=84.49, z=-1103.86] died: Restless Spirit starved to death
[01Jan2026 22:30:11.013] [Server thread/INFO] [net.minecraft.world.entity.LivingEntity/]: Named entity Vex['Restless Spirit'/50681, l='ServerLevel[world]', x=376.66, y=103.01, z=-1051.64] died: Restless Spirit starved to death
[01Jan2026 22:30:12.867] [Server thread/INFO] [net.minecraft.world.entity.LivingEntity/]: Named entity Vex['Restless Spirit'/50695, l='ServerLevel[world]', x=401.90, y=87.40, z=-1077.28] died: Restless Spirit starved to death
[01Jan2026 22:30:13.536] [Server thread/INFO] [net.minecraft.world.entity.LivingEntity/]: Named entity Vex['Restless Spirit'/50701, l='ServerLevel[world]', x=269.37, y=38.74, z=-1138.34] died: Restless Spirit starved to death
[01Jan2026 22:30:15.234] [Server thread/INFO] [net.minecraft.world.entity.LivingEntity/]: Named entity Vex['Restless Spirit'/50766, l='ServerLevel[world]', x=288.98, y=80.91, z=-1123.49] died: Restless Spirit starved to death
[01Jan2026 22:30:17.533] [Server thread/INFO] [net.minecraft.world.entity.LivingEntity/]: Named entity Vex['Restless Spirit'/50803, l='ServerLevel[world]', x=404.49, y=85.95, z=-1034.49] died: Restless Spirit starved to death
[01Jan2026 22:30:18.635] [Server thread/INFO] [net.minecraft.world.entity.LivingEntity/]: Named entity Vex['Restless Spirit'/50819, l='ServerLevel[world]', x=403.10, y=161.57, z=-1092.44] died: Restless Spirit starved to death
[01Jan2026 22:30:18.636] [Server thread/INFO] [net.minecraft.world.entity.LivingEntity/]: Named entity Vex['Restless Spirit'/50825, l='ServerLevel[world]', x=417.78, y=169.92, z=-1113.33] died: Restless Spirit starved to death
[01Jan2026 22:30:20.594] [Server thread/INFO] [net.minecraft.world.entity.LivingEntity/]: Named entity Vex['Restless Spirit'/50862, l='ServerLevel[world]', x=411.61, y=162.87, z=-1010.55] died: Restless Spirit starved to death
[01Jan2026 22:30:23.845] [Server thread/INFO] [net.minecraft.world.entity.LivingEntity/]: Named entity Vex['Restless Spirit'/50948, l='ServerLevel[world]', x=389.13, y=114.96, z=-1022.85] died: Restless Spirit starved to death
[01Jan2026 22:30:32.744] [Server thread/INFO] [net.minecraft.world.entity.LivingEntity/]: Named entity Vex['Restless Spirit'/51046, l='ServerLevel[world]', x=357.62, y=105.12, z=-1034.97] died: Restless Spirit starved to death
[01Jan2026 22:30:33.436] [Server thread/WARN] [net.minecraft.server.level.ServerLevel/]: Tried to add entity realmrpg_demons:demon_lord but it was marked as removed already
[01Jan2026 22:30:37.605] [Server thread/INFO] [net.minecraft.world.entity.LivingEntity/]: Named entity Vex['Restless Spirit'/51063, l='ServerLevel[world]', x=385.39, y=108.58, z=-1015.93] died: Restless Spirit starved to death
[01Jan2026 22:31:05.300] [Worker-Main-3/ERROR] [net.minecraft.world.level.levelgen.structure.pools.JigsawPlacement/]: No starting jigsaw fdbosses:malkuth_arena_part_1 found in start pool fdbosses:malkuth_arena
[01Jan2026 22:31:12.550] [Worker-Main-5/ERROR] [net.minecraft.world.entity.decoration.HangingEntity/]: Hanging entity at invalid position: BlockPos{x=-187, y=-46, z=-151}
[01Jan2026 22:31:12.551] [Worker-Main-5/ERROR] [net.minecraft.world.entity.decoration.HangingEntity/]: Hanging entity at invalid position: BlockPos{x=-187, y=-46, z=-143}
[01Jan2026 22:31:12.551] [Worker-Main-5/ERROR] [net.minecraft.world.entity.decoration.HangingEntity/]: Hanging entity at invalid position: BlockPos{x=-185, y=-46, z=-142}
[01Jan2026 22:31:12.555] [Worker-Main-5/ERROR] [net.minecraft.world.entity.decoration.HangingEntity/]: Hanging entity at invalid position: BlockPos{x=-291, y=-57, z=-315}
[01Jan2026 22:31:12.555] [Worker-Main-5/ERROR] [net.minecraft.world.entity.decoration.HangingEntity/]: Hanging entity at invalid position: BlockPos{x=-292, y=-57, z=-313}
[01Jan2026 22:31:12.556] [Worker-Main-5/ERROR] [net.minecraft.world.entity.decoration.HangingEntity/]: Hanging entity at invalid position: BlockPos{x=-294, y=-57, z=-313}
[01Jan2026 22:31:12.556] [Worker-Main-5/ERROR] [net.minecraft.world.entity.decoration.HangingEntity/]: Hanging entity at invalid position: BlockPos{x=-296, y=-57, z=-313}
[01Jan2026 22:31:12.556] [Worker-Main-5/ERROR] [net.minecraft.world.entity.decoration.HangingEntity/]: Hanging entity at invalid position: BlockPos{x=-295, y=-57, z=-315}
[01Jan2026 22:31:12.556] [Worker-Main-5/ERROR] [net.minecraft.world.entity.decoration.HangingEntity/]: Hanging entity at invalid position: BlockPos{x=-293, y=-57, z=-315}
[01Jan2026 22:31:41.741] [Server thread/WARN] [net.minecraft.world.level.storage.loot.LootTable/]: Tried to over-fill a container
[01Jan2026 22:33:45.848] [Worker-Main-4/ERROR] [net.minecraft.world.entity.decoration.HangingEntity/]: Hanging entity at invalid position: BlockPos{x=-176, y=-50, z=-133}
[01Jan2026 22:33:45.848] [Worker-Main-4/ERROR] [net.minecraft.world.entity.decoration.HangingEntity/]: Hanging entity at invalid position: BlockPos{x=-172, y=-50, z=-135}
